customer_id,country,age,gender,membership_tier,registration_date,recency,frequency,monetary,R_score,F_score,M_score,RFM_Score,Segment,churned,data_snapshot_date
C00001,United States,40,Male,Free,2019-01-17,207.0,2.0,511.55,4.0,3.0,4.0,11.0,Loyal Customers,0,2026-03-30
C00002,United States,20,Female,Free,2026-03-04,1.0,4.0,863.6700000000001,5.0,3.0,5.0,13.0,Loyal Customers,0,2026-03-30
C00003,United States,43,Female,Gold,2026-02-08,134.0,3.0,251.44,5.0,3.0,2.0,10.0,Loyal Customers,0,2026-03-30
C00004,United States,41,Male,Free,2025-03-19,,,,,,,,No orders in window,0,2026-03-30
C00005,France,37,Other,Platinum,2024-09-10,137.0,4.0,342.29,5.0,3.0,3.0,11.0,Loyal Customers,0,2026-03-30
C00006,Uae,34,Male,Platinum,2024-04-17,177.0,4.0,297.73,4.0,3.0,3.0,10.0,Loyal Customers,0,2026-03-30
C00007,Canada,25,Male,Silver,2025-09-03,341.0,2.0,671.8599999999999,4.0,3.0,5.0,12.0,Loyal Customers,0,2026-03-30
C00008,Singapore,33,Female,Silver,2025-08-09,621.0,4.0,643.3299999999999,3.0,3.0,5.0,11.0,Loyal Customers,0,2026-03-30
C00009,United States,47,Male,Free,2026-03-18,1314.0,2.0,172.12,1.0,3.0,2.0,6.0,Regular,0,2026-03-30
C00010,United States,18,Male,Free,2025-09-16,1878.0,1.0,328.65,1.0,3.0,3.0,7.0,At Risk,0,2026-03-30
C00011,United States,64,Female,Silver,2025-10-21,16.0,5.0,671.47,5.0,3.0,5.0,13.0,Loyal Customers,0,2026-03-30
C00012,United Kingdom,40,Other,Free,2022-11-18,1113.0,1.0,128.23,1.0,3.0,1.0,5.0,Regular,0,2026-03-30
C00013,United Kingdom,42,Male,Platinum,2026-01-31,727.0,2.0,380.17,2.0,3.0,3.0,8.0,At Risk,0,2026-03-30
C00014,Netherlands,40,Female,Silver,2025-08-25,,,,,,,,No orders in window,0,2026-03-30
C00015,Brazil,52,Male,Silver,2022-12-01,597.0,1.0,151.61,3.0,3.0,2.0,8.0,Loyal Customers,0,2026-03-30
C00016,United States,33,Male,Free,2024-11-24,417.0,2.0,374.82,3.0,3.0,3.0,9.0,Loyal Customers,0,2026-03-30
C00017,United States,29,Female,Free,2023-05-25,160.0,4.0,280.76,4.0,3.0,3.0,10.0,Loyal Customers,0,2026-03-30
C00018,France,36,Male,Gold,2021-12-01,1250.0,1.0,200.74,1.0,3.0,2.0,6.0,Regular,0,2026-03-30
C00019,United States,34,Male,Gold,2021-04-03,101.0,2.0,254.06,5.0,3.0,2.0,10.0,Loyal Customers,0,2026-03-30
C00020,Singapore,18,Male,Free,2016-05-20,742.0,5.0,435.48,2.0,3.0,4.0,9.0,At Risk,1,2026-03-30
C00021,United Kingdom,29,Male,Free,2025-07-30,362.0,4.0,228.55,3.0,3.0,2.0,8.0,Loyal Customers,0,2026-03-30
C00022,Mexico,22,Female,Free,2024-08-16,1047.0,3.0,278.0,2.0,3.0,3.0,8.0,At Risk,0,2026-03-30
C00023,United Kingdom,47,Female,Platinum,2025-01-21,296.0,5.0,787.6600000000001,4.0,3.0,5.0,12.0,Loyal Customers,0,2026-03-30
C00024,Japan,47,Male,Platinum,2024-11-08,116.0,4.0,340.72,5.0,3.0,3.0,11.0,Loyal Customers,0,2026-03-30
C00025,United States,37,Female,Free,2024-07-04,1432.0,2.0,862.8199999999999,1.0,3.0,5.0,9.0,At Risk,0,2026-03-30
C00026,Brazil,50,Female,Free,2023-02-16,567.0,3.0,215.08,3.0,3.0,2.0,8.0,Loyal Customers,1,2026-03-30
C00027,India,30,Male,Free,2026-01-22,62.0,4.0,604.7,5.0,3.0,4.0,12.0,Loyal Customers,0,2026-03-30
C00028,Japan,37,Female,Free,2025-12-20,192.0,2.0,97.23,4.0,3.0,1.0,8.0,Loyal Customers,0,2026-03-30
C00029,France,18,Female,Gold,2022-01-11,124.0,2.0,300.41,5.0,3.0,3.0,11.0,Loyal Customers,0,2026-03-30
C00030,Netherlands,40,Male,Silver,2024-08-01,659.0,3.0,294.71,2.0,3.0,3.0,8.0,At Risk,0,2026-03-30
C00031,Canada,33,Male,Free,2023-10-23,380.0,6.0,740.01,3.0,3.0,5.0,11.0,Loyal Customers,0,2026-03-30
C00032,United States,18,Female,Silver,2023-12-08,166.0,4.0,749.5699999999999,4.0,3.0,5.0,12.0,Loyal Customers,0,2026-03-30
C00033,United Kingdom,38,Female,Free,2025-04-11,8.0,3.0,676.4100000000001,5.0,3.0,5.0,13.0,Loyal Customers,0,2026-03-30
C00034,Canada,36,Male,Silver,2025-07-18,141.0,4.0,617.61,5.0,3.0,4.0,12.0,Loyal Customers,0,2026-03-30
C00035,United States,34,Female,Silver,2023-09-17,2003.0,2.0,78.39,1.0,3.0,1.0,5.0,Regular,0,2026-03-30
C00036,Brazil,24,Male,Silver,2026-03-02,,,,,,,,No orders in window,0,2026-03-30
C00037,India,48,Male,Platinum,2024-12-15,2244.0,2.0,384.81,1.0,3.0,3.0,7.0,At Risk,0,2026-03-30
C00038,United States,34,Male,Free,2026-02-28,279.0,3.0,437.79,4.0,3.0,4.0,11.0,Loyal Customers,0,2026-03-30
C00039,Canada,55,Male,Free,2025-10-04,889.0,6.0,651.03,2.0,3.0,5.0,10.0,At Risk,0,2026-03-30
C00040,India,32,Male,Free,2025-08-15,660.0,8.0,751.56,2.0,3.0,5.0,10.0,At Risk,0,2026-03-30
C00041,Brazil,41,Female,Free,2025-03-04,121.0,3.0,394.01,5.0,3.0,3.0,11.0,Loyal Customers,0,2026-03-30
C00042,India,40,Female,Free,2022-04-26,300.0,5.0,392.05,4.0,3.0,3.0,10.0,Loyal Customers,0,2026-03-30
C00043,United Kingdom,32,Female,Free,2025-06-15,97.0,3.0,176.6,5.0,3.0,2.0,10.0,Loyal Customers,0,2026-03-30
C00044,United States,56,Male,Free,2025-03-23,690.0,2.0,160.82,2.0,3.0,2.0,7.0,Regular,0,2026-03-30
C00045,South Korea,25,Female,Free,2024-05-23,928.0,2.0,421.12,2.0,3.0,4.0,9.0,At Risk,0,2026-03-30
C00046,Japan,53,Female,Platinum,2022-08-03,600.0,3.0,315.21,3.0,3.0,3.0,9.0,Loyal Customers,0,2026-03-30
C00047,United States,36,Female,Silver,2024-01-30,122.0,3.0,272.32,5.0,3.0,3.0,11.0,Loyal Customers,0,2026-03-30
C00048,Netherlands,48,Female,Free,2019-12-10,2005.0,1.0,247.15,1.0,3.0,2.0,6.0,Regular,0,2026-03-30
C00049,Canada,32,Male,Free,2025-01-27,1576.0,1.0,79.98,1.0,3.0,1.0,5.0,Regular,0,2026-03-30
C00050,Canada,46,Male,Free,2022-06-30,138.0,2.0,244.99,5.0,3.0,2.0,10.0,Loyal Customers,0,2026-03-30
C00051,United Kingdom,18,Male,Free,2024-08-30,450.0,2.0,460.79,3.0,3.0,4.0,10.0,Loyal Customers,1,2026-03-30
C00052,Germany,20,Male,Silver,2025-04-30,33.0,4.0,277.78,5.0,3.0,3.0,11.0,Loyal Customers,0,2026-03-30
C00053,Brazil,24,Female,Free,2021-12-04,313.0,4.0,338.37,4.0,3.0,3.0,10.0,Loyal Customers,0,2026-03-30
C00054,Japan,24,Female,Gold,2026-02-25,174.0,3.0,394.26,4.0,3.0,3.0,10.0,Loyal Customers,0,2026-03-30
C00055,Mexico,18,Female,Free,2022-03-18,85.0,6.0,1905.26,5.0,3.0,5.0,13.0,Loyal Customers,0,2026-03-30
C00056,Germany,27,Male,Free,2025-05-22,354.0,3.0,716.95,3.0,3.0,5.0,11.0,Loyal Customers,0,2026-03-30
C00057,United States,43,Female,Free,2024-10-24,565.0,2.0,315.23,3.0,3.0,3.0,9.0,Loyal Customers,0,2026-03-30
C00058,Poland,57,Male,Silver,2026-01-14,179.0,3.0,155.82000000000002,4.0,3.0,2.0,9.0,Loyal Customers,0,2026-03-30
C00059,United States,42,Male,Free,2026-03-21,49.0,1.0,65.82,5.0,3.0,1.0,9.0,Loyal Customers,1,2026-03-30
C00060,Australia,28,Male,Free,2025-02-14,386.0,4.0,1213.99,3.0,3.0,5.0,11.0,Loyal Customers,0,2026-03-30
C00061,Germany,38,Female,Free,2025-11-29,651.0,5.0,1075.13,2.0,3.0,5.0,10.0,At Risk,0,2026-03-30
C00062,Germany,37,Male,Gold,2026-02-03,54.0,3.0,295.94,5.0,3.0,3.0,11.0,Loyal Customers,0,2026-03-30
C00063,India,29,Male,Free,2026-03-17,211.0,3.0,427.58,4.0,3.0,4.0,11.0,Loyal Customers,0,2026-03-30
C00064,United States,54,Male,Free,2023-03-17,2235.0,1.0,57.19,1.0,3.0,1.0,5.0,Regular,0,2026-03-30
C00065,Brazil,32,Male,Free,2025-03-10,1107.0,4.0,401.41,1.0,3.0,4.0,8.0,At Risk,0,2026-03-30
C00066,United Kingdom,48,Male,Silver,2026-03-05,922.0,4.0,206.41,2.0,3.0,2.0,7.0,Regular,0,2026-03-30
C00067,United States,43,Female,Silver,2025-08-18,612.0,3.0,546.76,3.0,3.0,4.0,10.0,Loyal Customers,1,2026-03-30
C00068,Germany,26,Male,Silver,2025-10-21,611.0,1.0,161.68,3.0,3.0,2.0,8.0,Loyal Customers,0,2026-03-30
C00069,Poland,24,Male,Gold,2025-01-03,1045.0,4.0,522.71,2.0,3.0,4.0,9.0,At Risk,0,2026-03-30
C00070,United States,54,Male,Silver,2024-11-22,24.0,6.0,599.11,5.0,3.0,4.0,12.0,Loyal Customers,0,2026-03-30
C00071,United States,18,Male,Free,2024-11-29,1744.0,1.0,53.36,1.0,3.0,1.0,5.0,Regular,0,2026-03-30
C00072,Singapore,32,Female,Free,2025-05-25,372.0,1.0,85.62,3.0,3.0,1.0,7.0,Loyal Customers,0,2026-03-30
C00073,India,28,Female,Free,2024-09-10,322.0,6.0,606.15,4.0,3.0,4.0,11.0,Loyal Customers,1,2026-03-30
C00074,Uae,24,Female,Silver,2026-03-19,313.0,3.0,395.71,4.0,3.0,3.0,10.0,Loyal Customers,0,2026-03-30
C00075,South Africa,30,Female,Free,2024-02-04,692.0,5.0,865.5999999999999,2.0,3.0,5.0,10.0,At Risk,0,2026-03-30
C00076,India,18,Male,Free,2023-04-04,513.0,4.0,405.38,3.0,3.0,4.0,10.0,Loyal Customers,0,2026-03-30
C00077,India,38,Male,Free,2022-11-23,1996.0,1.0,10.68,1.0,3.0,1.0,5.0,Regular,0,2026-03-30
C00078,Australia,30,Female,Free,2026-02-14,1873.0,1.0,53.05,1.0,3.0,1.0,5.0,Regular,0,2026-03-30
C00079,Japan,27,Male,Platinum,2025-12-27,165.0,3.0,108.59,4.0,3.0,1.0,8.0,Loyal Customers,0,2026-03-30
C00080,Germany,43,Female,Gold,2021-02-28,,,,,,,,No orders in window,0,2026-03-30
C00081,United States,37,Female,Free,2022-02-05,1028.0,3.0,117.66,2.0,3.0,1.0,6.0,Regular,1,2026-03-30
C00082,Singapore,25,Male,Free,2025-02-08,409.0,3.0,781.87,3.0,3.0,5.0,11.0,Loyal Customers,0,2026-03-30
C00083,Canada,56,Female,Silver,2022-11-11,,,,,,,,No orders in window,0,2026-03-30
C00084,Brazil,30,Other,Free,2025-10-04,1417.0,3.0,213.49,1.0,3.0,2.0,6.0,Regular,0,2026-03-30
C00085,United States,33,Male,Free,2025-05-11,632.0,4.0,206.5,2.0,3.0,2.0,7.0,Regular,0,2026-03-30
C00086,Netherlands,18,Female,Silver,2026-03-17,1651.0,2.0,572.91,1.0,3.0,4.0,8.0,At Risk,0,2026-03-30
C00087,Poland,29,Male,Gold,2025-05-04,162.0,6.0,633.0699999999999,4.0,3.0,5.0,12.0,Loyal Customers,0,2026-03-30
C00088,France,50,Male,Free,2025-05-18,486.0,3.0,332.62,3.0,3.0,3.0,9.0,Loyal Customers,0,2026-03-30
C00089,United Kingdom,39,Male,Silver,2024-12-29,1014.0,3.0,886.71,2.0,3.0,5.0,10.0,At Risk,0,2026-03-30
C00090,United States,32,Male,Free,2024-12-07,334.0,2.0,281.76,4.0,3.0,3.0,10.0,Loyal Customers,0,2026-03-30
C00091,Singapore,24,Male,Free,2024-12-01,1509.0,1.0,16.82,1.0,3.0,1.0,5.0,Regular,0,2026-03-30
C00092,India,28,Male,Free,2026-01-26,302.0,2.0,171.7,4.0,3.0,2.0,9.0,Loyal Customers,0,2026-03-30
C00093,Singapore,36,Male,Free,2024-07-04,636.0,3.0,219.46,2.0,3.0,2.0,7.0,Regular,0,2026-03-30
C00094,United States,49,Male,Free,2016-05-15,375.0,3.0,408.51,3.0,3.0,4.0,10.0,Loyal Customers,0,2026-03-30
C00095,United Kingdom,24,Male,Silver,2022-09-01,1101.0,1.0,110.63,1.0,3.0,1.0,5.0,Regular,0,2026-03-30
C00096,United States,35,Male,Gold,2025-04-14,967.0,3.0,268.27,2.0,3.0,3.0,8.0,At Risk,0,2026-03-30
C00097,Turkey,20,Male,Gold,2026-03-01,452.0,4.0,157.43,3.0,3.0,2.0,8.0,Loyal Customers,0,2026-03-30
C00098,Brazil,43,Female,Free,2025-11-25,259.0,2.0,956.57,4.0,3.0,5.0,12.0,Loyal Customers,0,2026-03-30
C00099,Germany,56,Female,Free,2025-08-26,109.0,3.0,544.1700000000001,5.0,3.0,4.0,12.0,Loyal Customers,0,2026-03-30
C00100,Japan,51,Male,Free,2025-12-07,1910.0,1.0,37.34,1.0,3.0,1.0,5.0,Regular,0,2026-03-30
C00101,France,36,Male,Free,2026-03-19,926.0,1.0,67.09,2.0,3.0,1.0,6.0,Regular,0,2026-03-30
C00102,Japan,50,Male,Free,2024-11-29,,,,,,,,No orders in window,1,2026-03-30
C00103,France,42,Female,Free,2026-03-07,442.0,6.0,1237.01,3.0,3.0,5.0,11.0,Loyal Customers,0,2026-03-30
C00104,India,37,Male,Free,2025-09-01,295.0,6.0,410.03,4.0,3.0,4.0,11.0,Loyal Customers,0,2026-03-30
C00105,United States,33,Male,Gold,2026-01-28,112.0,7.0,666.85,5.0,3.0,5.0,13.0,Loyal Customers,0,2026-03-30
C00106,United Kingdom,39,Other,Platinum,2024-02-25,519.0,2.0,344.92,3.0,3.0,3.0,9.0,Loyal Customers,0,2026-03-30
C00107,India,55,Male,Free,2026-03-04,837.0,3.0,124.79,2.0,3.0,1.0,6.0,Regular,0,2026-03-30
C00108,Canada,40,Male,Silver,2025-09-16,20.0,5.0,692.1399999999999,5.0,3.0,5.0,13.0,Loyal Customers,0,2026-03-30
C00109,United States,37,Female,Free,2026-03-20,8.0,5.0,312.27,5.0,3.0,3.0,11.0,Loyal Customers,0,2026-03-30
C00110,South Africa,43,Female,Free,2024-03-29,55.0,5.0,556.9,5.0,3.0,4.0,12.0,Loyal Customers,0,2026-03-30
C00111,Germany,29,Female,Gold,2025-12-31,100.0,4.0,463.7,5.0,3.0,4.0,12.0,Loyal Customers,0,2026-03-30
C00112,Netherlands,45,Male,Platinum,2026-03-10,1189.0,2.0,817.3299999999999,1.0,3.0,5.0,9.0,At Risk,0,2026-03-30
C00113,France,34,Male,Free,2024-08-17,80.0,3.0,384.81,5.0,3.0,3.0,11.0,Loyal Customers,0,2026-03-30
C00114,United States,62,Female,Silver,2023-10-21,139.0,7.0,1397.59,5.0,3.0,5.0,13.0,Loyal Customers,0,2026-03-30
C00115,Spain,25,Female,Free,2025-03-03,250.0,4.0,187.46,4.0,3.0,2.0,9.0,Loyal Customers,0,2026-03-30
C00116,Canada,25,Male,Free,2022-07-14,177.0,5.0,473.3,4.0,3.0,4.0,11.0,Loyal Customers,0,2026-03-30
C00117,Japan,44,Female,Free,2019-05-20,716.0,1.0,25.95,2.0,3.0,1.0,6.0,Regular,0,2026-03-30
C00118,Germany,56,Female,Free,2024-01-19,1951.0,2.0,167.27999999999997,1.0,3.0,2.0,6.0,Regular,0,2026-03-30
C00119,India,28,Male,Silver,2023-09-28,34.0,3.0,190.63,5.0,3.0,2.0,10.0,Loyal Customers,0,2026-03-30
C00120,Germany,33,Male,Free,2024-03-06,663.0,3.0,171.71,2.0,3.0,2.0,7.0,Regular,0,2026-03-30
C00121,Italy,45,Other,Gold,2022-01-23,34.0,2.0,187.2,5.0,3.0,2.0,10.0,Loyal Customers,0,2026-03-30
C00122,India,38,Female,Free,2024-11-01,2102.0,1.0,107.01,1.0,3.0,1.0,5.0,Regular,0,2026-03-30
C00123,Mexico,32,Male,Silver,2021-10-08,,,,,,,,No orders in window,0,2026-03-30
C00124,United Kingdom,48,Male,Free,2025-11-08,202.0,3.0,1192.64,4.0,3.0,5.0,12.0,Loyal Customers,1,2026-03-30
C00125,United States,27,Male,Silver,2024-05-12,680.0,1.0,235.75,2.0,3.0,2.0,7.0,Regular,0,2026-03-30
C00126,Brazil,34,Male,Gold,2025-03-09,699.0,3.0,368.44,2.0,3.0,3.0,8.0,At Risk,0,2026-03-30
C00127,United Kingdom,37,Female,Free,2024-08-27,255.0,3.0,244.42,4.0,3.0,2.0,9.0,Loyal Customers,0,2026-03-30
C00128,United States,74,Male,Silver,2022-01-07,111.0,2.0,457.13,5.0,3.0,4.0,12.0,Loyal Customers,0,2026-03-30
C00129,Germany,26,Female,Free,2025-12-17,331.0,2.0,267.31,4.0,3.0,3.0,10.0,Loyal Customers,0,2026-03-30
C00130,Brazil,26,Male,Free,2026-01-01,1145.0,2.0,467.25,1.0,3.0,4.0,8.0,At Risk,0,2026-03-30
C00131,United States,44,Male,Free,2021-07-05,342.0,3.0,322.46000000000004,4.0,3.0,3.0,10.0,Loyal Customers,1,2026-03-30
C00132,South Africa,36,Male,Free,2025-09-18,950.0,2.0,346.21,2.0,3.0,3.0,8.0,At Risk,1,2026-03-30
C00133,United Kingdom,28,Female,Platinum,2023-04-10,594.0,5.0,627.19,3.0,3.0,5.0,11.0,Loyal Customers,0,2026-03-30
C00134,Spain,35,Male,Free,2024-09-28,281.0,5.0,548.13,4.0,3.0,4.0,11.0,Loyal Customers,0,2026-03-30
C00135,Canada,44,Male,Gold,2024-08-22,33.0,5.0,1029.39,5.0,3.0,5.0,13.0,Loyal Customers,0,2026-03-30
C00136,Australia,49,Male,Silver,2025-04-02,150.0,3.0,358.85,5.0,3.0,3.0,11.0,Loyal Customers,1,2026-03-30
C00137,United States,47,Female,Free,2025-05-23,868.0,4.0,805.6899999999999,2.0,3.0,5.0,10.0,At Risk,1,2026-03-30
C00138,United States,18,Female,Gold,2024-09-20,541.0,3.0,198.23,3.0,3.0,2.0,8.0,Loyal Customers,0,2026-03-30
C00139,Canada,32,Male,Free,2023-09-16,154.0,4.0,524.0,4.0,3.0,4.0,11.0,Loyal Customers,0,2026-03-30
C00140,United States,32,Male,Free,2022-04-30,829.0,2.0,73.53999999999999,2.0,3.0,1.0,6.0,Regular,0,2026-03-30
C00141,Canada,51,Male,Free,2025-07-07,467.0,5.0,432.14,3.0,3.0,4.0,10.0,Loyal Customers,0,2026-03-30
C00142,United Kingdom,37,Male,Silver,2025-11-29,57.0,8.0,486.0,5.0,3.0,4.0,12.0,Loyal Customers,0,2026-03-30
C00143,Germany,44,Male,Free,2023-06-04,815.0,6.0,678.78,2.0,3.0,5.0,10.0,At Risk,1,2026-03-30
C00144,United States,18,Female,Platinum,2025-03-06,349.0,3.0,243.0,3.0,3.0,2.0,8.0,Loyal Customers,0,2026-03-30
C00145,France,29,Male,Free,2023-12-18,1023.0,4.0,188.06,2.0,3.0,2.0,7.0,Regular,0,2026-03-30
C00146,United States,43,Female,Free,2025-09-24,370.0,3.0,348.08,3.0,3.0,3.0,9.0,Loyal Customers,0,2026-03-30
C00147,United States,42,Female,Silver,2021-04-28,422.0,9.0,764.95,3.0,3.0,5.0,11.0,Loyal Customers,0,2026-03-30
C00148,South Korea,18,Female,Free,2024-09-25,1738.0,1.0,639.54,1.0,3.0,5.0,9.0,At Risk,0,2026-03-30
C00149,Germany,28,Female,Free,2022-11-07,1270.0,3.0,183.15,1.0,3.0,2.0,6.0,Regular,0,2026-03-30
C00150,Brazil,44,Female,Free,2026-03-08,485.0,6.0,501.1,3.0,3.0,4.0,10.0,Loyal Customers,0,2026-03-30
C00151,South Korea,31,Female,Silver,2024-09-29,278.0,6.0,1399.92,4.0,3.0,5.0,12.0,Loyal Customers,0,2026-03-30
C00152,United States,18,Male,Free,2024-05-10,48.0,3.0,274.84000000000003,5.0,3.0,3.0,11.0,Loyal Customers,0,2026-03-30
C00153,United States,36,Male,Free,2020-09-26,1940.0,1.0,54.65,1.0,3.0,1.0,5.0,Regular,0,2026-03-30
C00154,United States,34,Male,Free,2023-02-10,151.0,6.0,496.17,5.0,3.0,4.0,12.0,Loyal Customers,0,2026-03-30
C00155,Germany,40,Male,Free,2022-04-22,677.0,1.0,81.61,2.0,3.0,1.0,6.0,Regular,0,2026-03-30
C00156,United Kingdom,18,Male,Free,2023-01-06,1618.0,3.0,219.54,1.0,3.0,2.0,6.0,Regular,0,2026-03-30
C00157,France,24,Male,Gold,2026-02-21,475.0,5.0,631.06,3.0,3.0,5.0,11.0,Loyal Customers,0,2026-03-30
C00158,Italy,19,Male,Gold,2025-07-11,1009.0,4.0,267.92,2.0,3.0,3.0,8.0,At Risk,0,2026-03-30
C00159,United Kingdom,21,Female,Silver,2024-08-06,106.0,5.0,341.83,5.0,3.0,3.0,11.0,Loyal Customers,0,2026-03-30
C00160,United Kingdom,39,Female,Free,2025-09-16,1029.0,4.0,393.36,2.0,3.0,3.0,8.0,At Risk,0,2026-03-30
C00161,Sweden,61,Male,Free,2021-03-11,125.0,1.0,32.3,5.0,3.0,1.0,9.0,Loyal Customers,0,2026-03-30
C00162,United Kingdom,28,Male,Gold,2025-09-19,356.0,6.0,622.5,3.0,3.0,4.0,10.0,Loyal Customers,0,2026-03-30
C00163,United States,40,Male,Free,2021-03-21,2219.0,1.0,116.17,1.0,3.0,1.0,5.0,Regular,1,2026-03-30
C00164,India,27,Male,Gold,2026-01-13,1094.0,4.0,937.88,1.0,3.0,5.0,9.0,At Risk,0,2026-03-30
C00165,Japan,29,Female,Silver,2022-07-31,1175.0,5.0,963.5,1.0,3.0,5.0,9.0,At Risk,0,2026-03-30
C00166,India,53,Female,Gold,2025-09-27,1400.0,1.0,379.12,1.0,3.0,3.0,7.0,At Risk,0,2026-03-30
C00167,India,38,Female,Silver,2025-08-29,1110.0,2.0,907.14,1.0,3.0,5.0,9.0,At Risk,0,2026-03-30
C00168,India,26,Female,Free,2025-01-12,900.0,1.0,242.35,2.0,3.0,2.0,7.0,Regular,0,2026-03-30
C00169,India,34,Male,Free,2024-06-11,644.0,5.0,667.1700000000001,2.0,3.0,5.0,10.0,At Risk,0,2026-03-30
C00170,India,41,Male,Silver,2023-05-24,806.0,3.0,193.61,2.0,3.0,2.0,7.0,Regular,0,2026-03-30
C00171,Brazil,28,Other,Gold,2025-10-12,51.0,6.0,378.24,5.0,3.0,3.0,11.0,Loyal Customers,0,2026-03-30
C00172,United States,36,Female,Silver,2025-01-26,1347.0,4.0,169.46,1.0,3.0,2.0,6.0,Regular,0,2026-03-30
C00173,Germany,46,Male,Free,2023-04-21,1157.0,2.0,91.52,1.0,3.0,1.0,5.0,Regular,0,2026-03-30
C00174,United States,36,Male,Free,2025-05-23,1413.0,2.0,169.12,1.0,3.0,2.0,6.0,Regular,0,2026-03-30
C00175,United States,43,Male,Free,2022-10-07,1052.0,4.0,351.89,2.0,3.0,3.0,8.0,At Risk,0,2026-03-30
C00176,United States,31,Female,Silver,2023-04-22,278.0,3.0,181.36,4.0,3.0,2.0,9.0,Loyal Customers,0,2026-03-30
C00177,United Kingdom,24,Female,Free,2023-04-18,1700.0,1.0,110.9,1.0,3.0,1.0,5.0,Regular,0,2026-03-30
C00178,Australia,34,Male,Free,2026-03-01,51.0,1.0,88.04,5.0,3.0,1.0,9.0,Loyal Customers,0,2026-03-30
C00179,France,56,Male,Free,2025-05-29,993.0,3.0,205.81000000000003,2.0,3.0,2.0,7.0,Regular,1,2026-03-30
C00180,Poland,42,Female,Free,2023-07-16,280.0,4.0,1193.98,4.0,3.0,5.0,12.0,Loyal Customers,0,2026-03-30
C00181,Germany,18,Male,Free,2024-09-19,350.0,4.0,954.09,3.0,3.0,5.0,11.0,Loyal Customers,0,2026-03-30
C00182,United Kingdom,43,Male,Silver,2025-02-16,2003.0,1.0,51.68,1.0,3.0,1.0,5.0,Regular,0,2026-03-30
C00183,United States,42,Female,Free,2025-04-10,2.0,4.0,968.56,5.0,3.0,5.0,13.0,Loyal Customers,0,2026-03-30
C00184,Germany,28,Female,Gold,2024-08-21,246.0,5.0,487.43,4.0,3.0,4.0,11.0,Loyal Customers,0,2026-03-30
C00185,Australia,35,Male,Free,2026-01-04,562.0,2.0,155.61,3.0,3.0,2.0,8.0,Loyal Customers,0,2026-03-30
C00186,India,39,Female,Gold,2023-10-16,18.0,5.0,656.5,5.0,3.0,5.0,13.0,Loyal Customers,0,2026-03-30
C00187,United Kingdom,27,Female,Free,2024-10-20,1479.0,1.0,283.66,1.0,3.0,3.0,7.0,At Risk,0,2026-03-30
C00188,Japan,47,Male,Free,2025-06-10,290.0,5.0,663.5600000000001,4.0,3.0,5.0,12.0,Loyal Customers,0,2026-03-30
C00189,United States,23,Male,Platinum,2026-02-22,389.0,4.0,402.32,3.0,3.0,4.0,10.0,Loyal Customers,0,2026-03-30
C00190,Australia,22,Female,Free,2026-03-08,351.0,2.0,199.08,3.0,3.0,2.0,8.0,Loyal Customers,0,2026-03-30
C00191,United States,54,Female,Free,2019-11-25,387.0,6.0,785.13,3.0,3.0,5.0,11.0,Loyal Customers,1,2026-03-30
C00192,United States,24,Female,Free,2026-02-25,862.0,2.0,312.21,2.0,3.0,3.0,8.0,At Risk,0,2026-03-30
C00193,Singapore,29,Male,Free,2024-11-02,383.0,1.0,52.66,3.0,3.0,1.0,7.0,Loyal Customers,0,2026-03-30
C00194,India,22,Female,Platinum,2024-12-07,62.0,8.0,812.95,5.0,3.0,5.0,13.0,Loyal Customers,0,2026-03-30
C00195,United States,42,Female,Free,2025-12-20,74.0,3.0,159.22,5.0,3.0,2.0,10.0,Loyal Customers,0,2026-03-30
C00196,South Africa,53,Female,Free,2025-07-07,1308.0,2.0,125.82,1.0,3.0,1.0,5.0,Regular,0,2026-03-30
C00197,Poland,49,Female,Free,2025-05-14,1536.0,2.0,351.27,1.0,3.0,3.0,7.0,At Risk,0,2026-03-30
C00198,United States,36,Male,Free,2020-12-13,377.0,7.0,765.87,3.0,3.0,5.0,11.0,Loyal Customers,0,2026-03-30
C00199,Singapore,54,Male,Gold,2023-07-11,67.0,5.0,654.1,5.0,3.0,5.0,13.0,Loyal Customers,0,2026-03-30
C00200,United States,33,Female,Gold,2022-10-08,774.0,3.0,145.24,2.0,3.0,2.0,7.0,Regular,1,2026-03-30
C00201,Germany,50,Female,Free,2024-03-04,746.0,3.0,177.76,2.0,3.0,2.0,7.0,Regular,0,2026-03-30
C00202,United States,50,Female,Silver,2025-02-28,152.0,4.0,220.38,5.0,3.0,2.0,10.0,Loyal Customers,0,2026-03-30
C00203,Australia,25,Female,Silver,2025-01-06,,,,,,,,No orders in window,0,2026-03-30
C00204,Netherlands,18,Female,Free,2020-11-06,112.0,3.0,154.29,5.0,3.0,2.0,10.0,Loyal Customers,0,2026-03-30
C00205,United Kingdom,18,Female,Free,2023-06-05,437.0,1.0,88.32,3.0,3.0,1.0,7.0,Loyal Customers,0,2026-03-30
C00206,Netherlands,43,Male,Free,2021-09-21,321.0,2.0,172.54,4.0,3.0,2.0,9.0,Loyal Customers,0,2026-03-30
C00207,South Korea,28,Female,Free,2022-01-07,1164.0,2.0,159.82,1.0,3.0,2.0,6.0,Regular,0,2026-03-30
C00208,United States,35,Male,Free,2025-12-11,153.0,3.0,121.0,4.0,3.0,1.0,8.0,Loyal Customers,0,2026-03-30
C00209,Brazil,38,Female,Free,2026-01-03,155.0,5.0,286.96,4.0,3.0,3.0,10.0,Loyal Customers,0,2026-03-30
C00210,France,18,Female,Free,2024-09-04,2070.0,1.0,15.18,1.0,3.0,1.0,5.0,Regular,0,2026-03-30
C00211,Brazil,18,Female,Free,2025-03-19,1806.0,1.0,575.75,1.0,3.0,4.0,8.0,At Risk,0,2026-03-30
C00212,Sweden,41,Male,Free,2024-10-12,1446.0,1.0,387.54,1.0,3.0,3.0,7.0,At Risk,0,2026-03-30
C00213,United States,36,Female,Gold,2024-02-03,1081.0,3.0,644.92,1.0,3.0,5.0,9.0,At Risk,0,2026-03-30
C00214,United States,18,Female,Free,2024-10-31,1217.0,3.0,315.26,1.0,3.0,3.0,7.0,At Risk,0,2026-03-30
C00215,United States,42,Male,Free,2024-12-03,,,,,,,,No orders in window,0,2026-03-30
C00216,Canada,35,Female,Platinum,2025-07-21,1743.0,2.0,162.22,1.0,3.0,2.0,6.0,Regular,1,2026-03-30
C00217,Netherlands,55,Female,Free,2023-04-24,1045.0,5.0,421.46,2.0,3.0,4.0,9.0,At Risk,0,2026-03-30
C00218,United Kingdom,23,Female,Silver,2026-03-02,632.0,4.0,361.09,2.0,3.0,3.0,8.0,At Risk,0,2026-03-30
C00219,France,55,Male,Free,2026-03-19,1775.0,1.0,42.46,1.0,3.0,1.0,5.0,Regular,0,2026-03-30
C00220,Mexico,48,Female,Free,2024-12-07,434.0,3.0,223.65,3.0,3.0,2.0,8.0,Loyal Customers,1,2026-03-30
C00221,Italy,53,Male,Gold,2026-02-19,518.0,2.0,74.54,3.0,3.0,1.0,7.0,Loyal Customers,1,2026-03-30
C00222,United States,60,Female,Platinum,2023-03-11,268.0,2.0,135.86,4.0,3.0,1.0,8.0,Loyal Customers,0,2026-03-30
C00223,India,40,Female,Free,2026-03-08,454.0,3.0,753.01,3.0,3.0,5.0,11.0,Loyal Customers,0,2026-03-30
C00224,India,48,Female,Free,2025-12-17,640.0,5.0,599.9100000000001,2.0,3.0,4.0,9.0,At Risk,0,2026-03-30
C00225,United States,40,Male,Free,2024-09-25,1064.0,6.0,1174.56,1.0,3.0,5.0,9.0,At Risk,0,2026-03-30
C00226,United States,27,Other,Free,2023-06-27,738.0,3.0,129.96,2.0,3.0,1.0,6.0,Regular,0,2026-03-30
C00227,India,22,Female,Silver,2024-12-06,,,,,,,,No orders in window,0,2026-03-30
C00228,Poland,23,Male,Silver,2026-02-27,988.0,5.0,663.48,2.0,3.0,5.0,10.0,At Risk,0,2026-03-30
C00229,South Africa,34,Female,Silver,2024-10-16,1982.0,1.0,116.81,1.0,3.0,1.0,5.0,Regular,0,2026-03-30
C00230,Italy,58,Female,Silver,2025-06-13,418.0,3.0,277.64,3.0,3.0,3.0,9.0,Loyal Customers,0,2026-03-30
C00231,United Kingdom,39,Male,Gold,2025-10-08,826.0,4.0,194.41,2.0,3.0,2.0,7.0,Regular,0,2026-03-30
C00232,Mexico,40,Male,Free,2025-12-30,1529.0,1.0,196.27,1.0,3.0,2.0,6.0,Regular,0,2026-03-30
C00233,France,63,Male,Gold,2025-01-29,1558.0,1.0,165.41,1.0,3.0,2.0,6.0,Regular,0,2026-03-30
C00234,India,57,Male,Gold,2026-02-21,726.0,5.0,509.27,2.0,3.0,4.0,9.0,At Risk,1,2026-03-30
C00235,United States,46,Male,Gold,2025-10-18,2143.0,1.0,104.51,1.0,3.0,1.0,5.0,Regular,0,2026-03-30
C00236,France,36,Female,Free,2025-02-19,883.0,5.0,356.62,2.0,3.0,3.0,8.0,At Risk,0,2026-03-30
C00237,Germany,41,Other,Free,2022-07-24,3.0,5.0,517.25,5.0,3.0,4.0,12.0,Loyal Customers,0,2026-03-30
C00238,United Kingdom,50,Female,Free,2025-02-22,382.0,3.0,378.53,3.0,3.0,3.0,9.0,Loyal Customers,0,2026-03-30
C00239,United Kingdom,18,Male,Free,2022-05-15,1066.0,6.0,326.1,1.0,3.0,3.0,7.0,At Risk,0,2026-03-30
C00240,United States,33,Male,Free,2025-01-25,640.0,8.0,457.47,2.0,3.0,4.0,9.0,At Risk,0,2026-03-30
C00241,France,29,Other,Platinum,2024-12-22,69.0,4.0,384.76,5.0,3.0,3.0,11.0,Loyal Customers,0,2026-03-30
C00242,Mexico,47,Male,Platinum,2025-08-19,586.0,6.0,1155.73,3.0,3.0,5.0,11.0,Loyal Customers,0,2026-03-30
C00243,South Korea,65,Male,Silver,2025-11-05,421.0,3.0,245.77,3.0,3.0,2.0,8.0,Loyal Customers,0,2026-03-30
C00244,Germany,45,Female,Silver,2025-07-26,124.0,3.0,473.24,5.0,3.0,4.0,12.0,Loyal Customers,0,2026-03-30
C00245,United States,45,Female,Free,2025-12-31,569.0,2.0,89.75999999999999,3.0,3.0,1.0,7.0,Loyal Customers,0,2026-03-30
C00246,Canada,18,Male,Silver,2024-04-03,133.0,5.0,809.64,5.0,3.0,5.0,13.0,Loyal Customers,0,2026-03-30
C00247,France,46,Male,Free,2023-09-30,293.0,6.0,779.86,4.0,3.0,5.0,12.0,Loyal Customers,0,2026-03-30
C00248,Spain,38,Other,Free,2024-09-13,1929.0,1.0,388.95,1.0,3.0,3.0,7.0,At Risk,0,2026-03-30
C00249,United States,50,Female,Gold,2026-02-17,364.0,5.0,1257.57,3.0,3.0,5.0,11.0,Loyal Customers,0,2026-03-30
C00250,Uae,46,Male,Gold,2026-03-29,245.0,3.0,183.24,4.0,3.0,2.0,9.0,Loyal Customers,0,2026-03-30
C00251,United States,52,Female,Silver,2025-09-10,608.0,3.0,649.6,3.0,3.0,5.0,11.0,Loyal Customers,0,2026-03-30
C00252,India,23,Male,Free,2024-01-18,2057.0,1.0,118.44,1.0,3.0,1.0,5.0,Regular,0,2026-03-30
C00253,United States,28,Female,Silver,2024-10-14,550.0,2.0,393.12,3.0,3.0,3.0,9.0,Loyal Customers,0,2026-03-30
C00254,India,66,Female,Silver,2024-02-05,651.0,2.0,162.69,2.0,3.0,2.0,7.0,Regular,0,2026-03-30
C00255,United States,35,Male,Gold,2025-09-29,334.0,2.0,896.18,4.0,3.0,5.0,12.0,Loyal Customers,0,2026-03-30
C00256,India,33,Female,Free,2025-01-12,708.0,5.0,861.2,2.0,3.0,5.0,10.0,At Risk,0,2026-03-30
C00257,United Kingdom,42,Male,Gold,2026-01-04,,,,,,,,No orders in window,0,2026-03-30
C00258,India,22,Female,Free,2026-03-20,44.0,1.0,38.36,5.0,3.0,1.0,9.0,Loyal Customers,0,2026-03-30
C00259,India,18,Male,Free,2024-02-04,912.0,5.0,479.64,2.0,3.0,4.0,9.0,At Risk,0,2026-03-30
C00260,United Kingdom,36,Female,Free,2023-04-11,1786.0,1.0,66.32,1.0,3.0,1.0,5.0,Regular,0,2026-03-30
C00261,France,35,Female,Free,2023-07-27,1586.0,1.0,43.3,1.0,3.0,1.0,5.0,Regular,0,2026-03-30
C00262,United States,47,Female,Free,2023-03-14,94.0,4.0,393.44000000000005,5.0,3.0,3.0,11.0,Loyal Customers,0,2026-03-30
C00263,Germany,25,Female,Silver,2023-07-02,1390.0,1.0,94.84,1.0,3.0,1.0,5.0,Regular,0,2026-03-30
C00264,India,18,Female,Free,2025-11-15,2.0,4.0,529.4300000000001,5.0,3.0,4.0,12.0,Loyal Customers,0,2026-03-30
C00265,Mexico,18,Male,Gold,2025-03-25,354.0,3.0,220.73,3.0,3.0,2.0,8.0,Loyal Customers,0,2026-03-30
C00266,United States,34,Female,Silver,2025-06-01,590.0,2.0,430.31,3.0,3.0,4.0,10.0,Loyal Customers,0,2026-03-30
C00267,United States,41,Female,Gold,2026-02-24,47.0,5.0,1207.85,5.0,3.0,5.0,13.0,Loyal Customers,0,2026-03-30
C00268,Australia,34,Male,Free,2026-01-10,381.0,1.0,30.17,3.0,3.0,1.0,7.0,Loyal Customers,0,2026-03-30
C00269,Italy,18,Male,Free,2025-12-01,745.0,3.0,300.42,2.0,3.0,3.0,8.0,At Risk,1,2026-03-30
C00270,Australia,37,Male,Free,2024-02-17,407.0,3.0,1021.95,3.0,3.0,5.0,11.0,Loyal Customers,0,2026-03-30
C00271,India,35,Female,Free,2025-11-19,1705.0,3.0,109.59,1.0,3.0,1.0,5.0,Regular,0,2026-03-30
C00272,India,43,Female,Free,2026-01-25,555.0,2.0,157.81,3.0,3.0,2.0,8.0,Loyal Customers,0,2026-03-30
C00273,South Africa,40,Female,Free,2024-08-01,2240.0,1.0,76.0,1.0,3.0,1.0,5.0,Regular,0,2026-03-30
C00274,Uae,24,Male,Free,2022-06-04,257.0,3.0,1913.44,4.0,3.0,5.0,12.0,Loyal Customers,0,2026-03-30
C00275,United States,29,Male,Silver,2024-04-21,335.0,3.0,170.0,4.0,3.0,2.0,9.0,Loyal Customers,0,2026-03-30
C00276,India,25,Female,Silver,2024-09-29,1328.0,1.0,185.95,1.0,3.0,2.0,6.0,Regular,0,2026-03-30
C00277,United States,34,Male,Silver,2025-11-13,586.0,2.0,485.4,3.0,3.0,4.0,10.0,Loyal Customers,0,2026-03-30
C00278,Australia,37,Female,Platinum,2025-09-15,97.0,2.0,139.64,5.0,3.0,2.0,10.0,Loyal Customers,0,2026-03-30
C00279,India,32,Female,Silver,2026-02-09,1374.0,2.0,280.36,1.0,3.0,3.0,7.0,At Risk,0,2026-03-30
C00280,United Kingdom,34,Female,Free,2024-05-12,1439.0,1.0,45.13,1.0,3.0,1.0,5.0,Regular,0,2026-03-30
C00281,Australia,32,Female,Free,2025-12-06,1494.0,3.0,527.12,1.0,3.0,4.0,8.0,At Risk,0,2026-03-30
C00282,United States,26,Female,Free,2022-01-21,260.0,2.0,175.48000000000002,4.0,3.0,2.0,9.0,Loyal Customers,0,2026-03-30
C00283,India,37,Male,Platinum,2024-11-24,992.0,4.0,307.01,2.0,3.0,3.0,8.0,At Risk,0,2026-03-30
C00284,France,39,Male,Silver,2024-08-04,1729.0,1.0,176.12,1.0,3.0,2.0,6.0,Regular,0,2026-03-30
C00285,United Kingdom,20,Female,Free,2025-08-20,1026.0,4.0,298.04,2.0,3.0,3.0,8.0,At Risk,0,2026-03-30
C00286,Canada,37,Male,Silver,2025-09-04,869.0,3.0,104.14,2.0,3.0,1.0,6.0,Regular,0,2026-03-30
C00287,Brazil,45,Female,Gold,2025-12-24,332.0,3.0,276.68,4.0,3.0,3.0,10.0,Loyal Customers,0,2026-03-30
C00288,United States,42,Female,Gold,2026-03-27,11.0,3.0,145.9,5.0,3.0,2.0,10.0,Loyal Customers,0,2026-03-30
C00289,United Kingdom,43,Female,Free,2025-07-06,1122.0,4.0,383.93,1.0,3.0,3.0,7.0,At Risk,0,2026-03-30
C00290,Italy,25,Female,Silver,2025-10-19,1490.0,1.0,131.18,1.0,3.0,1.0,5.0,Regular,0,2026-03-30
C00291,United States,35,Female,Silver,2025-05-05,685.0,7.0,911.54,2.0,3.0,5.0,10.0,At Risk,0,2026-03-30
C00292,Germany,43,Female,Free,2025-07-12,1893.0,3.0,160.34,1.0,3.0,2.0,6.0,Regular,0,2026-03-30
C00293,South Africa,28,Male,Gold,2025-06-05,255.0,3.0,275.08,4.0,3.0,3.0,10.0,Loyal Customers,0,2026-03-30
C00294,United States,44,Female,Gold,2025-01-04,1924.0,1.0,96.81,1.0,3.0,1.0,5.0,Regular,0,2026-03-30
C00295,Australia,34,Male,Free,2023-09-07,1650.0,1.0,55.82,1.0,3.0,1.0,5.0,Regular,0,2026-03-30
C00296,Singapore,28,Female,Free,2025-10-22,274.0,3.0,215.91,4.0,3.0,2.0,9.0,Loyal Customers,0,2026-03-30
C00297,Canada,26,Female,Free,2024-07-10,859.0,1.0,270.41,2.0,3.0,3.0,8.0,At Risk,0,2026-03-30
C00298,South Korea,49,Male,Gold,2025-11-03,248.0,5.0,929.96,4.0,3.0,5.0,12.0,Loyal Customers,0,2026-03-30
C00299,United States,47,Female,Free,2026-03-30,1486.0,3.0,364.3,1.0,3.0,3.0,7.0,At Risk,1,2026-03-30
C00300,Uae,40,Female,Free,2021-11-09,624.0,1.0,96.93,3.0,3.0,1.0,7.0,Loyal Customers,0,2026-03-30
C00301,United States,53,Female,Free,2025-04-26,545.0,2.0,739.23,3.0,3.0,5.0,11.0,Loyal Customers,1,2026-03-30
C00302,Mexico,36,Female,Silver,2022-07-04,580.0,1.0,42.7,3.0,3.0,1.0,7.0,Loyal Customers,0,2026-03-30
C00303,United States,33,Male,Silver,2025-07-27,1323.0,2.0,381.5,1.0,3.0,3.0,7.0,At Risk,0,2026-03-30
C00304,United Kingdom,34,Female,Free,2026-01-08,686.0,6.0,335.91,2.0,3.0,3.0,8.0,At Risk,1,2026-03-30
C00305,United States,47,Male,Free,2021-12-21,1022.0,2.0,505.96,2.0,3.0,4.0,9.0,At Risk,0,2026-03-30
C00306,France,42,Male,Free,2025-03-18,371.0,4.0,241.02,3.0,3.0,2.0,8.0,Loyal Customers,0,2026-03-30
C00307,United States,42,Male,Silver,2022-09-22,151.0,5.0,1732.2,5.0,3.0,5.0,13.0,Loyal Customers,0,2026-03-30
C00308,Italy,41,Male,Free,2022-03-01,27.0,2.0,128.5,5.0,3.0,1.0,9.0,Loyal Customers,0,2026-03-30
C00309,United States,36,Male,Free,2024-06-09,412.0,2.0,147.56,3.0,3.0,2.0,8.0,Loyal Customers,0,2026-03-30
C00310,Poland,19,Male,Free,2026-03-25,252.0,3.0,586.45,4.0,3.0,4.0,11.0,Loyal Customers,0,2026-03-30
C00311,India,40,Male,Free,2025-07-07,747.0,5.0,733.9,2.0,3.0,5.0,10.0,At Risk,0,2026-03-30
C00312,United States,18,Male,Silver,2024-11-19,143.0,5.0,577.74,5.0,3.0,4.0,12.0,Loyal Customers,0,2026-03-30
C00313,India,31,Male,Free,2023-02-28,723.0,4.0,202.69,2.0,3.0,2.0,7.0,Regular,1,2026-03-30
C00314,United States,41,Male,Silver,2025-05-26,4.0,3.0,151.78,5.0,3.0,2.0,10.0,Loyal Customers,0,2026-03-30
C00315,United Kingdom,20,Male,Free,2026-01-08,880.0,3.0,379.11,2.0,3.0,3.0,8.0,At Risk,0,2026-03-30
C00316,United States,42,Male,Gold,2026-03-25,453.0,1.0,65.75,3.0,3.0,1.0,7.0,Loyal Customers,0,2026-03-30
C00317,Canada,18,Female,Silver,2025-09-15,731.0,4.0,205.92,2.0,3.0,2.0,7.0,Regular,0,2026-03-30
C00318,Canada,31,Female,Free,2024-12-15,285.0,4.0,600.5,4.0,3.0,4.0,11.0,Loyal Customers,0,2026-03-30
C00319,France,35,Male,Gold,2025-03-31,82.0,2.0,88.26,5.0,3.0,1.0,9.0,Loyal Customers,0,2026-03-30
C00320,United States,37,Female,Silver,2026-03-08,882.0,2.0,415.98,2.0,3.0,4.0,9.0,At Risk,0,2026-03-30
C00321,Canada,34,Male,Platinum,2026-03-03,453.0,1.0,73.73,3.0,3.0,1.0,7.0,Loyal Customers,0,2026-03-30
C00322,France,35,Male,Free,2025-02-25,206.0,10.0,1336.57,4.0,3.0,5.0,12.0,Loyal Customers,0,2026-03-30
C00323,Germany,27,Female,Platinum,2021-09-24,27.0,1.0,101.07,5.0,3.0,1.0,9.0,Loyal Customers,0,2026-03-30
C00324,United Kingdom,29,Female,Free,2025-09-23,956.0,4.0,1130.98,2.0,3.0,5.0,10.0,At Risk,0,2026-03-30
C00325,United States,44,Male,Silver,2024-05-21,350.0,4.0,712.34,3.0,3.0,5.0,11.0,Loyal Customers,0,2026-03-30
C00326,United Kingdom,45,Female,Free,2025-01-16,833.0,1.0,18.43,2.0,3.0,1.0,6.0,Regular,0,2026-03-30
C00327,United Kingdom,47,Female,Gold,2023-06-27,460.0,4.0,179.07,3.0,3.0,2.0,8.0,Loyal Customers,0,2026-03-30
C00328,United Kingdom,28,Female,Free,2018-12-13,103.0,4.0,621.35,5.0,3.0,4.0,12.0,Loyal Customers,1,2026-03-30
C00329,United States,48,Male,Free,2024-12-26,350.0,3.0,572.4000000000001,3.0,3.0,4.0,10.0,Loyal Customers,0,2026-03-30
C00330,India,24,Female,Gold,2022-08-16,306.0,9.0,734.5799999999999,4.0,3.0,5.0,12.0,Loyal Customers,0,2026-03-30
C00331,Australia,45,Male,Free,2025-05-30,2133.0,1.0,42.12,1.0,3.0,1.0,5.0,Regular,0,2026-03-30
C00332,Germany,29,Male,Silver,2024-06-09,820.0,2.0,180.32,2.0,3.0,2.0,7.0,Regular,0,2026-03-30
C00333,Turkey,26,Male,Gold,2025-06-05,1207.0,3.0,398.92,1.0,3.0,3.0,7.0,At Risk,1,2026-03-30
C00334,United Kingdom,49,Male,Free,2025-09-24,550.0,4.0,512.87,3.0,3.0,4.0,10.0,Loyal Customers,0,2026-03-30
C00335,United States,33,Female,Free,2023-02-02,487.0,4.0,482.63,3.0,3.0,4.0,10.0,Loyal Customers,0,2026-03-30
C00336,France,46,Female,Free,2020-11-18,484.0,7.0,557.14,3.0,3.0,4.0,10.0,Loyal Customers,0,2026-03-30
C00337,United States,22,Other,Silver,2021-01-03,44.0,8.0,865.62,5.0,3.0,5.0,13.0,Loyal Customers,0,2026-03-30
C00338,Germany,64,Female,Silver,2023-06-10,197.0,6.0,685.61,4.0,3.0,5.0,12.0,Loyal Customers,1,2026-03-30
C00339,India,47,Female,Free,2025-04-15,29.0,2.0,238.99,5.0,3.0,2.0,10.0,Loyal Customers,0,2026-03-30
C00340,Germany,27,Male,Free,2023-07-21,17.0,2.0,499.29,5.0,3.0,4.0,12.0,Loyal Customers,0,2026-03-30
C00341,India,23,Female,Free,2025-02-09,1510.0,2.0,52.8,1.0,3.0,1.0,5.0,Regular,0,2026-03-30
C00342,Australia,37,Female,Free,2021-07-10,118.0,5.0,450.5,5.0,3.0,4.0,12.0,Loyal Customers,0,2026-03-30
C00343,Mexico,32,Female,Free,2020-05-22,1277.0,3.0,330.21,1.0,3.0,3.0,7.0,At Risk,0,2026-03-30
C00344,United States,54,Male,Free,2023-01-13,357.0,3.0,650.53,3.0,3.0,5.0,11.0,Loyal Customers,0,2026-03-30
C00345,United States,63,Female,Free,2026-01-18,1239.0,2.0,553.41,1.0,3.0,4.0,8.0,At Risk,0,2026-03-30
C00346,Sweden,49,Male,Free,2018-01-29,,,,,,,,No orders in window,0,2026-03-30
C00347,Germany,44,Male,Free,2025-05-31,,,,,,,,No orders in window,0,2026-03-30
C00348,United States,28,Female,Free,2025-07-14,245.0,2.0,363.39,4.0,3.0,3.0,10.0,Loyal Customers,0,2026-03-30
C00349,Australia,32,Male,Silver,2025-05-30,2240.0,1.0,126.31,1.0,3.0,1.0,5.0,Regular,0,2026-03-30
C00350,United States,30,Male,Silver,2025-06-22,171.0,4.0,368.82,4.0,3.0,3.0,10.0,Loyal Customers,0,2026-03-30
C00351,United States,53,Female,Gold,2024-07-26,2231.0,1.0,194.92,1.0,3.0,2.0,6.0,Regular,0,2026-03-30
C00352,United States,47,Male,Free,2023-11-17,230.0,4.0,365.64,4.0,3.0,3.0,10.0,Loyal Customers,0,2026-03-30
C00353,United States,42,Male,Free,2026-03-01,703.0,3.0,359.36,2.0,3.0,3.0,8.0,At Risk,0,2026-03-30
C00354,United States,43,Male,Silver,2025-12-08,19.0,2.0,209.64,5.0,3.0,2.0,10.0,Loyal Customers,0,2026-03-30
C00355,India,47,Other,Free,2025-07-06,975.0,4.0,237.82,2.0,3.0,2.0,7.0,Regular,0,2026-03-30
C00356,United States,43,Female,Free,2024-10-16,729.0,3.0,393.49,2.0,3.0,3.0,8.0,At Risk,0,2026-03-30
C00357,Japan,35,Female,Gold,2026-02-14,279.0,4.0,243.89,4.0,3.0,2.0,9.0,Loyal Customers,0,2026-03-30
C00358,Canada,36,Male,Free,2025-01-03,1915.0,1.0,118.35,1.0,3.0,1.0,5.0,Regular,0,2026-03-30
C00359,Netherlands,25,Male,Free,2012-04-08,370.0,5.0,1078.23,3.0,3.0,5.0,11.0,Loyal Customers,0,2026-03-30
C00360,United States,33,Male,Free,2025-05-16,221.0,2.0,83.11,4.0,3.0,1.0,8.0,Loyal Customers,1,2026-03-30
C00361,United States,53,Male,Free,2026-02-17,2254.0,1.0,67.98,1.0,3.0,1.0,5.0,Regular,0,2026-03-30
C00362,Australia,41,Male,Free,2025-07-11,1528.0,1.0,76.19,1.0,3.0,1.0,5.0,Regular,0,2026-03-30
C00363,Brazil,18,Male,Platinum,2021-05-27,1616.0,1.0,43.79,1.0,3.0,1.0,5.0,Regular,0,2026-03-30
C00364,United Kingdom,35,Male,Silver,2026-02-09,871.0,3.0,742.0799999999999,2.0,3.0,5.0,10.0,At Risk,0,2026-03-30
C00365,Italy,44,Male,Free,2025-05-06,197.0,2.0,852.29,4.0,3.0,5.0,12.0,Loyal Customers,0,2026-03-30
C00366,United States,36,Male,Free,2025-10-30,139.0,5.0,339.52,5.0,3.0,3.0,11.0,Loyal Customers,0,2026-03-30
C00367,Singapore,37,Female,Free,2025-03-08,,,,,,,,No orders in window,0,2026-03-30
C00368,United States,37,Female,Platinum,2026-02-13,1436.0,3.0,281.2,1.0,3.0,3.0,7.0,At Risk,0,2026-03-30
C00369,Canada,43,Female,Free,2026-03-29,404.0,6.0,1327.48,3.0,3.0,5.0,11.0,Loyal Customers,0,2026-03-30
C00370,United States,37,Male,Free,2024-09-12,216.0,5.0,1327.34,4.0,3.0,5.0,12.0,Loyal Customers,1,2026-03-30
C00371,United States,60,Male,Free,2025-04-02,174.0,4.0,258.04,4.0,3.0,2.0,9.0,Loyal Customers,0,2026-03-30
C00372,United States,18,Female,Free,2025-04-10,1656.0,1.0,79.32,1.0,3.0,1.0,5.0,Regular,0,2026-03-30
C00373,India,33,Female,Gold,2023-04-03,369.0,5.0,568.08,3.0,3.0,4.0,10.0,Loyal Customers,0,2026-03-30
C00374,United States,56,Female,Platinum,2025-08-14,932.0,1.0,27.82,2.0,3.0,1.0,6.0,Regular,0,2026-03-30
C00375,Italy,34,Male,Free,2023-08-02,435.0,5.0,283.98,3.0,3.0,3.0,9.0,Loyal Customers,0,2026-03-30
C00376,United States,37,Female,Silver,2025-11-29,301.0,2.0,354.51000000000005,4.0,3.0,3.0,10.0,Loyal Customers,0,2026-03-30
C00377,Mexico,25,Male,Free,2025-03-24,743.0,2.0,684.77,2.0,3.0,5.0,10.0,At Risk,0,2026-03-30
C00378,Netherlands,36,Male,Silver,2023-02-20,1200.0,1.0,23.3,1.0,3.0,1.0,5.0,Regular,0,2026-03-30
C00379,Canada,38,Male,Free,2025-03-26,87.0,4.0,211.13,5.0,3.0,2.0,10.0,Loyal Customers,0,2026-03-30
C00380,Mexico,50,Male,Free,2022-04-21,64.0,4.0,562.15,5.0,3.0,4.0,12.0,Loyal Customers,0,2026-03-30
C00381,India,38,Female,Free,2026-01-26,972.0,2.0,199.75,2.0,3.0,2.0,7.0,Regular,0,2026-03-30
C00382,Brazil,31,Female,Silver,2025-10-03,,,,,,,,No orders in window,0,2026-03-30
C00383,United States,40,Male,Free,2024-08-23,362.0,1.0,175.69,3.0,3.0,2.0,8.0,Loyal Customers,0,2026-03-30
C00384,United Kingdom,25,Female,Gold,2026-01-05,11.0,6.0,483.64,5.0,3.0,4.0,12.0,Loyal Customers,0,2026-03-30
C00385,South Korea,27,Female,Free,2025-09-16,72.0,2.0,294.25,5.0,3.0,3.0,11.0,Loyal Customers,0,2026-03-30
C00386,United States,28,Male,Free,2025-09-10,140.0,2.0,202.96,5.0,3.0,2.0,10.0,Loyal Customers,0,2026-03-30
C00387,South Korea,50,Male,Free,2026-01-07,488.0,5.0,346.79,3.0,3.0,3.0,9.0,Loyal Customers,0,2026-03-30
C00388,United States,39,Female,Gold,2025-11-19,179.0,4.0,199.91,4.0,3.0,2.0,9.0,Loyal Customers,0,2026-03-30
C00389,Germany,28,Male,Free,2026-03-25,390.0,4.0,763.0699999999999,3.0,3.0,5.0,11.0,Loyal Customers,0,2026-03-30
C00390,India,22,Female,Gold,2024-03-04,82.0,5.0,604.23,5.0,3.0,4.0,12.0,Loyal Customers,0,2026-03-30
C00391,United States,42,Male,Free,2025-03-31,420.0,3.0,223.65,3.0,3.0,2.0,8.0,Loyal Customers,0,2026-03-30
C00392,United States,50,Male,Free,2025-08-21,126.0,3.0,381.8,5.0,3.0,3.0,11.0,Loyal Customers,0,2026-03-30
C00393,United Kingdom,24,Male,Free,2024-05-17,877.0,4.0,1246.68,2.0,3.0,5.0,10.0,At Risk,0,2026-03-30
C00394,United Kingdom,26,Male,Gold,2025-08-24,562.0,4.0,954.19,3.0,3.0,5.0,11.0,Loyal Customers,0,2026-03-30
C00395,United States,43,Male,Free,2025-10-08,432.0,2.0,520.3199999999999,3.0,3.0,4.0,10.0,Loyal Customers,0,2026-03-30
C00396,Germany,21,Male,Free,2023-06-03,1080.0,2.0,51.3,1.0,3.0,1.0,5.0,Regular,0,2026-03-30
C00397,India,61,Female,Free,2026-01-17,1712.0,1.0,84.43,1.0,3.0,1.0,5.0,Regular,0,2026-03-30
C00398,Australia,39,Male,Gold,2026-03-22,76.0,1.0,46.52,5.0,3.0,1.0,9.0,Loyal Customers,0,2026-03-30
C00399,India,35,Male,Free,2022-12-19,56.0,5.0,1339.33,5.0,3.0,5.0,13.0,Loyal Customers,0,2026-03-30
C00400,United States,35,Male,Gold,2024-07-14,1123.0,1.0,63.2,1.0,3.0,1.0,5.0,Regular,1,2026-03-30
C00401,Poland,30,Male,Silver,2016-09-04,1269.0,3.0,463.26,1.0,3.0,4.0,8.0,At Risk,0,2026-03-30
C00402,India,22,Female,Gold,2023-03-20,434.0,3.0,143.71,3.0,3.0,2.0,8.0,Loyal Customers,0,2026-03-30
C00403,Canada,44,Male,Free,2025-09-22,1221.0,1.0,213.27,1.0,3.0,2.0,6.0,Regular,0,2026-03-30
C00404,Canada,43,Female,Silver,2024-06-29,45.0,6.0,661.96,5.0,3.0,5.0,13.0,Loyal Customers,0,2026-03-30
C00405,United States,51,Female,Platinum,2026-02-06,393.0,3.0,280.78,3.0,3.0,3.0,9.0,Loyal Customers,0,2026-03-30
C00406,Canada,25,Female,Free,2026-03-01,315.0,2.0,628.29,4.0,3.0,5.0,12.0,Loyal Customers,1,2026-03-30
C00407,United States,30,Male,Gold,2024-10-18,212.0,5.0,484.71,4.0,3.0,4.0,11.0,Loyal Customers,0,2026-03-30
C00408,United Kingdom,37,Female,Silver,2025-11-04,174.0,3.0,363.01,4.0,3.0,3.0,10.0,Loyal Customers,0,2026-03-30
C00409,United States,18,Male,Free,2021-12-04,323.0,5.0,285.23,4.0,3.0,3.0,10.0,Loyal Customers,0,2026-03-30
C00410,Germany,36,Male,Silver,2025-08-22,1176.0,4.0,322.67,1.0,3.0,3.0,7.0,At Risk,0,2026-03-30
C00411,Canada,20,Female,Gold,2021-08-24,636.0,5.0,1299.12,2.0,3.0,5.0,10.0,At Risk,0,2026-03-30
C00412,United States,44,Female,Free,2024-06-23,153.0,3.0,1111.88,4.0,3.0,5.0,12.0,Loyal Customers,0,2026-03-30
C00413,Turkey,20,Male,Free,2025-07-28,326.0,5.0,358.53000000000003,4.0,3.0,3.0,10.0,Loyal Customers,0,2026-03-30
C00414,Netherlands,22,Female,Free,2024-10-02,231.0,3.0,148.51999999999998,4.0,3.0,2.0,9.0,Loyal Customers,0,2026-03-30
C00415,United States,34,Female,Silver,2026-01-13,161.0,2.0,310.79,4.0,3.0,3.0,10.0,Loyal Customers,0,2026-03-30
C00416,Australia,55,Male,Free,2021-07-19,624.0,3.0,449.98,3.0,3.0,4.0,10.0,Loyal Customers,1,2026-03-30
C00417,Mexico,24,Male,Silver,2024-12-13,51.0,3.0,1429.8300000000002,5.0,3.0,5.0,13.0,Loyal Customers,0,2026-03-30
C00418,India,45,Female,Free,2025-12-01,251.0,2.0,42.04,4.0,3.0,1.0,8.0,Loyal Customers,0,2026-03-30
C00419,Mexico,41,Female,Silver,2025-08-02,176.0,2.0,150.89,4.0,3.0,2.0,9.0,Loyal Customers,0,2026-03-30
C00420,United States,42,Male,Silver,2025-11-17,825.0,4.0,550.5999999999999,2.0,3.0,4.0,9.0,At Risk,0,2026-03-30
C00421,Spain,24,Female,Free,2024-03-28,1133.0,2.0,115.18,1.0,3.0,1.0,5.0,Regular,0,2026-03-30
C00422,United States,26,Male,Free,2025-10-17,772.0,5.0,405.98,2.0,3.0,4.0,9.0,At Risk,0,2026-03-30
C00423,United States,43,Male,Gold,2025-12-23,56.0,3.0,722.1800000000001,5.0,3.0,5.0,13.0,Loyal Customers,0,2026-03-30
C00424,Netherlands,34,Other,Gold,2024-09-23,304.0,4.0,578.08,4.0,3.0,4.0,11.0,Loyal Customers,0,2026-03-30
C00425,United Kingdom,58,Female,Silver,2025-11-03,1550.0,2.0,174.11,1.0,3.0,2.0,6.0,Regular,0,2026-03-30
C00426,United States,44,Female,Silver,2025-12-04,316.0,3.0,443.77,4.0,3.0,4.0,11.0,Loyal Customers,0,2026-03-30
C00427,United States,30,Male,Gold,2025-12-06,109.0,7.0,975.09,5.0,3.0,5.0,13.0,Loyal Customers,0,2026-03-30
C00428,United Kingdom,41,Female,Free,2019-09-28,107.0,4.0,997.97,5.0,3.0,5.0,13.0,Loyal Customers,0,2026-03-30
C00429,United States,42,Female,Free,2023-08-03,1280.0,1.0,89.08,1.0,3.0,1.0,5.0,Regular,1,2026-03-30
C00430,South Korea,36,Male,Free,2024-04-08,83.0,4.0,1202.24,5.0,3.0,5.0,13.0,Loyal Customers,0,2026-03-30
C00431,Germany,33,Male,Free,2023-06-11,411.0,4.0,629.43,3.0,3.0,5.0,11.0,Loyal Customers,0,2026-03-30
C00432,United States,57,Male,Free,2024-09-24,689.0,5.0,1047.78,2.0,3.0,5.0,10.0,At Risk,0,2026-03-30
C00433,Germany,29,Female,Free,2023-07-06,,,,,,,,No orders in window,0,2026-03-30
C00434,Canada,23,Male,Free,2023-04-22,,,,,,,,No orders in window,0,2026-03-30
C00435,United States,24,Female,Free,2023-08-05,751.0,1.0,32.2,2.0,3.0,1.0,6.0,Regular,0,2026-03-30
C00436,Sweden,43,Female,Silver,2025-06-24,195.0,2.0,195.63,4.0,3.0,2.0,9.0,Loyal Customers,0,2026-03-30
C00437,Italy,41,Female,Free,2026-03-03,309.0,3.0,421.82,4.0,3.0,4.0,11.0,Loyal Customers,0,2026-03-30
C00438,France,29,Female,Free,2023-03-05,872.0,6.0,618.24,2.0,3.0,4.0,9.0,At Risk,0,2026-03-30
C00439,United States,28,Female,Gold,2025-06-02,473.0,2.0,27.56,3.0,3.0,1.0,7.0,Loyal Customers,0,2026-03-30
C00440,South Korea,70,Female,Silver,2021-05-29,312.0,4.0,452.03,4.0,3.0,4.0,11.0,Loyal Customers,0,2026-03-30
C00441,United States,33,Male,Free,2026-03-12,583.0,2.0,978.19,3.0,3.0,5.0,11.0,Loyal Customers,0,2026-03-30
C00442,India,20,Male,Platinum,2025-09-24,1910.0,2.0,65.68,1.0,3.0,1.0,5.0,Regular,0,2026-03-30
C00443,United States,35,Male,Free,2021-04-25,949.0,5.0,452.36,2.0,3.0,4.0,9.0,At Risk,0,2026-03-30
C00444,Netherlands,44,Male,Silver,2023-11-16,1138.0,2.0,589.39,1.0,3.0,4.0,8.0,At Risk,0,2026-03-30
C00445,France,30,Female,Free,2025-11-18,21.0,5.0,166.19,5.0,3.0,2.0,10.0,Loyal Customers,0,2026-03-30
C00446,Brazil,31,Male,Free,2025-08-14,44.0,3.0,167.08,5.0,3.0,2.0,10.0,Loyal Customers,0,2026-03-30
C00447,Germany,34,Male,Free,2024-05-07,,,,,,,,No orders in window,0,2026-03-30
C00448,United States,59,Female,Free,2023-01-23,525.0,2.0,88.94999999999999,3.0,3.0,1.0,7.0,Loyal Customers,0,2026-03-30
C00449,United Kingdom,39,Female,Free,2025-12-22,1771.0,3.0,221.56,1.0,3.0,2.0,6.0,Regular,0,2026-03-30
C00450,Canada,47,Other,Free,2024-04-13,440.0,4.0,307.91,3.0,3.0,3.0,9.0,Loyal Customers,0,2026-03-30
C00451,France,46,Male,Free,2022-07-12,55.0,5.0,263.28000000000003,5.0,3.0,3.0,11.0,Loyal Customers,0,2026-03-30
C00452,Australia,18,Male,Free,2024-08-26,107.0,2.0,537.21,5.0,3.0,4.0,12.0,Loyal Customers,0,2026-03-30
C00453,United States,30,Female,Gold,2022-03-29,928.0,1.0,109.03,2.0,3.0,1.0,6.0,Regular,0,2026-03-30
C00454,South Korea,24,Male,Free,2021-02-03,1205.0,2.0,298.42999999999995,1.0,3.0,3.0,7.0,At Risk,1,2026-03-30
C00455,Mexico,18,Female,Silver,2022-07-21,256.0,3.0,453.1,4.0,3.0,4.0,11.0,Loyal Customers,0,2026-03-30
C00456,United States,19,Female,Free,2023-04-09,83.0,4.0,227.79,5.0,3.0,2.0,10.0,Loyal Customers,0,2026-03-30
C00457,United States,33,Female,Silver,2025-03-13,32.0,5.0,372.87,5.0,3.0,3.0,11.0,Loyal Customers,0,2026-03-30
C00458,Canada,58,Male,Free,2025-03-18,1580.0,2.0,684.03,1.0,3.0,5.0,9.0,At Risk,0,2026-03-30
C00459,United States,19,Female,Silver,2024-08-14,128.0,3.0,373.48,5.0,3.0,3.0,11.0,Loyal Customers,0,2026-03-30
C00460,United Kingdom,51,Female,Free,2025-10-03,464.0,2.0,170.66,3.0,3.0,2.0,8.0,Loyal Customers,0,2026-03-30
C00461,Australia,45,Male,Platinum,2025-07-04,832.0,2.0,154.82,2.0,3.0,2.0,7.0,Regular,0,2026-03-30
C00462,Mexico,32,Other,Free,2018-04-07,649.0,8.0,1290.14,2.0,3.0,5.0,10.0,At Risk,0,2026-03-30
C00463,United States,24,Male,Silver,2025-09-11,153.0,5.0,1138.56,4.0,3.0,5.0,12.0,Loyal Customers,0,2026-03-30
C00464,United Kingdom,61,Male,Gold,2025-06-04,440.0,4.0,1480.92,3.0,3.0,5.0,11.0,Loyal Customers,0,2026-03-30
C00465,Germany,18,Male,Free,2024-07-29,162.0,6.0,465.34,4.0,3.0,4.0,11.0,Loyal Customers,0,2026-03-30
C00466,Brazil,22,Female,Free,2026-03-28,157.0,2.0,224.34,4.0,3.0,2.0,9.0,Loyal Customers,0,2026-03-30
C00467,United States,43,Female,Free,2024-11-13,936.0,1.0,40.64,2.0,3.0,1.0,6.0,Regular,0,2026-03-30
C00468,Japan,26,Female,Free,2024-12-18,701.0,2.0,94.32,2.0,3.0,1.0,6.0,Regular,0,2026-03-30
C00469,Mexico,23,Female,Free,2023-06-03,2052.0,2.0,111.57,1.0,3.0,1.0,5.0,Regular,1,2026-03-30
C00470,India,30,Male,Free,2025-08-12,908.0,3.0,132.35,2.0,3.0,1.0,6.0,Regular,1,2026-03-30
C00471,United Kingdom,32,Male,Free,2024-09-01,185.0,3.0,178.23,4.0,3.0,2.0,9.0,Loyal Customers,0,2026-03-30
C00472,France,38,Female,Free,2025-02-20,1296.0,2.0,784.22,1.0,3.0,5.0,9.0,At Risk,0,2026-03-30
C00473,Mexico,26,Male,Gold,2024-06-08,,,,,,,,No orders in window,0,2026-03-30
C00474,Brazil,21,Male,Free,2023-02-01,559.0,6.0,424.43,3.0,3.0,4.0,10.0,Loyal Customers,1,2026-03-30
C00475,United Kingdom,18,Male,Free,2025-08-31,820.0,2.0,162.3,2.0,3.0,2.0,7.0,Regular,0,2026-03-30
C00476,Singapore,38,Male,Silver,2025-12-25,1064.0,2.0,490.04,1.0,3.0,4.0,8.0,At Risk,0,2026-03-30
C00477,Singapore,46,Male,Free,2019-11-26,1018.0,2.0,124.94,2.0,3.0,1.0,6.0,Regular,0,2026-03-30
C00478,India,33,Female,Silver,2023-09-08,851.0,2.0,59.36,2.0,3.0,1.0,6.0,Regular,0,2026-03-30
C00479,Mexico,35,Female,Free,2026-01-31,945.0,3.0,485.69000000000005,2.0,3.0,4.0,9.0,At Risk,0,2026-03-30
C00480,South Korea,40,Male,Silver,2026-02-28,1081.0,4.0,450.01,1.0,3.0,4.0,8.0,At Risk,0,2026-03-30
C00481,United States,38,Female,Gold,2023-03-08,765.0,4.0,693.5600000000001,2.0,3.0,5.0,10.0,At Risk,0,2026-03-30
C00482,Uae,42,Male,Silver,2024-06-07,1272.0,2.0,462.14,1.0,3.0,4.0,8.0,At Risk,0,2026-03-30
C00483,Spain,34,Female,Silver,2025-03-30,289.0,4.0,423.57,4.0,3.0,4.0,11.0,Loyal Customers,0,2026-03-30
C00484,Italy,47,Female,Gold,2025-03-01,686.0,3.0,384.4,2.0,3.0,3.0,8.0,At Risk,0,2026-03-30
C00485,Mexico,38,Male,Platinum,2025-04-01,570.0,5.0,291.47,3.0,3.0,3.0,9.0,Loyal Customers,0,2026-03-30
C00486,Australia,31,Male,Gold,2026-03-17,249.0,2.0,181.3,4.0,3.0,2.0,9.0,Loyal Customers,0,2026-03-30
C00487,United States,23,Female,Gold,2026-03-22,968.0,5.0,658.6800000000001,2.0,3.0,5.0,10.0,At Risk,0,2026-03-30
C00488,United Kingdom,45,Male,Free,2025-06-07,237.0,7.0,1248.69,4.0,3.0,5.0,12.0,Loyal Customers,0,2026-03-30
C00489,United States,41,Female,Free,2023-03-24,1807.0,1.0,175.23,1.0,3.0,2.0,6.0,Regular,1,2026-03-30
C00490,United Kingdom,30,Female,Free,2023-11-11,375.0,5.0,490.47,3.0,3.0,4.0,10.0,Loyal Customers,0,2026-03-30
C00491,Germany,31,Male,Free,2026-03-23,943.0,3.0,133.09,2.0,3.0,1.0,6.0,Regular,0,2026-03-30
C00492,United States,42,Female,Silver,2025-03-23,186.0,3.0,222.67,4.0,3.0,2.0,9.0,Loyal Customers,1,2026-03-30
C00493,United Kingdom,23,Male,Gold,2019-08-12,352.0,3.0,308.28,3.0,3.0,3.0,9.0,Loyal Customers,0,2026-03-30
C00494,United States,39,Male,Platinum,2024-01-27,33.0,2.0,185.86,5.0,3.0,2.0,10.0,Loyal Customers,0,2026-03-30
C00495,Italy,44,Male,Free,2025-05-16,2052.0,1.0,32.51,1.0,3.0,1.0,5.0,Regular,0,2026-03-30
C00496,South Korea,18,Male,Gold,2023-09-23,311.0,5.0,590.32,4.0,3.0,4.0,11.0,Loyal Customers,0,2026-03-30
C00497,Uae,37,Male,Silver,2023-05-08,253.0,4.0,417.53,4.0,3.0,4.0,11.0,Loyal Customers,0,2026-03-30
C00498,Germany,45,Male,Free,2023-11-10,132.0,2.0,186.56,5.0,3.0,2.0,10.0,Loyal Customers,0,2026-03-30
C00499,Japan,21,Male,Free,2025-01-24,1670.0,3.0,130.11,1.0,3.0,1.0,5.0,Regular,0,2026-03-30
C00500,Japan,45,Male,Free,2024-11-17,98.0,3.0,125.17,5.0,3.0,1.0,9.0,Loyal Customers,1,2026-03-30
C00501,Germany,52,Female,Gold,2021-12-12,177.0,3.0,491.63,4.0,3.0,4.0,11.0,Loyal Customers,0,2026-03-30
C00502,United States,27,Female,Free,2019-12-21,215.0,4.0,310.44,4.0,3.0,3.0,10.0,Loyal Customers,0,2026-03-30
C00503,United States,33,Female,Gold,2022-06-22,125.0,8.0,799.96,5.0,3.0,5.0,13.0,Loyal Customers,0,2026-03-30
C00504,India,37,Male,Free,2025-04-16,748.0,3.0,193.56,2.0,3.0,2.0,7.0,Regular,0,2026-03-30
C00505,Germany,22,Female,Silver,2025-10-19,296.0,3.0,182.08,4.0,3.0,2.0,9.0,Loyal Customers,0,2026-03-30
C00506,United Kingdom,44,Female,Free,2026-01-15,848.0,6.0,705.3,2.0,3.0,5.0,10.0,At Risk,0,2026-03-30
C00507,Australia,18,Male,Silver,2025-01-04,647.0,3.0,237.34,2.0,3.0,2.0,7.0,Regular,0,2026-03-30
C00508,United States,34,Male,Free,2025-12-23,581.0,4.0,215.19,3.0,3.0,2.0,8.0,Loyal Customers,0,2026-03-30
C00509,Canada,41,Male,Free,2025-05-26,721.0,3.0,203.73,2.0,3.0,2.0,7.0,Regular,0,2026-03-30
C00510,Sweden,41,Male,Gold,2025-11-10,,,,,,,,No orders in window,0,2026-03-30
C00511,Brazil,19,Male,Free,2024-08-29,1027.0,2.0,116.61,2.0,3.0,1.0,6.0,Regular,0,2026-03-30
C00512,Spain,36,Female,Free,2025-12-16,1332.0,3.0,139.24,1.0,3.0,1.0,5.0,Regular,0,2026-03-30
C00513,France,25,Male,Silver,2020-08-23,1288.0,4.0,390.24,1.0,3.0,3.0,7.0,At Risk,0,2026-03-30
C00514,Italy,37,Female,Free,2025-04-18,1067.0,4.0,210.42,1.0,3.0,2.0,6.0,Regular,0,2026-03-30
C00515,Italy,55,Female,Silver,2024-12-08,582.0,3.0,589.65,3.0,3.0,4.0,10.0,Loyal Customers,0,2026-03-30
C00516,France,46,Female,Free,2024-10-21,641.0,3.0,299.12,2.0,3.0,3.0,8.0,At Risk,1,2026-03-30
C00517,India,37,Male,Free,2026-01-25,24.0,5.0,733.84,5.0,3.0,5.0,13.0,Loyal Customers,1,2026-03-30
C00518,United Kingdom,32,Male,Free,2024-10-17,151.0,2.0,320.79,5.0,3.0,3.0,11.0,Loyal Customers,0,2026-03-30
C00519,Brazil,40,Male,Free,2023-08-08,219.0,6.0,539.45,4.0,3.0,4.0,11.0,Loyal Customers,1,2026-03-30
C00520,United Kingdom,35,Male,Free,2023-05-01,162.0,6.0,256.29,4.0,3.0,2.0,9.0,Loyal Customers,0,2026-03-30
C00521,India,26,Other,Silver,2024-10-31,1626.0,2.0,169.28,1.0,3.0,2.0,6.0,Regular,0,2026-03-30
C00522,Brazil,18,Male,Platinum,2025-12-19,170.0,3.0,355.03000000000003,4.0,3.0,3.0,10.0,Loyal Customers,0,2026-03-30
C00523,Germany,36,Male,Silver,2024-01-13,338.0,5.0,294.54,4.0,3.0,3.0,10.0,Loyal Customers,0,2026-03-30
C00524,India,39,Female,Free,2025-01-04,312.0,2.0,101.51,4.0,3.0,1.0,8.0,Loyal Customers,0,2026-03-30
C00525,United States,51,Male,Platinum,2025-09-21,494.0,4.0,739.95,3.0,3.0,5.0,11.0,Loyal Customers,0,2026-03-30
C00526,Spain,18,Female,Silver,2024-06-02,403.0,3.0,658.0799999999999,3.0,3.0,5.0,11.0,Loyal Customers,0,2026-03-30
C00527,Japan,25,Male,Silver,2022-10-16,777.0,2.0,208.75,2.0,3.0,2.0,7.0,Regular,0,2026-03-30
C00528,India,37,Female,Free,2023-09-03,482.0,3.0,635.51,3.0,3.0,5.0,11.0,Loyal Customers,0,2026-03-30
C00529,Mexico,29,Male,Free,2025-08-27,122.0,2.0,261.32,5.0,3.0,3.0,11.0,Loyal Customers,0,2026-03-30
C00530,United States,26,Male,Free,2026-01-26,73.0,5.0,718.84,5.0,3.0,5.0,13.0,Loyal Customers,0,2026-03-30
C00531,Germany,48,Male,Silver,2025-09-10,163.0,3.0,221.86,4.0,3.0,2.0,9.0,Loyal Customers,0,2026-03-30
C00532,France,51,Male,Silver,2025-07-24,286.0,8.0,975.6,4.0,3.0,5.0,12.0,Loyal Customers,0,2026-03-30
C00533,United States,29,Female,Gold,2022-07-30,1082.0,4.0,308.6,1.0,3.0,3.0,7.0,At Risk,0,2026-03-30
C00534,United States,30,Female,Free,2023-03-31,147.0,8.0,916.0,5.0,3.0,5.0,13.0,Loyal Customers,0,2026-03-30
C00535,United States,28,Male,Free,2024-10-07,48.0,7.0,762.8,5.0,3.0,5.0,13.0,Loyal Customers,0,2026-03-30
C00536,Germany,22,Female,Gold,2026-02-14,143.0,6.0,775.54,5.0,3.0,5.0,13.0,Loyal Customers,0,2026-03-30
C00537,South Korea,18,Male,Gold,2025-09-21,245.0,8.0,1178.86,4.0,3.0,5.0,12.0,Loyal Customers,0,2026-03-30
C00538,Germany,31,Female,Free,2021-12-27,114.0,3.0,127.16,5.0,3.0,1.0,9.0,Loyal Customers,0,2026-03-30
C00539,Brazil,47,Female,Gold,2023-08-20,26.0,4.0,416.11,5.0,3.0,4.0,12.0,Loyal Customers,0,2026-03-30
C00540,Mexico,19,Male,Free,2025-02-17,,,,,,,,No orders in window,0,2026-03-30
C00541,Brazil,31,Male,Gold,2025-08-17,119.0,4.0,535.65,5.0,3.0,4.0,12.0,Loyal Customers,0,2026-03-30
C00542,France,33,Female,Free,2025-07-11,923.0,2.0,113.25,2.0,3.0,1.0,6.0,Regular,0,2026-03-30
C00543,United Kingdom,61,Other,Free,2022-11-16,53.0,3.0,221.61,5.0,3.0,2.0,10.0,Loyal Customers,0,2026-03-30
C00544,Germany,51,Female,Free,2022-04-12,479.0,3.0,140.01,3.0,3.0,2.0,8.0,Loyal Customers,0,2026-03-30
C00545,France,36,Male,Free,2025-10-17,162.0,4.0,174.45,4.0,3.0,2.0,9.0,Loyal Customers,0,2026-03-30
C00546,United Kingdom,32,Male,Platinum,2024-02-16,1028.0,2.0,351.84000000000003,2.0,3.0,3.0,8.0,At Risk,1,2026-03-30
C00547,United States,33,Female,Free,2025-01-15,1.0,3.0,193.87,5.0,3.0,2.0,10.0,Loyal Customers,0,2026-03-30
C00548,Turkey,30,Male,Silver,2026-03-22,,,,,,,,No orders in window,0,2026-03-30
C00549,United States,49,Male,Silver,2026-02-10,32.0,3.0,322.58,5.0,3.0,3.0,11.0,Loyal Customers,1,2026-03-30
C00550,Japan,45,Male,Gold,2025-05-18,35.0,3.0,603.19,5.0,3.0,4.0,12.0,Loyal Customers,0,2026-03-30
C00551,Netherlands,18,Male,Free,2025-08-09,43.0,3.0,109.3,5.0,3.0,1.0,9.0,Loyal Customers,0,2026-03-30
C00552,United States,50,Male,Free,2025-01-15,272.0,6.0,1578.83,4.0,3.0,5.0,12.0,Loyal Customers,0,2026-03-30
C00553,South Korea,40,Male,Free,2025-01-15,1339.0,2.0,617.24,1.0,3.0,4.0,8.0,At Risk,0,2026-03-30
C00554,United States,37,Female,Free,2022-08-23,577.0,3.0,388.47,3.0,3.0,3.0,9.0,Loyal Customers,0,2026-03-30
C00555,United Kingdom,35,Female,Gold,2023-03-04,75.0,1.0,12.84,5.0,3.0,1.0,9.0,Loyal Customers,0,2026-03-30
C00556,United States,50,Female,Free,2024-05-04,720.0,1.0,46.71,2.0,3.0,1.0,6.0,Regular,0,2026-03-30
C00557,Canada,39,Male,Silver,2024-04-10,822.0,1.0,50.04,2.0,3.0,1.0,6.0,Regular,0,2026-03-30
C00558,United Kingdom,26,Female,Silver,2025-07-21,,,,,,,,No orders in window,0,2026-03-30
C00559,Australia,49,Male,Free,2025-01-28,539.0,4.0,741.3100000000001,3.0,3.0,5.0,11.0,Loyal Customers,0,2026-03-30
C00560,France,28,Female,Free,2026-01-07,274.0,2.0,305.46,4.0,3.0,3.0,10.0,Loyal Customers,0,2026-03-30
C00561,Spain,24,Female,Free,2026-02-19,83.0,6.0,2051.65,5.0,3.0,5.0,13.0,Loyal Customers,1,2026-03-30
C00562,United Kingdom,32,Male,Free,2021-07-19,912.0,2.0,321.14,2.0,3.0,3.0,8.0,At Risk,0,2026-03-30
C00563,United States,36,Female,Free,2023-06-20,27.0,6.0,985.26,5.0,3.0,5.0,13.0,Loyal Customers,1,2026-03-30
C00564,United Kingdom,18,Female,Free,2024-09-09,641.0,1.0,273.08,2.0,3.0,3.0,8.0,At Risk,0,2026-03-30
C00565,United States,32,Female,Silver,2025-06-02,579.0,4.0,296.78,3.0,3.0,3.0,9.0,Loyal Customers,0,2026-03-30
C00566,United States,34,Male,Free,2019-12-20,475.0,3.0,284.29999999999995,3.0,3.0,3.0,9.0,Loyal Customers,0,2026-03-30
C00567,United States,35,Female,Silver,2024-10-30,1137.0,2.0,370.13,1.0,3.0,3.0,7.0,At Risk,0,2026-03-30
C00568,Japan,50,Female,Free,2025-10-12,1973.0,1.0,13.87,1.0,3.0,1.0,5.0,Regular,0,2026-03-30
C00569,United States,18,Male,Free,2022-05-04,237.0,8.0,433.91,4.0,3.0,4.0,11.0,Loyal Customers,0,2026-03-30
C00570,South Korea,27,Female,Free,2024-07-30,778.0,2.0,98.88,2.0,3.0,1.0,6.0,Regular,0,2026-03-30
C00571,Germany,23,Male,Silver,2025-05-10,924.0,6.0,683.53,2.0,3.0,5.0,10.0,At Risk,1,2026-03-30
C00572,South Korea,31,Female,Free,2025-10-03,131.0,4.0,620.9100000000001,5.0,3.0,4.0,12.0,Loyal Customers,0,2026-03-30
C00573,United States,33,Female,Free,2024-09-23,414.0,3.0,547.91,3.0,3.0,4.0,10.0,Loyal Customers,0,2026-03-30
C00574,United States,64,Female,Free,2025-07-10,535.0,4.0,365.72,3.0,3.0,3.0,9.0,Loyal Customers,0,2026-03-30
C00575,India,41,Female,Free,2024-03-05,578.0,2.0,203.65,3.0,3.0,2.0,8.0,Loyal Customers,1,2026-03-30
C00576,United States,34,Other,Gold,2024-10-18,951.0,2.0,437.6,2.0,3.0,4.0,9.0,At Risk,1,2026-03-30
C00577,France,43,Other,Free,2025-12-22,1747.0,4.0,1105.5,1.0,3.0,5.0,9.0,At Risk,1,2026-03-30
C00578,Canada,43,Other,Free,2023-07-11,116.0,3.0,473.48,5.0,3.0,4.0,12.0,Loyal Customers,0,2026-03-30
C00579,Germany,44,Male,Free,2025-04-11,481.0,6.0,518.24,3.0,3.0,4.0,10.0,Loyal Customers,0,2026-03-30
C00580,United States,30,Female,Gold,2025-11-19,205.0,6.0,415.53,4.0,3.0,4.0,11.0,Loyal Customers,0,2026-03-30
C00581,United States,18,Male,Free,2025-12-02,1520.0,1.0,40.91,1.0,3.0,1.0,5.0,Regular,0,2026-03-30
C00582,United Kingdom,54,Female,Free,2025-11-23,369.0,3.0,1293.2399999999998,3.0,3.0,5.0,11.0,Loyal Customers,0,2026-03-30
C00583,United States,48,Female,Free,2022-10-27,,,,,,,,No orders in window,0,2026-03-30
C00584,Mexico,24,Female,Free,2025-06-19,323.0,5.0,482.72,4.0,3.0,4.0,11.0,Loyal Customers,0,2026-03-30
C00585,United States,31,Male,Free,2025-02-24,215.0,2.0,95.31,4.0,3.0,1.0,8.0,Loyal Customers,0,2026-03-30
C00586,India,33,Female,Free,2026-03-27,882.0,1.0,39.84,2.0,3.0,1.0,6.0,Regular,0,2026-03-30
C00587,South Africa,26,Male,Silver,2024-11-25,28.0,3.0,302.67,5.0,3.0,3.0,11.0,Loyal Customers,0,2026-03-30
C00588,Canada,30,Male,Free,2026-02-09,,,,,,,,No orders in window,0,2026-03-30
C00589,Singapore,18,Female,Gold,2025-03-12,156.0,5.0,877.9100000000001,4.0,3.0,5.0,12.0,Loyal Customers,0,2026-03-30
C00590,Australia,23,Male,Free,2023-12-24,45.0,6.0,321.37,5.0,3.0,3.0,11.0,Loyal Customers,0,2026-03-30
C00591,Canada,26,Male,Free,2026-01-14,2036.0,1.0,14.64,1.0,3.0,1.0,5.0,Regular,0,2026-03-30
C00592,Japan,42,Male,Platinum,2024-07-03,181.0,4.0,470.51,4.0,3.0,4.0,11.0,Loyal Customers,0,2026-03-30
C00593,Canada,44,Female,Silver,2025-06-19,497.0,2.0,779.95,3.0,3.0,5.0,11.0,Loyal Customers,0,2026-03-30
C00594,United Kingdom,37,Female,Free,2024-10-03,101.0,6.0,910.07,5.0,3.0,5.0,13.0,Loyal Customers,0,2026-03-30
C00595,India,25,Female,Free,2023-09-14,579.0,3.0,233.19,3.0,3.0,2.0,8.0,Loyal Customers,0,2026-03-30
C00596,United States,37,Male,Free,2025-10-28,2189.0,1.0,127.53,1.0,3.0,1.0,5.0,Regular,0,2026-03-30
C00597,South Korea,18,Male,Free,2023-03-03,794.0,3.0,105.53,2.0,3.0,1.0,6.0,Regular,0,2026-03-30
C00598,France,34,Male,Free,2025-02-23,85.0,5.0,270.84000000000003,5.0,3.0,3.0,11.0,Loyal Customers,0,2026-03-30
C00599,India,41,Female,Silver,2021-10-26,,,,,,,,No orders in window,0,2026-03-30
C00600,Australia,63,Female,Free,2026-01-28,808.0,2.0,97.41,2.0,3.0,1.0,6.0,Regular,0,2026-03-30
C00601,Canada,42,Male,Silver,2026-02-22,949.0,2.0,120.98,2.0,3.0,1.0,6.0,Regular,0,2026-03-30
C00602,Spain,18,Female,Free,2024-02-22,1764.0,1.0,78.71,1.0,3.0,1.0,5.0,Regular,0,2026-03-30
C00603,Brazil,21,Male,Gold,2025-08-26,23.0,5.0,289.69,5.0,3.0,3.0,11.0,Loyal Customers,0,2026-03-30
C00604,United States,39,Female,Silver,2024-04-26,112.0,3.0,217.4,5.0,3.0,2.0,10.0,Loyal Customers,0,2026-03-30
C00605,France,47,Female,Gold,2025-04-13,,,,,,,,No orders in window,0,2026-03-30
C00606,Canada,30,Female,Free,2024-09-20,1249.0,2.0,188.0,1.0,3.0,2.0,6.0,Regular,0,2026-03-30
C00607,Canada,27,Female,Free,2023-11-13,240.0,6.0,421.37,4.0,3.0,4.0,11.0,Loyal Customers,0,2026-03-30
C00608,France,27,Male,Gold,2023-05-02,652.0,3.0,211.3,2.0,3.0,2.0,7.0,Regular,0,2026-03-30
C00609,Mexico,28,Male,Silver,2023-10-18,187.0,6.0,490.16,4.0,3.0,4.0,11.0,Loyal Customers,0,2026-03-30
C00610,Mexico,58,Male,Free,2025-04-23,367.0,4.0,368.23,3.0,3.0,3.0,9.0,Loyal Customers,0,2026-03-30
C00611,United States,32,Male,Platinum,2026-03-05,63.0,2.0,298.99,5.0,3.0,3.0,11.0,Loyal Customers,1,2026-03-30
C00612,South Korea,36,Female,Silver,2026-02-05,125.0,4.0,346.66,5.0,3.0,3.0,11.0,Loyal Customers,0,2026-03-30
C00613,United States,49,Female,Gold,2024-04-13,282.0,5.0,427.32,4.0,3.0,4.0,11.0,Loyal Customers,0,2026-03-30
C00614,United States,34,Female,Free,2019-04-23,1050.0,4.0,254.94,2.0,3.0,2.0,7.0,Regular,1,2026-03-30
C00615,Australia,24,Female,Free,2025-08-13,61.0,2.0,117.82,5.0,3.0,1.0,9.0,Loyal Customers,0,2026-03-30
C00616,Germany,30,Male,Silver,2025-11-15,637.0,9.0,538.95,2.0,3.0,4.0,9.0,At Risk,0,2026-03-30
C00617,Germany,18,Female,Gold,2022-12-19,1608.0,2.0,176.46,1.0,3.0,2.0,6.0,Regular,0,2026-03-30
C00618,United Kingdom,20,Female,Free,2025-05-18,519.0,1.0,102.0,3.0,3.0,1.0,7.0,Loyal Customers,0,2026-03-30
C00619,United States,40,Male,Silver,2025-08-30,281.0,5.0,371.63,4.0,3.0,3.0,10.0,Loyal Customers,0,2026-03-30
C00620,United Kingdom,37,Female,Free,2025-02-14,325.0,3.0,79.27000000000001,4.0,3.0,1.0,8.0,Loyal Customers,0,2026-03-30
C00621,United States,35,Female,Gold,2022-12-30,817.0,5.0,397.73,2.0,3.0,3.0,8.0,At Risk,0,2026-03-30
C00622,Italy,20,Male,Free,2026-03-26,662.0,3.0,244.95,2.0,3.0,2.0,7.0,Regular,0,2026-03-30
C00623,Germany,45,Female,Silver,2025-10-24,230.0,6.0,1234.62,4.0,3.0,5.0,12.0,Loyal Customers,0,2026-03-30
C00624,India,18,Male,Free,2025-11-25,27.0,3.0,425.82,5.0,3.0,4.0,12.0,Loyal Customers,0,2026-03-30
C00625,France,41,Female,Free,2026-03-19,1980.0,1.0,66.03,1.0,3.0,1.0,5.0,Regular,0,2026-03-30
C00626,United States,62,Female,Free,2025-03-16,689.0,2.0,51.23,2.0,3.0,1.0,6.0,Regular,0,2026-03-30
C00627,India,43,Male,Free,2024-10-26,,,,,,,,No orders in window,0,2026-03-30
C00628,United States,43,Male,Platinum,2025-08-16,765.0,2.0,198.21,2.0,3.0,2.0,7.0,Regular,0,2026-03-30
C00629,United States,20,Male,Free,2025-11-13,1214.0,3.0,682.72,1.0,3.0,5.0,9.0,At Risk,1,2026-03-30
C00630,Australia,18,Female,Free,2025-11-09,250.0,5.0,813.9399999999999,4.0,3.0,5.0,12.0,Loyal Customers,1,2026-03-30
C00631,France,27,Female,Silver,2025-10-07,625.0,3.0,150.37,2.0,3.0,2.0,7.0,Regular,0,2026-03-30
C00632,India,22,Female,Gold,2022-06-23,56.0,5.0,644.59,5.0,3.0,5.0,13.0,Loyal Customers,0,2026-03-30
C00633,United Kingdom,29,Female,Free,2025-01-05,,,,,,,,No orders in window,0,2026-03-30
C00634,United Kingdom,18,Male,Free,2024-02-22,110.0,5.0,329.66,5.0,3.0,3.0,11.0,Loyal Customers,0,2026-03-30
C00635,United States,33,Female,Free,2022-02-11,2090.0,2.0,261.79,1.0,3.0,3.0,7.0,At Risk,0,2026-03-30
C00636,India,29,Male,Gold,2025-02-08,1617.0,2.0,1325.11,1.0,3.0,5.0,9.0,At Risk,0,2026-03-30
C00637,Brazil,23,Male,Free,2023-05-07,301.0,2.0,88.17,4.0,3.0,1.0,8.0,Loyal Customers,0,2026-03-30
C00638,United States,33,Male,Free,2025-02-24,1005.0,2.0,77.76,2.0,3.0,1.0,6.0,Regular,0,2026-03-30
C00639,United Kingdom,50,Male,Gold,2023-07-21,2099.0,2.0,415.09,1.0,3.0,4.0,8.0,At Risk,0,2026-03-30
C00640,United States,35,Male,Silver,2024-12-11,857.0,4.0,344.34000000000003,2.0,3.0,3.0,8.0,At Risk,0,2026-03-30
C00641,Turkey,33,Male,Free,2025-01-16,1015.0,4.0,323.09,2.0,3.0,3.0,8.0,At Risk,0,2026-03-30
C00642,India,36,Male,Free,2021-05-16,53.0,4.0,1319.79,5.0,3.0,5.0,13.0,Loyal Customers,0,2026-03-30
C00643,United States,28,Female,Gold,2025-05-29,73.0,5.0,984.68,5.0,3.0,5.0,13.0,Loyal Customers,0,2026-03-30
C00644,India,40,Male,Silver,2023-11-19,303.0,2.0,104.44,4.0,3.0,1.0,8.0,Loyal Customers,1,2026-03-30
C00645,Spain,18,Male,Free,2024-12-22,706.0,1.0,35.58,2.0,3.0,1.0,6.0,Regular,1,2026-03-30
C00646,Australia,24,Female,Platinum,2025-07-05,1112.0,2.0,81.27000000000001,1.0,3.0,1.0,5.0,Regular,0,2026-03-30
C00647,France,31,Female,Free,2025-11-17,,,,,,,,No orders in window,0,2026-03-30
C00648,Germany,49,Female,Gold,2025-09-05,2174.0,1.0,29.54,1.0,3.0,1.0,5.0,Regular,0,2026-03-30
C00649,France,68,Male,Free,2024-02-09,87.0,2.0,185.83,5.0,3.0,2.0,10.0,Loyal Customers,0,2026-03-30
C00650,India,46,Female,Free,2025-12-11,49.0,5.0,940.59,5.0,3.0,5.0,13.0,Loyal Customers,0,2026-03-30
C00651,Canada,30,Male,Free,2023-05-14,,,,,,,,No orders in window,0,2026-03-30
C00652,India,19,Male,Gold,2025-11-12,346.0,3.0,222.12,4.0,3.0,2.0,9.0,Loyal Customers,0,2026-03-30
C00653,Australia,34,Female,Free,2026-03-04,212.0,7.0,963.94,4.0,3.0,5.0,12.0,Loyal Customers,0,2026-03-30
C00654,United States,47,Female,Silver,2025-09-25,205.0,3.0,288.08,4.0,3.0,3.0,10.0,Loyal Customers,0,2026-03-30
C00655,India,21,Male,Gold,2024-10-06,439.0,7.0,634.96,3.0,3.0,5.0,11.0,Loyal Customers,0,2026-03-30
C00656,Australia,34,Female,Free,2025-07-03,10.0,3.0,715.6800000000001,5.0,3.0,5.0,13.0,Loyal Customers,0,2026-03-30
C00657,Netherlands,37,Male,Gold,2025-08-09,567.0,3.0,152.72,3.0,3.0,2.0,8.0,Loyal Customers,0,2026-03-30
C00658,France,54,Male,Gold,2025-03-06,349.0,6.0,991.81,3.0,3.0,5.0,11.0,Loyal Customers,0,2026-03-30
C00659,Japan,56,Female,Free,2025-10-03,687.0,2.0,354.71,2.0,3.0,3.0,8.0,At Risk,0,2026-03-30
C00660,France,37,Male,Free,2022-12-28,526.0,4.0,198.06,3.0,3.0,2.0,8.0,Loyal Customers,0,2026-03-30
C00661,India,18,Female,Free,2025-08-23,322.0,4.0,253.14,4.0,3.0,2.0,9.0,Loyal Customers,0,2026-03-30
C00662,India,40,Female,Silver,2024-10-26,783.0,3.0,952.73,2.0,3.0,5.0,10.0,At Risk,0,2026-03-30
C00663,United States,38,Male,Free,2025-12-04,595.0,4.0,445.82,3.0,3.0,4.0,10.0,Loyal Customers,0,2026-03-30
C00664,United States,39,Female,Free,2020-11-19,835.0,3.0,403.12,2.0,3.0,4.0,9.0,At Risk,0,2026-03-30
C00665,United States,48,Female,Gold,2025-01-02,533.0,5.0,449.66,3.0,3.0,4.0,10.0,Loyal Customers,0,2026-03-30
C00666,United States,38,Female,Free,2022-09-07,160.0,3.0,145.08,4.0,3.0,2.0,9.0,Loyal Customers,0,2026-03-30
C00667,United States,37,Female,Gold,2025-06-19,303.0,3.0,198.54,4.0,3.0,2.0,9.0,Loyal Customers,0,2026-03-30
C00668,United States,46,Male,Free,2023-03-04,923.0,2.0,236.91000000000005,2.0,3.0,2.0,7.0,Regular,0,2026-03-30
C00669,Germany,23,Male,Silver,2023-12-30,872.0,6.0,1310.38,2.0,3.0,5.0,10.0,At Risk,0,2026-03-30
C00670,United States,18,Female,Free,2026-02-01,1873.0,2.0,127.95,1.0,3.0,1.0,5.0,Regular,0,2026-03-30
C00671,Canada,27,Male,Free,2026-02-07,103.0,5.0,390.06,5.0,3.0,3.0,11.0,Loyal Customers,0,2026-03-30
C00672,United States,32,Male,Silver,2020-12-03,862.0,3.0,182.62,2.0,3.0,2.0,7.0,Regular,0,2026-03-30
C00673,Spain,22,Male,Free,2025-03-31,393.0,3.0,290.45000000000005,3.0,3.0,3.0,9.0,Loyal Customers,0,2026-03-30
C00674,India,34,Male,Free,2024-12-08,119.0,2.0,599.6899999999999,5.0,3.0,4.0,12.0,Loyal Customers,0,2026-03-30
C00675,Australia,50,Female,Free,2025-07-20,451.0,4.0,783.97,3.0,3.0,5.0,11.0,Loyal Customers,0,2026-03-30
C00676,United States,20,Male,Free,2026-01-20,1370.0,1.0,24.65,1.0,3.0,1.0,5.0,Regular,0,2026-03-30
C00677,India,45,Female,Platinum,2026-01-20,641.0,3.0,262.06,2.0,3.0,3.0,8.0,At Risk,0,2026-03-30
C00678,Uae,20,Female,Gold,2024-06-18,223.0,5.0,409.78,4.0,3.0,4.0,11.0,Loyal Customers,0,2026-03-30
C00679,United States,45,Female,Free,2025-04-15,362.0,3.0,335.85,3.0,3.0,3.0,9.0,Loyal Customers,0,2026-03-30
C00680,United States,31,Male,Free,2025-07-07,1186.0,2.0,145.11,1.0,3.0,2.0,6.0,Regular,0,2026-03-30
C00681,Japan,34,Female,Free,2024-12-06,433.0,4.0,232.42,3.0,3.0,2.0,8.0,Loyal Customers,0,2026-03-30
C00682,Japan,51,Female,Free,2024-03-24,594.0,6.0,958.42,3.0,3.0,5.0,11.0,Loyal Customers,0,2026-03-30
C00683,India,29,Female,Silver,2021-03-29,85.0,3.0,707.3199999999999,5.0,3.0,5.0,13.0,Loyal Customers,0,2026-03-30
C00684,Singapore,37,Female,Free,2024-07-08,105.0,4.0,539.91,5.0,3.0,4.0,12.0,Loyal Customers,0,2026-03-30
C00685,India,19,Male,Gold,2026-03-10,1.0,4.0,401.79,5.0,3.0,4.0,12.0,Loyal Customers,0,2026-03-30
C00686,United States,54,Female,Gold,2025-12-04,181.0,3.0,335.75,4.0,3.0,3.0,10.0,Loyal Customers,0,2026-03-30
C00687,United States,18,Male,Free,2025-11-07,114.0,6.0,674.51,5.0,3.0,5.0,13.0,Loyal Customers,0,2026-03-30
C00688,France,35,Female,Silver,2024-12-08,595.0,6.0,572.92,3.0,3.0,4.0,10.0,Loyal Customers,0,2026-03-30
C00689,United States,43,Other,Free,2024-01-23,239.0,1.0,33.8,4.0,3.0,1.0,8.0,Loyal Customers,0,2026-03-30
C00690,Germany,41,Male,Free,2025-09-24,1238.0,3.0,648.15,1.0,3.0,5.0,9.0,At Risk,0,2026-03-30
C00691,India,40,Female,Free,2025-12-05,1702.0,3.0,541.29,1.0,3.0,4.0,8.0,At Risk,1,2026-03-30
C00692,United States,39,Male,Silver,2026-03-19,,,,,,,,No orders in window,1,2026-03-30
C00693,United States,40,Female,Gold,2025-07-15,1123.0,1.0,11.78,1.0,3.0,1.0,5.0,Regular,1,2026-03-30
C00694,United Kingdom,29,Male,Gold,2023-07-07,1627.0,1.0,28.26,1.0,3.0,1.0,5.0,Regular,1,2026-03-30
C00695,United States,25,Female,Gold,2024-09-02,647.0,2.0,337.08,2.0,3.0,3.0,8.0,At Risk,0,2026-03-30
C00696,United States,43,Female,Free,2023-12-28,674.0,2.0,617.69,2.0,3.0,4.0,9.0,At Risk,0,2026-03-30
C00697,Netherlands,53,Male,Free,2026-01-14,328.0,3.0,386.94,4.0,3.0,3.0,10.0,Loyal Customers,0,2026-03-30
C00698,Australia,45,Male,Silver,2023-05-15,943.0,4.0,348.77,2.0,3.0,3.0,8.0,At Risk,0,2026-03-30
C00699,United States,26,Female,Free,2022-03-17,673.0,1.0,104.11,2.0,3.0,1.0,6.0,Regular,0,2026-03-30
C00700,Poland,41,Female,Silver,2023-09-05,1408.0,2.0,192.73,1.0,3.0,2.0,6.0,Regular,0,2026-03-30
C00701,United States,31,Female,Gold,2023-10-09,663.0,2.0,583.05,2.0,3.0,4.0,9.0,At Risk,0,2026-03-30
C00702,Brazil,62,Male,Gold,2023-01-21,219.0,6.0,1118.63,4.0,3.0,5.0,12.0,Loyal Customers,0,2026-03-30
C00703,Brazil,52,Male,Gold,2022-09-23,,,,,,,,No orders in window,0,2026-03-30
C00704,Netherlands,21,Female,Free,2024-03-28,513.0,2.0,57.77,3.0,3.0,1.0,7.0,Loyal Customers,0,2026-03-30
C00705,France,41,Male,Silver,2020-07-05,51.0,5.0,962.81,5.0,3.0,5.0,13.0,Loyal Customers,0,2026-03-30
C00706,United States,33,Male,Gold,2026-02-26,911.0,2.0,223.11,2.0,3.0,2.0,7.0,Regular,0,2026-03-30
C00707,United States,38,Female,Platinum,2024-10-08,,,,,,,,No orders in window,0,2026-03-30
C00708,United States,44,Male,Free,2022-07-20,521.0,1.0,89.34,3.0,3.0,1.0,7.0,Loyal Customers,1,2026-03-30
C00709,United States,18,Male,Free,2024-12-12,297.0,2.0,263.79,4.0,3.0,3.0,10.0,Loyal Customers,0,2026-03-30
C00710,Australia,31,Male,Free,2024-02-07,278.0,6.0,1124.65,4.0,3.0,5.0,12.0,Loyal Customers,0,2026-03-30
C00711,United States,32,Male,Free,2024-10-14,306.0,5.0,915.53,4.0,3.0,5.0,12.0,Loyal Customers,0,2026-03-30
C00712,United States,43,Female,Free,2025-09-15,351.0,5.0,625.76,3.0,3.0,5.0,11.0,Loyal Customers,0,2026-03-30
C00713,Mexico,42,Female,Silver,2026-01-07,2047.0,1.0,109.55,1.0,3.0,1.0,5.0,Regular,0,2026-03-30
C00714,United States,56,Female,Silver,2025-05-24,1172.0,1.0,63.03,1.0,3.0,1.0,5.0,Regular,0,2026-03-30
C00715,France,48,Female,Platinum,2025-03-28,843.0,2.0,576.31,2.0,3.0,4.0,9.0,At Risk,0,2026-03-30
C00716,France,48,Female,Free,2025-05-15,1444.0,1.0,345.28,1.0,3.0,3.0,7.0,At Risk,0,2026-03-30
C00717,Turkey,18,Male,Gold,2023-07-22,41.0,2.0,325.62,5.0,3.0,3.0,11.0,Loyal Customers,1,2026-03-30
C00718,India,56,Male,Free,2025-01-19,1879.0,1.0,51.73,1.0,3.0,1.0,5.0,Regular,0,2026-03-30
C00719,India,50,Male,Silver,2023-08-03,126.0,6.0,690.53,5.0,3.0,5.0,13.0,Loyal Customers,0,2026-03-30
C00720,United Kingdom,18,Female,Silver,2025-07-24,30.0,2.0,161.56,5.0,3.0,2.0,10.0,Loyal Customers,0,2026-03-30
C00721,South Korea,36,Male,Free,2024-09-11,1641.0,2.0,158.44,1.0,3.0,2.0,6.0,Regular,1,2026-03-30
C00722,United Kingdom,31,Male,Silver,2024-09-14,850.0,3.0,434.81000000000006,2.0,3.0,4.0,9.0,At Risk,0,2026-03-30
C00723,Canada,45,Female,Silver,2025-11-20,554.0,8.0,969.89,3.0,3.0,5.0,11.0,Loyal Customers,0,2026-03-30
C00724,Japan,39,Male,Free,2024-08-26,549.0,1.0,35.65,3.0,3.0,1.0,7.0,Loyal Customers,0,2026-03-30
C00725,Canada,27,Other,Free,2024-11-12,298.0,4.0,723.27,4.0,3.0,5.0,12.0,Loyal Customers,0,2026-03-30
C00726,United States,50,Male,Free,2022-02-22,2044.0,2.0,396.1,1.0,3.0,3.0,7.0,At Risk,1,2026-03-30
C00727,Mexico,42,Male,Free,2025-03-20,1152.0,2.0,157.56,1.0,3.0,2.0,6.0,Regular,0,2026-03-30
C00728,Mexico,18,Female,Gold,2026-02-16,337.0,2.0,472.37,4.0,3.0,4.0,11.0,Loyal Customers,0,2026-03-30
C00729,India,23,Female,Silver,2024-10-20,721.0,2.0,254.86,2.0,3.0,2.0,7.0,Regular,0,2026-03-30
C00730,United States,44,Male,Gold,2023-04-16,,,,,,,,No orders in window,0,2026-03-30
C00731,United States,44,Female,Free,2023-11-23,199.0,4.0,640.64,4.0,3.0,5.0,12.0,Loyal Customers,0,2026-03-30
C00732,United States,18,Female,Silver,2024-12-30,1965.0,3.0,186.31,1.0,3.0,2.0,6.0,Regular,0,2026-03-30
C00733,United States,37,Male,Free,2024-01-25,300.0,4.0,633.9300000000001,4.0,3.0,5.0,12.0,Loyal Customers,0,2026-03-30
C00734,United States,40,Female,Silver,2025-10-24,627.0,5.0,600.34,2.0,3.0,4.0,9.0,At Risk,0,2026-03-30
C00735,France,36,Female,Free,2025-06-11,1199.0,2.0,112.12,1.0,3.0,1.0,5.0,Regular,0,2026-03-30
C00736,United States,27,Female,Free,2026-03-19,2134.0,1.0,314.77,1.0,3.0,3.0,7.0,At Risk,0,2026-03-30
C00737,France,40,Male,Free,2024-10-02,129.0,5.0,380.17,5.0,3.0,3.0,11.0,Loyal Customers,0,2026-03-30
C00738,United States,46,Male,Free,2025-10-27,208.0,2.0,222.05,4.0,3.0,2.0,9.0,Loyal Customers,0,2026-03-30
C00739,France,52,Male,Free,2025-12-24,1303.0,1.0,79.1,1.0,3.0,1.0,5.0,Regular,0,2026-03-30
C00740,Italy,40,Male,Gold,2025-10-14,60.0,4.0,1401.3000000000002,5.0,3.0,5.0,13.0,Loyal Customers,0,2026-03-30
C00741,France,19,Female,Silver,2025-03-31,372.0,4.0,293.37,3.0,3.0,3.0,9.0,Loyal Customers,0,2026-03-30
C00742,United Kingdom,39,Male,Free,2026-02-02,648.0,4.0,273.16,2.0,3.0,3.0,8.0,At Risk,0,2026-03-30
C00743,United Kingdom,57,Male,Free,2022-07-10,77.0,1.0,10.02,5.0,3.0,1.0,9.0,Loyal Customers,0,2026-03-30
C00744,Australia,45,Male,Free,2014-06-16,160.0,3.0,508.69,4.0,3.0,4.0,11.0,Loyal Customers,0,2026-03-30
C00745,United States,42,Female,Free,2020-05-01,1057.0,3.0,401.97,1.0,3.0,4.0,8.0,At Risk,0,2026-03-30
C00746,United States,46,Female,Free,2022-09-30,965.0,2.0,89.25,2.0,3.0,1.0,6.0,Regular,0,2026-03-30
C00747,Brazil,27,Female,Gold,2025-01-10,1724.0,2.0,233.79,1.0,3.0,2.0,6.0,Regular,1,2026-03-30
C00748,South Korea,36,Male,Free,2024-02-16,315.0,6.0,835.72,4.0,3.0,5.0,12.0,Loyal Customers,0,2026-03-30
C00749,United Kingdom,44,Female,Silver,2023-06-26,235.0,6.0,607.88,4.0,3.0,4.0,11.0,Loyal Customers,1,2026-03-30
C00750,United States,30,Male,Free,2022-12-24,575.0,6.0,1082.47,3.0,3.0,5.0,11.0,Loyal Customers,0,2026-03-30
C00751,Sweden,56,Male,Free,2025-05-14,117.0,6.0,861.01,5.0,3.0,5.0,13.0,Loyal Customers,0,2026-03-30
C00752,Spain,26,Male,Silver,2024-04-28,12.0,4.0,296.91,5.0,3.0,3.0,11.0,Loyal Customers,0,2026-03-30
C00753,Uae,34,Female,Free,2025-08-19,495.0,5.0,303.88,3.0,3.0,3.0,9.0,Loyal Customers,0,2026-03-30
C00754,United States,18,Female,Platinum,2024-12-14,617.0,2.0,171.15,3.0,3.0,2.0,8.0,Loyal Customers,0,2026-03-30
C00755,United States,54,Female,Silver,2019-11-28,965.0,2.0,565.84,2.0,3.0,4.0,9.0,At Risk,0,2026-03-30
C00756,India,49,Female,Free,2025-11-01,1754.0,1.0,91.52,1.0,3.0,1.0,5.0,Regular,0,2026-03-30
C00757,Spain,46,Male,Silver,2022-02-22,,,,,,,,No orders in window,0,2026-03-30
C00758,Germany,35,Female,Free,2025-03-13,117.0,7.0,804.66,5.0,3.0,5.0,13.0,Loyal Customers,0,2026-03-30
C00759,United States,18,Male,Platinum,2017-01-06,1209.0,2.0,121.95,1.0,3.0,1.0,5.0,Regular,0,2026-03-30
C00760,Germany,34,Male,Free,2023-07-11,654.0,6.0,967.56,2.0,3.0,5.0,10.0,At Risk,0,2026-03-30
C00761,United Kingdom,40,Female,Free,2024-12-31,47.0,2.0,68.37,5.0,3.0,1.0,9.0,Loyal Customers,1,2026-03-30
C00762,United Kingdom,31,Male,Gold,2020-11-24,,,,,,,,No orders in window,0,2026-03-30
C00763,United Kingdom,52,Female,Free,2026-01-22,160.0,3.0,282.97,4.0,3.0,3.0,10.0,Loyal Customers,0,2026-03-30
C00764,United Kingdom,23,Male,Free,2025-09-28,268.0,4.0,626.13,4.0,3.0,5.0,12.0,Loyal Customers,0,2026-03-30
C00765,United States,26,Male,Free,2024-10-11,424.0,3.0,153.55,3.0,3.0,2.0,8.0,Loyal Customers,0,2026-03-30
C00766,South Korea,38,Female,Gold,2026-03-10,705.0,2.0,192.04,2.0,3.0,2.0,7.0,Regular,0,2026-03-30
C00767,Italy,22,Male,Free,2023-06-13,219.0,2.0,275.91,4.0,3.0,3.0,10.0,Loyal Customers,0,2026-03-30
C00768,United States,35,Female,Gold,2026-03-16,1115.0,1.0,171.96,1.0,3.0,2.0,6.0,Regular,0,2026-03-30
C00769,Poland,39,Female,Free,2024-04-15,186.0,4.0,359.43999999999994,4.0,3.0,3.0,10.0,Loyal Customers,0,2026-03-30
C00770,Germany,18,Female,Free,2025-01-17,921.0,2.0,115.11,2.0,3.0,1.0,6.0,Regular,0,2026-03-30
C00771,United Kingdom,32,Male,Free,2025-01-15,1312.0,3.0,543.45,1.0,3.0,4.0,8.0,At Risk,1,2026-03-30
C00772,France,66,Male,Free,2024-06-28,700.0,4.0,485.79,2.0,3.0,4.0,9.0,At Risk,0,2026-03-30
C00773,United States,28,Male,Silver,2025-01-19,2246.0,1.0,78.81,1.0,3.0,1.0,5.0,Regular,0,2026-03-30
C00774,United States,30,Male,Silver,2026-03-19,191.0,5.0,301.13,4.0,3.0,3.0,10.0,Loyal Customers,0,2026-03-30
C00775,Canada,24,Male,Free,2021-12-26,143.0,2.0,491.38,5.0,3.0,4.0,12.0,Loyal Customers,0,2026-03-30
C00776,Brazil,18,Male,Free,2023-02-10,1832.0,1.0,18.66,1.0,3.0,1.0,5.0,Regular,0,2026-03-30
C00777,United States,41,Female,Gold,2025-10-10,438.0,5.0,2121.25,3.0,3.0,5.0,11.0,Loyal Customers,0,2026-03-30
C00778,United States,23,Female,Platinum,2025-01-13,378.0,4.0,555.64,3.0,3.0,4.0,10.0,Loyal Customers,0,2026-03-30
C00779,United States,29,Female,Platinum,2025-08-03,114.0,4.0,318.72,5.0,3.0,3.0,11.0,Loyal Customers,0,2026-03-30
C00780,France,18,Male,Silver,2026-03-05,,,,,,,,No orders in window,0,2026-03-30
C00781,Spain,38,Male,Silver,2023-10-26,658.0,1.0,35.53,2.0,3.0,1.0,6.0,Regular,0,2026-03-30
C00782,Spain,37,Male,Silver,2024-01-25,1914.0,3.0,185.14,1.0,3.0,2.0,6.0,Regular,0,2026-03-30
C00783,United States,34,Male,Silver,2025-06-02,330.0,5.0,472.32,4.0,3.0,4.0,11.0,Loyal Customers,0,2026-03-30
C00784,Mexico,52,Female,Platinum,2025-07-31,,,,,,,,No orders in window,1,2026-03-30
C00785,Mexico,22,Male,Free,2025-09-01,70.0,3.0,160.52,5.0,3.0,2.0,10.0,Loyal Customers,0,2026-03-30
C00786,United States,30,Male,Free,2025-12-10,1281.0,3.0,255.34,1.0,3.0,2.0,6.0,Regular,0,2026-03-30
C00787,Italy,45,Male,Free,2026-03-19,1529.0,2.0,55.64,1.0,3.0,1.0,5.0,Regular,0,2026-03-30
C00788,India,52,Male,Silver,2024-08-30,138.0,2.0,394.13,5.0,3.0,3.0,11.0,Loyal Customers,0,2026-03-30
C00789,United Kingdom,29,Male,Free,2024-06-27,331.0,4.0,301.46000000000004,4.0,3.0,3.0,10.0,Loyal Customers,0,2026-03-30
C00790,India,37,Female,Free,2025-12-31,1416.0,3.0,287.56,1.0,3.0,3.0,7.0,At Risk,0,2026-03-30
C00791,Brazil,19,Male,Gold,2024-05-19,1250.0,3.0,396.14,1.0,3.0,3.0,7.0,At Risk,0,2026-03-30
C00792,Canada,39,Male,Gold,2026-03-14,499.0,2.0,76.53999999999999,3.0,3.0,1.0,7.0,Loyal Customers,0,2026-03-30
C00793,Germany,45,Male,Free,2019-11-26,,,,,,,,No orders in window,0,2026-03-30
C00794,United States,18,Male,Platinum,2024-12-01,608.0,7.0,722.12,3.0,3.0,5.0,11.0,Loyal Customers,0,2026-03-30
C00795,Brazil,45,Male,Silver,2025-02-25,108.0,1.0,53.91,5.0,3.0,1.0,9.0,Loyal Customers,0,2026-03-30
C00796,United States,31,Male,Free,2025-08-12,60.0,4.0,430.9,5.0,3.0,4.0,12.0,Loyal Customers,0,2026-03-30
C00797,Spain,47,Male,Free,2026-01-22,121.0,4.0,346.3,5.0,3.0,3.0,11.0,Loyal Customers,0,2026-03-30
C00798,United States,23,Male,Free,2025-07-18,353.0,3.0,395.25,3.0,3.0,3.0,9.0,Loyal Customers,0,2026-03-30
C00799,France,39,Female,Free,2018-12-18,325.0,5.0,1465.45,4.0,3.0,5.0,12.0,Loyal Customers,0,2026-03-30
C00800,United States,32,Male,Silver,2023-03-16,611.0,1.0,300.65,3.0,3.0,3.0,9.0,Loyal Customers,0,2026-03-30
C00801,United States,47,Male,Free,2022-01-25,465.0,4.0,568.34,3.0,3.0,4.0,10.0,Loyal Customers,1,2026-03-30
C00802,United States,18,Male,Silver,2025-09-04,346.0,6.0,364.69,4.0,3.0,3.0,10.0,Loyal Customers,0,2026-03-30
C00803,Canada,55,Female,Free,2026-02-18,84.0,1.0,24.59,5.0,3.0,1.0,9.0,Loyal Customers,0,2026-03-30
C00804,France,26,Male,Silver,2026-03-16,636.0,2.0,151.36,2.0,3.0,2.0,7.0,Regular,0,2026-03-30
C00805,Japan,38,Female,Free,2026-01-03,894.0,5.0,302.22,2.0,3.0,3.0,8.0,At Risk,0,2026-03-30
C00806,United States,24,Male,Free,2023-11-10,858.0,5.0,640.35,2.0,3.0,5.0,10.0,At Risk,0,2026-03-30
C00807,United Kingdom,33,Male,Free,2024-11-15,118.0,8.0,1214.1799999999998,5.0,3.0,5.0,13.0,Loyal Customers,0,2026-03-30
C00808,United States,54,Female,Platinum,2024-03-18,13.0,6.0,692.8199999999999,5.0,3.0,5.0,13.0,Loyal Customers,0,2026-03-30
C00809,Canada,26,Female,Free,2026-02-12,843.0,1.0,213.24,2.0,3.0,2.0,7.0,Regular,0,2026-03-30
C00810,India,44,Female,Gold,2026-02-15,1209.0,3.0,175.12,1.0,3.0,2.0,6.0,Regular,0,2026-03-30
C00811,Mexico,49,Female,Free,2025-12-05,120.0,1.0,31.53,5.0,3.0,1.0,9.0,Loyal Customers,0,2026-03-30
C00812,United Kingdom,70,Female,Gold,2025-12-14,429.0,6.0,371.59,3.0,3.0,3.0,9.0,Loyal Customers,0,2026-03-30
C00813,Italy,39,Male,Platinum,2022-09-07,1600.0,2.0,79.89,1.0,3.0,1.0,5.0,Regular,1,2026-03-30
C00814,India,29,Male,Free,2025-06-02,303.0,5.0,935.57,4.0,3.0,5.0,12.0,Loyal Customers,0,2026-03-30
C00815,Mexico,35,Female,Free,2019-04-07,909.0,2.0,388.75,2.0,3.0,3.0,8.0,At Risk,0,2026-03-30
C00816,France,27,Male,Gold,2025-07-13,641.0,4.0,226.88,2.0,3.0,2.0,7.0,Regular,0,2026-03-30
C00817,Brazil,53,Female,Free,2022-05-10,384.0,6.0,725.9,3.0,3.0,5.0,11.0,Loyal Customers,0,2026-03-30
C00818,Japan,34,Male,Silver,2023-06-05,626.0,5.0,324.67,2.0,3.0,3.0,8.0,At Risk,0,2026-03-30
C00819,Brazil,18,Male,Silver,2025-01-08,403.0,6.0,1715.34,3.0,3.0,5.0,11.0,Loyal Customers,0,2026-03-30
C00820,Germany,37,Male,Free,2023-07-17,373.0,2.0,127.59,3.0,3.0,1.0,7.0,Loyal Customers,0,2026-03-30
C00821,United States,22,Male,Free,2023-11-11,297.0,1.0,66.83,4.0,3.0,1.0,8.0,Loyal Customers,0,2026-03-30
C00822,France,35,Male,Gold,2025-07-17,10.0,3.0,375.0,5.0,3.0,3.0,11.0,Loyal Customers,0,2026-03-30
C00823,Brazil,41,Female,Free,2022-07-20,448.0,2.0,301.82,3.0,3.0,3.0,9.0,Loyal Customers,0,2026-03-30
C00824,Canada,51,Female,Gold,2024-11-21,461.0,2.0,110.21,3.0,3.0,1.0,7.0,Loyal Customers,0,2026-03-30
C00825,Uae,32,Female,Free,2022-01-09,1210.0,3.0,207.09,1.0,3.0,2.0,6.0,Regular,1,2026-03-30
C00826,United States,28,Male,Silver,2026-01-15,1038.0,1.0,125.29,2.0,3.0,1.0,6.0,Regular,0,2026-03-30
C00827,Singapore,22,Female,Silver,2025-04-24,1005.0,1.0,10.12,2.0,3.0,1.0,6.0,Regular,0,2026-03-30
C00828,France,47,Female,Free,2024-04-19,113.0,4.0,308.82,5.0,3.0,3.0,11.0,Loyal Customers,1,2026-03-30
C00829,Canada,34,Other,Free,2025-06-02,663.0,3.0,321.84000000000003,2.0,3.0,3.0,8.0,At Risk,0,2026-03-30
C00830,United Kingdom,20,Other,Free,2024-07-14,530.0,3.0,567.33,3.0,3.0,4.0,10.0,Loyal Customers,0,2026-03-30
C00831,Germany,70,Female,Free,2022-07-15,946.0,1.0,113.28,2.0,3.0,1.0,6.0,Regular,0,2026-03-30
C00832,France,44,Male,Platinum,2023-06-26,79.0,4.0,417.73,5.0,3.0,4.0,12.0,Loyal Customers,0,2026-03-30
C00833,United States,30,Female,Platinum,2025-09-18,565.0,4.0,456.48,3.0,3.0,4.0,10.0,Loyal Customers,0,2026-03-30
C00834,United States,36,Male,Free,2025-01-22,642.0,6.0,303.0,2.0,3.0,3.0,8.0,At Risk,1,2026-03-30
C00835,Canada,40,Male,Free,2025-05-09,977.0,2.0,86.81,2.0,3.0,1.0,6.0,Regular,0,2026-03-30
C00836,India,25,Female,Free,2025-11-26,390.0,4.0,438.75,3.0,3.0,4.0,10.0,Loyal Customers,0,2026-03-30
C00837,United States,31,Female,Silver,2024-05-25,183.0,5.0,374.6,4.0,3.0,3.0,10.0,Loyal Customers,0,2026-03-30
C00838,Spain,24,Female,Gold,2024-01-06,731.0,3.0,189.82,2.0,3.0,2.0,7.0,Regular,0,2026-03-30
C00839,India,29,Female,Free,2025-08-28,118.0,3.0,316.13,5.0,3.0,3.0,11.0,Loyal Customers,0,2026-03-30
C00840,United States,36,Female,Silver,2024-09-04,566.0,5.0,541.41,3.0,3.0,4.0,10.0,Loyal Customers,0,2026-03-30
C00841,Brazil,44,Male,Free,2025-10-27,324.0,3.0,274.63,4.0,3.0,3.0,10.0,Loyal Customers,0,2026-03-30
C00842,Canada,55,Female,Free,2023-04-06,558.0,3.0,261.32,3.0,3.0,3.0,9.0,Loyal Customers,1,2026-03-30
C00843,Canada,39,Female,Free,2023-11-28,834.0,2.0,351.37,2.0,3.0,3.0,8.0,At Risk,0,2026-03-30
C00844,France,44,Female,Silver,2025-08-07,71.0,2.0,130.53,5.0,3.0,1.0,9.0,Loyal Customers,0,2026-03-30
C00845,Sweden,30,Female,Silver,2023-03-05,303.0,3.0,261.8,4.0,3.0,3.0,10.0,Loyal Customers,0,2026-03-30
C00846,Australia,28,Male,Free,2026-01-17,2091.0,1.0,84.03,1.0,3.0,1.0,5.0,Regular,0,2026-03-30
C00847,India,18,Female,Silver,2025-12-10,1823.0,3.0,623.65,1.0,3.0,5.0,9.0,At Risk,0,2026-03-30
C00848,Australia,55,Female,Free,2025-06-18,89.0,2.0,111.01,5.0,3.0,1.0,9.0,Loyal Customers,0,2026-03-30
C00849,United Kingdom,37,Female,Gold,2025-09-17,1326.0,2.0,119.78,1.0,3.0,1.0,5.0,Regular,0,2026-03-30
C00850,Germany,40,Male,Free,2022-04-30,377.0,5.0,292.64,3.0,3.0,3.0,9.0,Loyal Customers,0,2026-03-30
C00851,India,41,Male,Platinum,2025-06-22,526.0,3.0,541.26,3.0,3.0,4.0,10.0,Loyal Customers,0,2026-03-30
C00852,India,18,Male,Free,2024-05-18,692.0,2.0,89.7,2.0,3.0,1.0,6.0,Regular,0,2026-03-30
C00853,United States,18,Female,Free,2023-05-13,65.0,2.0,318.42,5.0,3.0,3.0,11.0,Loyal Customers,1,2026-03-30
C00854,United States,33,Male,Free,2023-01-06,,,,,,,,No orders in window,0,2026-03-30
C00855,France,34,Female,Free,2022-02-24,655.0,3.0,112.55,2.0,3.0,1.0,6.0,Regular,0,2026-03-30
C00856,United States,26,Male,Free,2025-02-01,408.0,2.0,404.17,3.0,3.0,4.0,10.0,Loyal Customers,0,2026-03-30
C00857,France,46,Female,Free,2024-04-13,836.0,3.0,484.57,2.0,3.0,4.0,9.0,At Risk,0,2026-03-30
C00858,Australia,45,Female,Free,2024-11-02,629.0,4.0,392.93,2.0,3.0,3.0,8.0,At Risk,0,2026-03-30
C00859,Brazil,44,Female,Silver,2023-09-26,260.0,6.0,460.52,4.0,3.0,4.0,11.0,Loyal Customers,0,2026-03-30
C00860,United States,23,Female,Free,2025-01-27,515.0,6.0,1394.87,3.0,3.0,5.0,11.0,Loyal Customers,0,2026-03-30
C00861,Germany,43,Female,Silver,2025-06-11,99.0,3.0,166.94,5.0,3.0,2.0,10.0,Loyal Customers,0,2026-03-30
C00862,United States,39,Male,Free,2024-08-09,942.0,4.0,1101.75,2.0,3.0,5.0,10.0,At Risk,0,2026-03-30
C00863,United States,34,Female,Free,2022-01-06,366.0,1.0,25.27,3.0,3.0,1.0,7.0,Loyal Customers,0,2026-03-30
C00864,United States,18,Male,Silver,2025-09-21,468.0,2.0,123.2,3.0,3.0,1.0,7.0,Loyal Customers,1,2026-03-30
C00865,United States,28,Male,Gold,2024-04-26,39.0,5.0,479.62,5.0,3.0,4.0,12.0,Loyal Customers,0,2026-03-30
C00866,United States,29,Male,Free,2025-09-09,591.0,1.0,102.57,3.0,3.0,1.0,7.0,Loyal Customers,0,2026-03-30
C00867,United States,25,Female,Platinum,2025-07-14,19.0,2.0,305.61,5.0,3.0,3.0,11.0,Loyal Customers,1,2026-03-30
C00868,Brazil,36,Female,Platinum,2025-07-30,1355.0,3.0,427.83,1.0,3.0,4.0,8.0,At Risk,0,2026-03-30
C00869,India,42,Female,Free,2025-11-08,1224.0,2.0,219.96,1.0,3.0,2.0,6.0,Regular,0,2026-03-30
C00870,India,46,Female,Free,2025-11-21,929.0,1.0,158.58,2.0,3.0,2.0,7.0,Regular,0,2026-03-30
C00871,United States,38,Female,Free,2025-02-18,1271.0,3.0,239.0,1.0,3.0,2.0,6.0,Regular,0,2026-03-30
C00872,Mexico,37,Female,Platinum,2024-03-09,7.0,1.0,79.16,5.0,3.0,1.0,9.0,Loyal Customers,0,2026-03-30
C00873,United States,18,Male,Platinum,2025-08-19,1345.0,3.0,255.06,1.0,3.0,2.0,6.0,Regular,0,2026-03-30
C00874,United States,51,Male,Silver,2025-01-10,1350.0,3.0,667.85,1.0,3.0,5.0,9.0,At Risk,0,2026-03-30
C00875,Uae,25,Female,Gold,2023-02-15,172.0,4.0,298.58,4.0,3.0,3.0,10.0,Loyal Customers,0,2026-03-30
C00876,Australia,38,Male,Free,2025-09-08,207.0,5.0,702.15,4.0,3.0,5.0,12.0,Loyal Customers,0,2026-03-30
C00877,United Kingdom,38,Male,Free,2026-03-25,490.0,3.0,190.18,3.0,3.0,2.0,8.0,Loyal Customers,0,2026-03-30
C00878,United States,28,Male,Silver,2026-03-19,133.0,6.0,1215.17,5.0,3.0,5.0,13.0,Loyal Customers,0,2026-03-30
C00879,United States,39,Male,Free,2023-06-25,135.0,4.0,217.85,5.0,3.0,2.0,10.0,Loyal Customers,0,2026-03-30
C00880,United States,40,Female,Platinum,2025-02-03,355.0,4.0,524.16,3.0,3.0,4.0,10.0,Loyal Customers,0,2026-03-30
C00881,United States,18,Female,Gold,2024-07-12,1242.0,5.0,940.7,1.0,3.0,5.0,9.0,At Risk,1,2026-03-30
C00882,Australia,35,Male,Gold,2025-10-20,363.0,4.0,196.86,3.0,3.0,2.0,8.0,Loyal Customers,0,2026-03-30
C00883,United States,54,Female,Free,2026-01-27,214.0,5.0,394.5,4.0,3.0,3.0,10.0,Loyal Customers,0,2026-03-30
C00884,Uae,55,Male,Free,2025-05-05,165.0,5.0,406.78,4.0,3.0,4.0,11.0,Loyal Customers,0,2026-03-30
C00885,United States,24,Female,Silver,2025-09-03,739.0,3.0,367.5,2.0,3.0,3.0,8.0,At Risk,1,2026-03-30
C00886,United Kingdom,20,Male,Free,2018-02-02,259.0,4.0,454.7,4.0,3.0,4.0,11.0,Loyal Customers,0,2026-03-30
C00887,Spain,38,Female,Free,2026-01-21,465.0,3.0,595.21,3.0,3.0,4.0,10.0,Loyal Customers,0,2026-03-30
C00888,Germany,33,Female,Free,2022-12-03,1649.0,3.0,472.51,1.0,3.0,4.0,8.0,At Risk,0,2026-03-30
C00889,Sweden,28,Female,Free,2025-09-21,716.0,2.0,480.5700000000001,2.0,3.0,4.0,9.0,At Risk,0,2026-03-30
C00890,Canada,18,Male,Free,2023-12-14,77.0,4.0,243.33,5.0,3.0,2.0,10.0,Loyal Customers,0,2026-03-30
C00891,Singapore,37,Female,Silver,2025-02-18,765.0,2.0,403.85,2.0,3.0,4.0,9.0,At Risk,1,2026-03-30
C00892,United States,28,Female,Free,2024-11-15,450.0,5.0,679.76,3.0,3.0,5.0,11.0,Loyal Customers,0,2026-03-30
C00893,United States,33,Male,Platinum,2025-02-25,391.0,6.0,356.04,3.0,3.0,3.0,9.0,Loyal Customers,0,2026-03-30
C00894,Poland,18,Female,Gold,2025-10-04,554.0,7.0,546.64,3.0,3.0,4.0,10.0,Loyal Customers,0,2026-03-30
C00895,United States,43,Male,Free,2025-12-15,565.0,6.0,302.87,3.0,3.0,3.0,9.0,Loyal Customers,1,2026-03-30
C00896,Singapore,51,Female,Silver,2025-03-19,32.0,3.0,437.28,5.0,3.0,4.0,12.0,Loyal Customers,1,2026-03-30
C00897,Brazil,36,Female,Free,2024-08-11,339.0,2.0,199.57,4.0,3.0,2.0,9.0,Loyal Customers,0,2026-03-30
C00898,Australia,30,Male,Free,2024-02-29,1003.0,1.0,341.66,2.0,3.0,3.0,8.0,At Risk,0,2026-03-30
C00899,United Kingdom,57,Female,Free,2025-07-12,870.0,3.0,305.57,2.0,3.0,3.0,8.0,At Risk,0,2026-03-30
C00900,Japan,38,Male,Gold,2023-03-07,848.0,2.0,180.89,2.0,3.0,2.0,7.0,Regular,0,2026-03-30
C00901,United Kingdom,35,Female,Silver,2024-12-14,252.0,2.0,103.01,4.0,3.0,1.0,8.0,Loyal Customers,0,2026-03-30
C00902,South Africa,37,Male,Free,2023-03-25,1185.0,4.0,294.52,1.0,3.0,3.0,7.0,At Risk,0,2026-03-30
C00903,Australia,27,Male,Free,2021-08-18,380.0,3.0,286.58000000000004,3.0,3.0,3.0,9.0,Loyal Customers,0,2026-03-30
C00904,Canada,63,Female,Silver,2026-03-08,937.0,2.0,81.17999999999999,2.0,3.0,1.0,6.0,Regular,0,2026-03-30
C00905,Mexico,34,Female,Free,2023-10-25,546.0,1.0,42.06,3.0,3.0,1.0,7.0,Loyal Customers,0,2026-03-30
C00906,United States,53,Female,Free,2025-05-09,396.0,3.0,119.99,3.0,3.0,1.0,7.0,Loyal Customers,0,2026-03-30
C00907,United States,52,Male,Silver,2022-06-25,421.0,5.0,477.56,3.0,3.0,4.0,10.0,Loyal Customers,0,2026-03-30
C00908,Brazil,51,Male,Gold,2018-05-01,760.0,2.0,165.94,2.0,3.0,2.0,7.0,Regular,0,2026-03-30
C00909,Germany,22,Male,Platinum,2023-12-17,1118.0,1.0,312.76,1.0,3.0,3.0,7.0,At Risk,0,2026-03-30
C00910,France,18,Female,Silver,2024-12-26,1246.0,1.0,72.01,1.0,3.0,1.0,5.0,Regular,0,2026-03-30
C00911,South Korea,28,Male,Gold,2020-12-13,838.0,4.0,409.2000000000001,2.0,3.0,4.0,9.0,At Risk,0,2026-03-30
C00912,United Kingdom,29,Female,Gold,2024-07-24,1640.0,2.0,132.78,1.0,3.0,1.0,5.0,Regular,0,2026-03-30
C00913,Germany,57,Male,Platinum,2025-06-30,34.0,3.0,262.82,5.0,3.0,3.0,11.0,Loyal Customers,0,2026-03-30
C00914,Brazil,32,Female,Gold,2024-08-08,1008.0,3.0,245.0,2.0,3.0,2.0,7.0,Regular,0,2026-03-30
C00915,United States,39,Male,Free,2023-07-13,283.0,3.0,194.97,4.0,3.0,2.0,9.0,Loyal Customers,0,2026-03-30
C00916,Germany,35,Male,Silver,2024-11-06,1990.0,1.0,63.54,1.0,3.0,1.0,5.0,Regular,0,2026-03-30
C00917,Germany,45,Female,Free,2025-06-06,228.0,5.0,1219.88,4.0,3.0,5.0,12.0,Loyal Customers,0,2026-03-30
C00918,Singapore,38,Other,Silver,2025-10-03,,,,,,,,No orders in window,0,2026-03-30
C00919,India,33,Female,Free,2024-11-10,1451.0,3.0,678.9399999999999,1.0,3.0,5.0,9.0,At Risk,0,2026-03-30
C00920,Canada,18,Female,Free,2020-07-03,174.0,3.0,170.66,4.0,3.0,2.0,9.0,Loyal Customers,0,2026-03-30
C00921,United States,37,Male,Free,2025-08-24,303.0,5.0,602.48,4.0,3.0,4.0,11.0,Loyal Customers,0,2026-03-30
C00922,United States,40,Female,Gold,2024-09-07,229.0,3.0,202.07,4.0,3.0,2.0,9.0,Loyal Customers,0,2026-03-30
C00923,United Kingdom,37,Male,Silver,2025-09-08,275.0,1.0,170.31,4.0,3.0,2.0,9.0,Loyal Customers,0,2026-03-30
C00924,France,39,Male,Gold,2024-04-25,1725.0,2.0,43.91,1.0,3.0,1.0,5.0,Regular,0,2026-03-30
C00925,Mexico,60,Male,Free,2025-12-09,1506.0,2.0,174.64,1.0,3.0,2.0,6.0,Regular,0,2026-03-30
C00926,United States,31,Female,Gold,2025-01-28,508.0,5.0,481.52,3.0,3.0,4.0,10.0,Loyal Customers,0,2026-03-30
C00927,United States,27,Male,Free,2023-12-02,871.0,3.0,265.22,2.0,3.0,3.0,8.0,At Risk,0,2026-03-30
C00928,France,38,Male,Free,2025-12-21,525.0,5.0,277.21000000000004,3.0,3.0,3.0,9.0,Loyal Customers,0,2026-03-30
C00929,Brazil,18,Male,Gold,2026-02-14,911.0,2.0,129.38,2.0,3.0,1.0,6.0,Regular,0,2026-03-30
C00930,Turkey,20,Male,Free,2025-06-06,327.0,5.0,1029.09,4.0,3.0,5.0,12.0,Loyal Customers,0,2026-03-30
C00931,United Kingdom,30,Male,Free,2022-11-07,97.0,4.0,906.92,5.0,3.0,5.0,13.0,Loyal Customers,0,2026-03-30
C00932,Germany,18,Male,Free,2024-05-15,,,,,,,,No orders in window,0,2026-03-30
C00933,United Kingdom,20,Male,Free,2024-02-22,780.0,3.0,262.05,2.0,3.0,3.0,8.0,At Risk,0,2026-03-30
C00934,Germany,53,Female,Free,2026-02-05,222.0,3.0,359.67,4.0,3.0,3.0,10.0,Loyal Customers,0,2026-03-30
C00935,United States,42,Female,Free,2025-04-20,1764.0,1.0,37.07,1.0,3.0,1.0,5.0,Regular,0,2026-03-30
C00936,Italy,41,Male,Free,2025-08-06,664.0,3.0,298.78000000000003,2.0,3.0,3.0,8.0,At Risk,0,2026-03-30
C00937,United States,49,Male,Free,2025-05-13,635.0,4.0,266.48,2.0,3.0,3.0,8.0,At Risk,0,2026-03-30
C00938,India,37,Female,Free,2025-05-27,137.0,4.0,410.29,5.0,3.0,4.0,12.0,Loyal Customers,0,2026-03-30
C00939,India,36,Female,Free,2025-12-20,1756.0,1.0,44.28,1.0,3.0,1.0,5.0,Regular,0,2026-03-30
C00940,South Africa,60,Other,Free,2025-07-01,1050.0,3.0,921.77,2.0,3.0,5.0,10.0,At Risk,0,2026-03-30
C00941,Germany,28,Male,Platinum,2026-01-30,894.0,2.0,678.3000000000001,2.0,3.0,5.0,10.0,At Risk,0,2026-03-30
C00942,United States,52,Male,Free,2025-09-19,222.0,7.0,715.5,4.0,3.0,5.0,12.0,Loyal Customers,0,2026-03-30
C00943,United States,46,Female,Free,2024-07-28,375.0,2.0,179.8,3.0,3.0,2.0,8.0,Loyal Customers,0,2026-03-30
C00944,United Kingdom,18,Male,Free,2025-08-04,138.0,5.0,443.9,5.0,3.0,4.0,12.0,Loyal Customers,0,2026-03-30
C00945,India,28,Male,Free,2024-11-08,592.0,5.0,552.98,3.0,3.0,4.0,10.0,Loyal Customers,0,2026-03-30
C00946,Mexico,28,Female,Free,2026-03-31,2112.0,1.0,42.01,1.0,3.0,1.0,5.0,Regular,1,2026-03-30
C00947,France,28,Male,Free,2025-09-26,1342.0,4.0,408.64,1.0,3.0,4.0,8.0,At Risk,0,2026-03-30
C00948,Canada,29,Female,Free,2025-11-22,823.0,2.0,272.95000000000005,2.0,3.0,3.0,8.0,At Risk,1,2026-03-30
C00949,India,21,Male,Free,2024-07-31,1436.0,2.0,115.0,1.0,3.0,1.0,5.0,Regular,1,2026-03-30
C00950,United States,26,Female,Free,2026-02-06,515.0,3.0,118.3,3.0,3.0,1.0,7.0,Loyal Customers,0,2026-03-30
C00951,Brazil,36,Male,Free,2026-03-28,5.0,6.0,560.85,5.0,3.0,4.0,12.0,Loyal Customers,0,2026-03-30
C00952,Brazil,23,Female,Free,2025-03-11,1572.0,1.0,71.37,1.0,3.0,1.0,5.0,Regular,0,2026-03-30
C00953,United Kingdom,42,Male,Free,2023-11-02,,,,,,,,No orders in window,0,2026-03-30
C00954,United States,18,Female,Silver,2023-08-14,,,,,,,,No orders in window,0,2026-03-30
C00955,United States,18,Female,Free,2024-05-31,251.0,5.0,789.07,4.0,3.0,5.0,12.0,Loyal Customers,0,2026-03-30
C00956,Brazil,34,Male,Platinum,2026-03-26,634.0,2.0,143.31,2.0,3.0,2.0,7.0,Regular,0,2026-03-30
C00957,Italy,33,Female,Free,2024-08-07,1789.0,2.0,902.2,1.0,3.0,5.0,9.0,At Risk,0,2026-03-30
C00958,United States,47,Female,Free,2026-04-01,158.0,6.0,463.9,4.0,3.0,4.0,11.0,Loyal Customers,0,2026-03-30
C00959,Italy,54,Male,Free,2025-08-26,523.0,2.0,273.44,3.0,3.0,3.0,9.0,Loyal Customers,0,2026-03-30
C00960,United States,36,Female,Silver,2021-06-02,33.0,3.0,133.14,5.0,3.0,1.0,9.0,Loyal Customers,0,2026-03-30
C00961,India,18,Male,Silver,2026-01-07,210.0,4.0,285.02,4.0,3.0,3.0,10.0,Loyal Customers,0,2026-03-30
C00962,India,42,Male,Gold,2023-12-12,1339.0,2.0,180.69,1.0,3.0,2.0,6.0,Regular,0,2026-03-30
C00963,United States,31,Female,Free,2025-08-27,184.0,5.0,911.28,4.0,3.0,5.0,12.0,Loyal Customers,0,2026-03-30
C00964,Brazil,19,Male,Silver,2025-10-06,1625.0,1.0,119.69,1.0,3.0,1.0,5.0,Regular,0,2026-03-30
C00965,India,34,Male,Free,2026-02-02,514.0,3.0,445.72,3.0,3.0,4.0,10.0,Loyal Customers,0,2026-03-30
C00966,South Korea,50,Male,Platinum,2023-04-17,220.0,5.0,351.03000000000003,4.0,3.0,3.0,10.0,Loyal Customers,0,2026-03-30
C00967,United States,40,Male,Gold,2021-12-06,62.0,2.0,471.71,5.0,3.0,4.0,12.0,Loyal Customers,0,2026-03-30
C00968,Uae,21,Male,Free,2025-07-23,45.0,5.0,497.15,5.0,3.0,4.0,12.0,Loyal Customers,0,2026-03-30
C00969,Poland,43,Female,Platinum,2019-06-16,1484.0,2.0,115.95,1.0,3.0,1.0,5.0,Regular,0,2026-03-30
C00970,United States,39,Male,Free,2025-07-27,356.0,4.0,268.26,3.0,3.0,3.0,9.0,Loyal Customers,0,2026-03-30
C00971,United States,51,Female,Silver,2026-02-02,738.0,4.0,247.34,2.0,3.0,2.0,7.0,Regular,0,2026-03-30
C00972,France,34,Male,Silver,2024-01-06,526.0,3.0,538.36,3.0,3.0,4.0,10.0,Loyal Customers,0,2026-03-30
C00973,France,39,Female,Gold,2026-01-03,308.0,1.0,34.93,4.0,3.0,1.0,8.0,Loyal Customers,0,2026-03-30
C00974,United States,38,Female,Free,2025-08-20,243.0,5.0,349.48,4.0,3.0,3.0,10.0,Loyal Customers,1,2026-03-30
C00975,United States,31,Male,Gold,2024-12-27,1125.0,2.0,279.22,1.0,3.0,3.0,7.0,At Risk,0,2026-03-30
C00976,United States,33,Female,Free,2025-07-11,112.0,2.0,212.02,5.0,3.0,2.0,10.0,Loyal Customers,0,2026-03-30
C00977,India,29,Female,Platinum,2024-07-19,205.0,3.0,224.56,4.0,3.0,2.0,9.0,Loyal Customers,0,2026-03-30
C00978,United States,32,Male,Free,2024-02-15,1925.0,1.0,243.26,1.0,3.0,2.0,6.0,Regular,0,2026-03-30
C00979,Japan,38,Female,Free,2025-08-01,661.0,6.0,447.21,2.0,3.0,4.0,9.0,At Risk,0,2026-03-30
C00980,United States,30,Male,Free,2026-01-22,68.0,3.0,1372.29,5.0,3.0,5.0,13.0,Loyal Customers,0,2026-03-30
C00981,United States,24,Male,Free,2024-07-31,654.0,1.0,24.43,2.0,3.0,1.0,6.0,Regular,0,2026-03-30
C00982,United States,27,Male,Free,2025-03-23,613.0,4.0,561.13,3.0,3.0,4.0,10.0,Loyal Customers,0,2026-03-30
C00983,United States,37,Male,Free,2019-02-13,224.0,2.0,329.6,4.0,3.0,3.0,10.0,Loyal Customers,0,2026-03-30
C00984,India,26,Female,Free,2024-07-15,1267.0,2.0,95.18,1.0,3.0,1.0,5.0,Regular,0,2026-03-30
C00985,United States,37,Female,Free,2025-03-05,1152.0,3.0,189.56,1.0,3.0,2.0,6.0,Regular,0,2026-03-30
C00986,Canada,44,Female,Gold,2023-06-04,640.0,1.0,24.61,2.0,3.0,1.0,6.0,Regular,0,2026-03-30
C00987,United Kingdom,24,Male,Free,2025-03-28,421.0,2.0,386.23,3.0,3.0,3.0,9.0,Loyal Customers,0,2026-03-30
C00988,Germany,35,Male,Gold,2025-10-08,1958.0,1.0,41.91,1.0,3.0,1.0,5.0,Regular,0,2026-03-30
C00989,United Kingdom,44,Female,Free,2023-08-11,670.0,2.0,142.98,2.0,3.0,2.0,7.0,Regular,1,2026-03-30
C00990,United States,18,Male,Free,2023-12-26,224.0,3.0,483.06000000000006,4.0,3.0,4.0,11.0,Loyal Customers,0,2026-03-30
C00991,South Korea,59,Female,Free,2023-11-11,322.0,2.0,597.06,4.0,3.0,4.0,11.0,Loyal Customers,0,2026-03-30
C00992,Mexico,53,Female,Silver,2022-10-30,32.0,4.0,565.26,5.0,3.0,4.0,12.0,Loyal Customers,0,2026-03-30
C00993,Japan,46,Female,Free,2025-01-15,155.0,5.0,930.04,4.0,3.0,5.0,12.0,Loyal Customers,0,2026-03-30
C00994,Sweden,18,Female,Gold,2024-08-14,33.0,8.0,804.4,5.0,3.0,5.0,13.0,Loyal Customers,0,2026-03-30
C00995,United States,18,Male,Free,2023-01-15,1547.0,3.0,306.65,1.0,3.0,3.0,7.0,At Risk,0,2026-03-30
C00996,United States,22,Female,Free,2024-02-27,319.0,3.0,367.87,4.0,3.0,3.0,10.0,Loyal Customers,0,2026-03-30
C00997,United States,45,Female,Gold,2026-03-07,780.0,3.0,86.62,2.0,3.0,1.0,6.0,Regular,1,2026-03-30
C00998,India,54,Female,Silver,2024-09-26,566.0,1.0,69.89,3.0,3.0,1.0,7.0,Loyal Customers,0,2026-03-30
C00999,Brazil,53,Female,Free,2025-06-14,1577.0,2.0,86.65,1.0,3.0,1.0,5.0,Regular,0,2026-03-30
C01000,France,46,Male,Free,2023-02-25,,,,,,,,No orders in window,0,2026-03-30
C01001,United Kingdom,40,Female,Gold,2024-12-03,701.0,3.0,280.63,2.0,3.0,3.0,8.0,At Risk,0,2026-03-30
C01002,Japan,39,Female,Platinum,2025-08-04,1218.0,2.0,203.35,1.0,3.0,2.0,6.0,Regular,0,2026-03-30
C01003,India,29,Female,Free,2025-12-09,161.0,3.0,533.1,4.0,3.0,4.0,11.0,Loyal Customers,0,2026-03-30
C01004,India,29,Female,Free,2026-02-12,276.0,3.0,805.6800000000001,4.0,3.0,5.0,12.0,Loyal Customers,0,2026-03-30
C01005,Turkey,18,Female,Silver,2023-12-19,270.0,3.0,226.94,4.0,3.0,2.0,9.0,Loyal Customers,0,2026-03-30
C01006,Canada,43,Male,Gold,2024-11-24,671.0,2.0,231.81,2.0,3.0,2.0,7.0,Regular,1,2026-03-30
C01007,India,24,Male,Gold,2025-10-27,1626.0,1.0,243.01,1.0,3.0,2.0,6.0,Regular,0,2026-03-30
C01008,Canada,57,Female,Free,2024-12-02,279.0,1.0,90.45,4.0,3.0,1.0,8.0,Loyal Customers,0,2026-03-30
C01009,South Korea,64,Female,Silver,2022-03-19,615.0,1.0,138.13,3.0,3.0,1.0,7.0,Loyal Customers,0,2026-03-30
C01010,Canada,31,Male,Free,2025-12-25,423.0,3.0,426.41,3.0,3.0,4.0,10.0,Loyal Customers,0,2026-03-30
C01011,India,35,Male,Free,2024-09-29,1610.0,1.0,137.57,1.0,3.0,1.0,5.0,Regular,0,2026-03-30
C01012,Sweden,34,Male,Free,2025-06-24,313.0,3.0,398.65,4.0,3.0,3.0,10.0,Loyal Customers,0,2026-03-30
C01013,India,34,Female,Silver,2018-06-30,331.0,3.0,220.81,4.0,3.0,2.0,9.0,Loyal Customers,0,2026-03-30
C01014,United States,31,Male,Gold,2022-07-15,9.0,5.0,468.35,5.0,3.0,4.0,12.0,Loyal Customers,0,2026-03-30
C01015,United Kingdom,27,Male,Free,2023-08-01,242.0,2.0,127.77,4.0,3.0,1.0,8.0,Loyal Customers,0,2026-03-30
C01016,United Kingdom,63,Other,Gold,2025-12-22,1445.0,1.0,197.4,1.0,3.0,2.0,6.0,Regular,0,2026-03-30
C01017,Germany,30,Male,Free,2022-12-11,941.0,2.0,531.98,2.0,3.0,4.0,9.0,At Risk,0,2026-03-30
C01018,Italy,47,Female,Gold,2024-06-06,1493.0,2.0,125.06,1.0,3.0,1.0,5.0,Regular,0,2026-03-30
C01019,United Kingdom,34,Female,Silver,2018-10-01,8.0,1.0,42.87,5.0,3.0,1.0,9.0,Loyal Customers,0,2026-03-30
C01020,United Kingdom,39,Female,Silver,2025-11-30,43.0,4.0,215.45,5.0,3.0,2.0,10.0,Loyal Customers,0,2026-03-30
C01021,France,24,Male,Free,2025-11-18,44.0,6.0,570.16,5.0,3.0,4.0,12.0,Loyal Customers,0,2026-03-30
C01022,Spain,48,Female,Free,2022-05-21,604.0,3.0,278.61,3.0,3.0,3.0,9.0,Loyal Customers,0,2026-03-30
C01023,United States,35,Female,Silver,2025-07-24,884.0,3.0,126.48,2.0,3.0,1.0,6.0,Regular,0,2026-03-30
C01024,India,18,Male,Gold,2024-01-22,195.0,6.0,377.37,4.0,3.0,3.0,10.0,Loyal Customers,0,2026-03-30
C01025,Australia,27,Male,Free,2024-08-26,155.0,4.0,512.59,4.0,3.0,4.0,11.0,Loyal Customers,0,2026-03-30
C01026,United States,50,Male,Free,2025-10-21,854.0,2.0,103.99,2.0,3.0,1.0,6.0,Regular,0,2026-03-30
C01027,Brazil,37,Female,Free,2025-08-01,1055.0,3.0,256.62,2.0,3.0,2.0,7.0,Regular,0,2026-03-30
C01028,Singapore,25,Female,Free,2025-03-15,954.0,1.0,65.8,2.0,3.0,1.0,6.0,Regular,0,2026-03-30
C01029,Australia,23,Female,Platinum,2025-09-14,873.0,4.0,285.52,2.0,3.0,3.0,8.0,At Risk,0,2026-03-30
C01030,Germany,27,Male,Free,2025-04-27,1284.0,2.0,119.47,1.0,3.0,1.0,5.0,Regular,0,2026-03-30
C01031,United States,41,Female,Free,2024-01-11,124.0,4.0,1028.4299999999998,5.0,3.0,5.0,13.0,Loyal Customers,0,2026-03-30
C01032,Singapore,36,Male,Free,2025-11-06,380.0,4.0,401.18,3.0,3.0,3.0,9.0,Loyal Customers,0,2026-03-30
C01033,Spain,38,Female,Silver,2024-09-17,701.0,4.0,442.59,2.0,3.0,4.0,9.0,At Risk,0,2026-03-30
C01034,South Korea,40,Male,Free,2023-03-14,740.0,2.0,138.42,2.0,3.0,1.0,6.0,Regular,0,2026-03-30
C01035,United Kingdom,38,Female,Silver,2024-08-28,336.0,2.0,193.32,4.0,3.0,2.0,9.0,Loyal Customers,0,2026-03-30
C01036,United States,46,Female,Free,2025-03-14,1214.0,4.0,321.5,1.0,3.0,3.0,7.0,At Risk,1,2026-03-30
C01037,United States,43,Male,Silver,2018-09-14,58.0,2.0,497.28,5.0,3.0,4.0,12.0,Loyal Customers,0,2026-03-30
C01038,Mexico,36,Female,Free,2024-09-12,448.0,3.0,435.18,3.0,3.0,4.0,10.0,Loyal Customers,0,2026-03-30
C01039,Germany,28,Male,Free,2024-09-01,758.0,1.0,315.8,2.0,3.0,3.0,8.0,At Risk,1,2026-03-30
C01040,United Kingdom,36,Male,Free,2024-10-13,82.0,1.0,28.28,5.0,3.0,1.0,9.0,Loyal Customers,0,2026-03-30
C01041,United Kingdom,42,Female,Silver,2025-06-24,405.0,4.0,437.35,3.0,3.0,4.0,10.0,Loyal Customers,0,2026-03-30
C01042,United Kingdom,37,Female,Free,2022-05-09,466.0,4.0,592.61,3.0,3.0,4.0,10.0,Loyal Customers,0,2026-03-30
C01043,United States,18,Male,Free,2021-06-05,384.0,3.0,685.81,3.0,3.0,5.0,11.0,Loyal Customers,0,2026-03-30
C01044,United States,35,Female,Free,2024-11-13,232.0,3.0,1036.77,4.0,3.0,5.0,12.0,Loyal Customers,0,2026-03-30
C01045,Brazil,37,Female,Free,2023-03-28,1217.0,4.0,408.12,1.0,3.0,4.0,8.0,At Risk,0,2026-03-30
C01046,Brazil,50,Male,Free,2025-05-12,527.0,3.0,122.52,3.0,3.0,1.0,7.0,Loyal Customers,0,2026-03-30
C01047,India,54,Male,Free,2024-01-27,827.0,4.0,556.05,2.0,3.0,4.0,9.0,At Risk,1,2026-03-30
C01048,Germany,43,Male,Silver,2026-03-31,189.0,4.0,785.96,4.0,3.0,5.0,12.0,Loyal Customers,0,2026-03-30
C01049,United States,32,Male,Platinum,2025-04-09,164.0,1.0,274.88,4.0,3.0,3.0,10.0,Loyal Customers,0,2026-03-30
C01050,United States,44,Male,Gold,2022-06-28,110.0,6.0,766.88,5.0,3.0,5.0,13.0,Loyal Customers,0,2026-03-30
C01051,United States,42,Female,Free,2025-10-09,941.0,2.0,590.3100000000001,2.0,3.0,4.0,9.0,At Risk,0,2026-03-30
C01052,Sweden,37,Male,Gold,2024-07-29,350.0,5.0,626.79,3.0,3.0,5.0,11.0,Loyal Customers,0,2026-03-30
C01053,United States,20,Female,Free,2024-11-14,47.0,4.0,124.26,5.0,3.0,1.0,9.0,Loyal Customers,0,2026-03-30
C01054,South Korea,42,Male,Silver,2025-11-01,832.0,2.0,368.76,2.0,3.0,3.0,8.0,At Risk,0,2026-03-30
C01055,Germany,31,Female,Free,2025-06-15,48.0,3.0,516.53,5.0,3.0,4.0,12.0,Loyal Customers,0,2026-03-30
C01056,India,47,Female,Free,2021-03-27,16.0,3.0,327.44,5.0,3.0,3.0,11.0,Loyal Customers,0,2026-03-30
C01057,India,27,Male,Free,2026-01-25,48.0,4.0,236.26,5.0,3.0,2.0,10.0,Loyal Customers,0,2026-03-30
C01058,United Kingdom,29,Other,Gold,2025-08-17,536.0,7.0,550.1899999999999,3.0,3.0,4.0,10.0,Loyal Customers,0,2026-03-30
C01059,United States,38,Female,Free,2025-08-30,330.0,4.0,442.38,4.0,3.0,4.0,11.0,Loyal Customers,0,2026-03-30
C01060,United Kingdom,42,Male,Gold,2025-05-24,1477.0,1.0,82.12,1.0,3.0,1.0,5.0,Regular,0,2026-03-30
C01061,United States,18,Female,Free,2026-03-12,22.0,4.0,419.04,5.0,3.0,4.0,12.0,Loyal Customers,0,2026-03-30
C01062,India,33,Other,Free,2024-04-14,424.0,2.0,78.36,3.0,3.0,1.0,7.0,Loyal Customers,0,2026-03-30
C01063,South Africa,29,Female,Free,2026-02-13,209.0,3.0,197.65,4.0,3.0,2.0,9.0,Loyal Customers,0,2026-03-30
C01064,United Kingdom,40,Female,Free,2025-09-07,537.0,3.0,445.64,3.0,3.0,4.0,10.0,Loyal Customers,0,2026-03-30
C01065,India,35,Male,Gold,2023-01-06,1243.0,4.0,421.32,1.0,3.0,4.0,8.0,At Risk,0,2026-03-30
C01066,United States,25,Female,Free,2020-12-27,491.0,4.0,930.56,3.0,3.0,5.0,11.0,Loyal Customers,0,2026-03-30
C01067,Germany,57,Female,Gold,2026-02-10,2062.0,2.0,159.19,1.0,3.0,2.0,6.0,Regular,0,2026-03-30
C01068,Netherlands,50,Male,Gold,2021-12-21,931.0,2.0,112.45,2.0,3.0,1.0,6.0,Regular,1,2026-03-30
C01069,Spain,18,Female,Platinum,2025-03-12,183.0,4.0,778.1500000000001,4.0,3.0,5.0,12.0,Loyal Customers,0,2026-03-30
C01070,Mexico,35,Female,Free,2022-03-01,212.0,4.0,277.51,4.0,3.0,3.0,10.0,Loyal Customers,0,2026-03-30
C01071,United States,22,Other,Free,2025-09-22,135.0,8.0,1012.29,5.0,3.0,5.0,13.0,Loyal Customers,1,2026-03-30
C01072,United States,52,Male,Platinum,2024-06-18,458.0,4.0,753.64,3.0,3.0,5.0,11.0,Loyal Customers,0,2026-03-30
C01073,France,18,Female,Silver,2022-12-15,437.0,8.0,660.74,3.0,3.0,5.0,11.0,Loyal Customers,0,2026-03-30
C01074,United Kingdom,27,Male,Silver,2024-03-19,1750.0,2.0,157.48,1.0,3.0,2.0,6.0,Regular,0,2026-03-30
C01075,Australia,19,Male,Silver,2022-07-01,35.0,2.0,419.5,5.0,3.0,4.0,12.0,Loyal Customers,0,2026-03-30
C01076,Uae,41,Male,Free,2026-01-21,546.0,2.0,64.28,3.0,3.0,1.0,7.0,Loyal Customers,0,2026-03-30
C01077,United Kingdom,47,Male,Gold,2024-04-23,1791.0,4.0,417.88,1.0,3.0,4.0,8.0,At Risk,0,2026-03-30
C01078,India,32,Female,Platinum,2023-06-03,798.0,5.0,606.92,2.0,3.0,4.0,9.0,At Risk,0,2026-03-30
C01079,France,35,Female,Silver,2025-04-02,90.0,2.0,641.2,5.0,3.0,5.0,13.0,Loyal Customers,0,2026-03-30
C01080,Canada,32,Male,Free,2025-07-02,163.0,1.0,22.27,4.0,3.0,1.0,8.0,Loyal Customers,0,2026-03-30
C01081,United States,26,Male,Silver,2023-09-25,86.0,4.0,511.08,5.0,3.0,4.0,12.0,Loyal Customers,0,2026-03-30
C01082,South Africa,45,Other,Free,2024-09-13,354.0,6.0,681.92,3.0,3.0,5.0,11.0,Loyal Customers,1,2026-03-30
C01083,United Kingdom,25,Female,Free,2023-01-11,1589.0,2.0,153.39,1.0,3.0,2.0,6.0,Regular,0,2026-03-30
C01084,United States,18,Female,Free,2024-03-02,1068.0,1.0,118.88,1.0,3.0,1.0,5.0,Regular,0,2026-03-30
C01085,Japan,22,Male,Free,2025-06-23,1184.0,2.0,82.03,1.0,3.0,1.0,5.0,Regular,0,2026-03-30
C01086,United States,35,Female,Free,2021-12-09,391.0,4.0,844.48,3.0,3.0,5.0,11.0,Loyal Customers,0,2026-03-30
C01087,India,38,Female,Silver,2025-12-31,414.0,2.0,296.46,3.0,3.0,3.0,9.0,Loyal Customers,0,2026-03-30
C01088,Mexico,43,Male,Free,2025-04-30,1.0,3.0,243.58,5.0,3.0,2.0,10.0,Loyal Customers,0,2026-03-30
C01089,United States,18,Male,Silver,2025-04-17,167.0,7.0,527.83,4.0,3.0,4.0,11.0,Loyal Customers,0,2026-03-30
C01090,Mexico,18,Female,Gold,2025-12-07,723.0,1.0,636.72,2.0,3.0,5.0,10.0,At Risk,0,2026-03-30
C01091,Spain,21,Female,Silver,2023-01-07,69.0,5.0,744.86,5.0,3.0,5.0,13.0,Loyal Customers,0,2026-03-30
C01092,Netherlands,55,Male,Free,2023-05-01,1449.0,6.0,611.1700000000001,1.0,3.0,4.0,8.0,At Risk,0,2026-03-30
C01093,Spain,47,Female,Silver,2023-03-12,37.0,5.0,562.9000000000001,5.0,3.0,4.0,12.0,Loyal Customers,0,2026-03-30
C01094,United States,25,Male,Silver,2025-12-09,406.0,4.0,489.2,3.0,3.0,4.0,10.0,Loyal Customers,0,2026-03-30
C01095,United Kingdom,39,Male,Free,2023-06-08,2124.0,1.0,94.84,1.0,3.0,1.0,5.0,Regular,0,2026-03-30
C01096,United Kingdom,33,Female,Silver,2023-02-28,532.0,4.0,838.63,3.0,3.0,5.0,11.0,Loyal Customers,0,2026-03-30
C01097,United States,27,Female,Free,2026-03-23,901.0,3.0,354.73,2.0,3.0,3.0,8.0,At Risk,0,2026-03-30
C01098,United States,44,Male,Free,2025-05-26,,,,,,,,No orders in window,0,2026-03-30
C01099,Germany,45,Female,Silver,2024-02-20,450.0,2.0,277.4,3.0,3.0,3.0,9.0,Loyal Customers,0,2026-03-30
C01100,France,23,Male,Free,2023-04-19,327.0,4.0,383.68,4.0,3.0,3.0,10.0,Loyal Customers,0,2026-03-30
C01101,United Kingdom,38,Male,Silver,2022-08-06,625.0,3.0,485.04,2.0,3.0,4.0,9.0,At Risk,0,2026-03-30
C01102,Germany,25,Male,Free,2025-05-29,660.0,3.0,302.25,2.0,3.0,3.0,8.0,At Risk,0,2026-03-30
C01103,Germany,32,Female,Silver,2025-07-25,637.0,1.0,12.62,2.0,3.0,1.0,6.0,Regular,0,2026-03-30
C01104,United States,46,Female,Gold,2025-12-02,675.0,3.0,927.37,2.0,3.0,5.0,10.0,At Risk,0,2026-03-30
C01105,Japan,34,Male,Silver,2024-01-06,435.0,4.0,752.1500000000001,3.0,3.0,5.0,11.0,Loyal Customers,0,2026-03-30
C01106,Singapore,31,Female,Platinum,2022-10-10,1165.0,4.0,455.28,1.0,3.0,4.0,8.0,At Risk,0,2026-03-30
C01107,Australia,57,Male,Silver,2025-08-12,1048.0,3.0,967.37,2.0,3.0,5.0,10.0,At Risk,0,2026-03-30
C01108,United States,38,Female,Free,2026-01-12,248.0,6.0,1136.21,4.0,3.0,5.0,12.0,Loyal Customers,0,2026-03-30
C01109,Canada,27,Male,Free,2021-10-20,983.0,2.0,135.73,2.0,3.0,1.0,6.0,Regular,1,2026-03-30
C01110,South Africa,20,Male,Free,2025-11-20,465.0,3.0,309.58,3.0,3.0,3.0,9.0,Loyal Customers,0,2026-03-30
C01111,United States,45,Other,Free,2025-03-28,51.0,2.0,182.68,5.0,3.0,2.0,10.0,Loyal Customers,0,2026-03-30
C01112,South Korea,18,Male,Gold,2025-01-15,116.0,4.0,859.71,5.0,3.0,5.0,13.0,Loyal Customers,0,2026-03-30
C01113,Australia,43,Male,Gold,2024-08-26,1639.0,2.0,282.39,1.0,3.0,3.0,7.0,At Risk,0,2026-03-30
C01114,United States,28,Male,Free,2020-09-14,882.0,3.0,133.34,2.0,3.0,1.0,6.0,Regular,0,2026-03-30
C01115,Germany,55,Female,Gold,2025-05-03,711.0,4.0,936.72,2.0,3.0,5.0,10.0,At Risk,1,2026-03-30
C01116,United States,33,Female,Silver,2024-02-20,718.0,4.0,643.3799999999999,2.0,3.0,5.0,10.0,At Risk,0,2026-03-30
C01117,Brazil,33,Male,Free,2023-05-22,28.0,3.0,364.0,5.0,3.0,3.0,11.0,Loyal Customers,0,2026-03-30
C01118,United Kingdom,22,Male,Platinum,2023-05-28,178.0,6.0,915.37,4.0,3.0,5.0,12.0,Loyal Customers,0,2026-03-30
C01119,Netherlands,31,Male,Free,2026-01-20,530.0,3.0,244.96,3.0,3.0,2.0,8.0,Loyal Customers,0,2026-03-30
C01120,Australia,24,Male,Gold,2025-09-02,494.0,1.0,216.97,3.0,3.0,2.0,8.0,Loyal Customers,0,2026-03-30
C01121,United States,18,Male,Free,2019-03-27,1266.0,2.0,62.95,1.0,3.0,1.0,5.0,Regular,0,2026-03-30
C01122,United States,45,Male,Free,2026-02-03,268.0,4.0,488.39,4.0,3.0,4.0,11.0,Loyal Customers,0,2026-03-30
C01123,Japan,48,Male,Free,2024-08-29,675.0,2.0,88.41999999999999,2.0,3.0,1.0,6.0,Regular,1,2026-03-30
C01124,United States,41,Female,Free,2025-04-11,217.0,3.0,195.97,4.0,3.0,2.0,9.0,Loyal Customers,0,2026-03-30
C01125,Canada,47,Male,Gold,2024-12-18,676.0,2.0,139.79000000000002,2.0,3.0,2.0,7.0,Regular,0,2026-03-30
C01126,United States,25,Female,Free,2025-02-28,481.0,7.0,514.52,3.0,3.0,4.0,10.0,Loyal Customers,0,2026-03-30
C01127,Canada,51,Female,Free,2021-02-08,220.0,5.0,438.89,4.0,3.0,4.0,11.0,Loyal Customers,0,2026-03-30
C01128,Germany,40,Male,Free,2022-02-12,222.0,6.0,1437.37,4.0,3.0,5.0,12.0,Loyal Customers,0,2026-03-30
C01129,France,35,Male,Platinum,2026-03-09,1498.0,1.0,21.45,1.0,3.0,1.0,5.0,Regular,0,2026-03-30
C01130,United States,50,Female,Free,2023-05-10,435.0,3.0,409.61,3.0,3.0,4.0,10.0,Loyal Customers,1,2026-03-30
C01131,United Kingdom,21,Male,Silver,2025-07-03,1054.0,2.0,523.85,2.0,3.0,4.0,9.0,At Risk,0,2026-03-30
C01132,United States,48,Male,Free,2021-03-20,,,,,,,,No orders in window,1,2026-03-30
C01133,United Kingdom,30,Male,Silver,2024-11-22,124.0,6.0,1058.37,5.0,3.0,5.0,13.0,Loyal Customers,1,2026-03-30
C01134,United Kingdom,19,Female,Free,2025-12-27,459.0,4.0,513.8100000000001,3.0,3.0,4.0,10.0,Loyal Customers,0,2026-03-30
C01135,Brazil,48,Male,Silver,2024-08-17,373.0,3.0,608.14,3.0,3.0,4.0,10.0,Loyal Customers,0,2026-03-30
C01136,Mexico,46,Female,Free,2023-01-03,87.0,2.0,194.63,5.0,3.0,2.0,10.0,Loyal Customers,0,2026-03-30
C01137,France,26,Male,Free,2025-08-15,278.0,4.0,568.78,4.0,3.0,4.0,11.0,Loyal Customers,0,2026-03-30
C01138,United States,32,Male,Gold,2022-05-14,46.0,2.0,346.28,5.0,3.0,3.0,11.0,Loyal Customers,0,2026-03-30
C01139,United States,42,Male,Gold,2024-11-05,190.0,2.0,124.72,4.0,3.0,1.0,8.0,Loyal Customers,0,2026-03-30
C01140,Singapore,18,Female,Silver,2025-12-30,253.0,5.0,526.5,4.0,3.0,4.0,11.0,Loyal Customers,0,2026-03-30
C01141,United States,43,Male,Free,2025-10-31,374.0,4.0,478.63,3.0,3.0,4.0,10.0,Loyal Customers,1,2026-03-30
C01142,Germany,44,Female,Free,2026-03-04,286.0,3.0,469.48,4.0,3.0,4.0,11.0,Loyal Customers,0,2026-03-30
C01143,Spain,34,Male,Platinum,2025-08-29,153.0,4.0,295.11,4.0,3.0,3.0,10.0,Loyal Customers,0,2026-03-30
C01144,Germany,27,Female,Silver,2024-12-15,667.0,4.0,351.46000000000004,2.0,3.0,3.0,8.0,At Risk,0,2026-03-30
C01145,Australia,39,Other,Gold,2024-09-11,627.0,2.0,74.69,2.0,3.0,1.0,6.0,Regular,0,2026-03-30
C01146,Brazil,20,Male,Gold,2023-02-11,251.0,6.0,487.8,4.0,3.0,4.0,11.0,Loyal Customers,0,2026-03-30
C01147,Germany,18,Female,Free,2024-10-11,1384.0,1.0,77.21,1.0,3.0,1.0,5.0,Regular,0,2026-03-30
C01148,United States,31,Female,Free,2025-10-12,86.0,4.0,885.8299999999999,5.0,3.0,5.0,13.0,Loyal Customers,0,2026-03-30
C01149,United States,43,Female,Free,2025-05-04,30.0,3.0,333.31,5.0,3.0,3.0,11.0,Loyal Customers,0,2026-03-30
C01150,Germany,52,Male,Free,2026-03-30,1756.0,2.0,296.47,1.0,3.0,3.0,7.0,At Risk,0,2026-03-30
C01151,United States,18,Female,Silver,2025-11-20,245.0,8.0,852.51,4.0,3.0,5.0,12.0,Loyal Customers,0,2026-03-30
C01152,United States,18,Female,Free,2025-08-12,1112.0,3.0,237.2,1.0,3.0,2.0,6.0,Regular,1,2026-03-30
C01153,United Kingdom,30,Male,Free,2018-06-03,675.0,6.0,857.94,2.0,3.0,5.0,10.0,At Risk,0,2026-03-30
C01154,Mexico,25,Female,Free,2025-10-16,794.0,4.0,404.77,2.0,3.0,4.0,9.0,At Risk,0,2026-03-30
C01155,India,24,Male,Free,2024-09-01,828.0,1.0,89.82,2.0,3.0,1.0,6.0,Regular,0,2026-03-30
C01156,Germany,48,Male,Free,2024-05-28,1041.0,2.0,168.82999999999998,2.0,3.0,2.0,7.0,Regular,0,2026-03-30
C01157,India,46,Other,Platinum,2025-10-03,150.0,2.0,473.68,5.0,3.0,4.0,12.0,Loyal Customers,0,2026-03-30
C01158,United States,41,Male,Silver,2024-03-14,825.0,3.0,363.27,2.0,3.0,3.0,8.0,At Risk,0,2026-03-30
C01159,Mexico,18,Female,Free,2022-09-05,889.0,3.0,397.04,2.0,3.0,3.0,8.0,At Risk,0,2026-03-30
C01160,United States,22,Other,Silver,2025-10-13,379.0,3.0,205.63,3.0,3.0,2.0,8.0,Loyal Customers,0,2026-03-30
C01161,India,39,Female,Free,2024-01-19,276.0,5.0,482.47,4.0,3.0,4.0,11.0,Loyal Customers,0,2026-03-30
C01162,United Kingdom,37,Female,Free,2025-10-08,71.0,4.0,1048.55,5.0,3.0,5.0,13.0,Loyal Customers,0,2026-03-30
C01163,France,35,Male,Platinum,2025-02-18,,,,,,,,No orders in window,1,2026-03-30
C01164,United Kingdom,34,Male,Silver,2023-10-25,,,,,,,,No orders in window,1,2026-03-30
C01165,Spain,30,Female,Silver,2023-11-11,204.0,3.0,195.62,4.0,3.0,2.0,9.0,Loyal Customers,1,2026-03-30
C01166,United States,21,Male,Free,2025-03-28,200.0,5.0,537.23,4.0,3.0,4.0,11.0,Loyal Customers,0,2026-03-30
C01167,Japan,35,Male,Free,2020-09-05,149.0,3.0,174.61,5.0,3.0,2.0,10.0,Loyal Customers,0,2026-03-30
C01168,United States,28,Female,Free,2025-07-26,75.0,2.0,464.76,5.0,3.0,4.0,12.0,Loyal Customers,0,2026-03-30
C01169,Germany,40,Female,Gold,2025-11-08,14.0,3.0,493.75,5.0,3.0,4.0,12.0,Loyal Customers,0,2026-03-30
C01170,United States,41,Female,Free,2024-02-18,440.0,2.0,389.19,3.0,3.0,3.0,9.0,Loyal Customers,0,2026-03-30
C01171,United States,35,Male,Free,2025-02-06,,,,,,,,No orders in window,0,2026-03-30
C01172,France,29,Female,Free,2024-09-17,511.0,4.0,383.91,3.0,3.0,3.0,9.0,Loyal Customers,0,2026-03-30
C01173,Germany,42,Male,Free,2026-01-10,549.0,5.0,643.56,3.0,3.0,5.0,11.0,Loyal Customers,0,2026-03-30
C01174,United States,28,Female,Free,2025-12-26,1074.0,1.0,112.99,1.0,3.0,1.0,5.0,Regular,0,2026-03-30
C01175,Canada,19,Female,Silver,2026-01-06,1180.0,4.0,482.92,1.0,3.0,4.0,8.0,At Risk,0,2026-03-30
C01176,France,56,Other,Free,2025-07-06,314.0,1.0,77.98,4.0,3.0,1.0,8.0,Loyal Customers,0,2026-03-30
C01177,Netherlands,44,Female,Silver,2024-11-14,616.0,2.0,375.49,3.0,3.0,3.0,9.0,Loyal Customers,0,2026-03-30
C01178,United Kingdom,20,Female,Gold,2025-03-30,743.0,1.0,16.06,2.0,3.0,1.0,6.0,Regular,0,2026-03-30
C01179,Australia,42,Male,Silver,2026-01-03,1062.0,3.0,439.99,1.0,3.0,4.0,8.0,At Risk,0,2026-03-30
C01180,Brazil,18,Male,Silver,2025-06-01,964.0,2.0,114.25,2.0,3.0,1.0,6.0,Regular,1,2026-03-30
C01181,India,26,Female,Free,2025-11-13,1003.0,3.0,354.31,2.0,3.0,3.0,8.0,At Risk,0,2026-03-30
C01182,United States,41,Other,Free,2025-09-02,302.0,5.0,449.74,4.0,3.0,4.0,11.0,Loyal Customers,0,2026-03-30
C01183,Turkey,29,Male,Silver,2026-01-12,1054.0,4.0,396.87,2.0,3.0,3.0,8.0,At Risk,0,2026-03-30
C01184,India,33,Female,Free,2025-02-13,252.0,3.0,224.61000000000004,4.0,3.0,2.0,9.0,Loyal Customers,0,2026-03-30
C01185,Australia,18,Male,Free,2026-01-13,1120.0,3.0,132.23999999999998,1.0,3.0,1.0,5.0,Regular,0,2026-03-30
C01186,United Kingdom,30,Male,Silver,2022-03-24,69.0,4.0,491.18,5.0,3.0,4.0,12.0,Loyal Customers,0,2026-03-30
C01187,Japan,45,Male,Platinum,2026-03-21,104.0,3.0,228.72,5.0,3.0,2.0,10.0,Loyal Customers,0,2026-03-30
C01188,United Kingdom,55,Male,Platinum,2026-03-09,2207.0,1.0,445.16,1.0,3.0,4.0,8.0,At Risk,0,2026-03-30
C01189,Mexico,39,Male,Free,2023-09-18,306.0,5.0,584.25,4.0,3.0,4.0,11.0,Loyal Customers,0,2026-03-30
C01190,Australia,31,Male,Silver,2022-01-31,99.0,5.0,749.15,5.0,3.0,5.0,13.0,Loyal Customers,0,2026-03-30
C01191,Sweden,37,Female,Free,2025-10-28,683.0,1.0,91.94,2.0,3.0,1.0,6.0,Regular,0,2026-03-30
C01192,United Kingdom,24,Other,Gold,2025-03-29,45.0,3.0,97.23,5.0,3.0,1.0,9.0,Loyal Customers,0,2026-03-30
C01193,Italy,20,Male,Silver,2023-12-20,,,,,,,,No orders in window,0,2026-03-30
C01194,France,29,Female,Gold,2024-04-25,340.0,2.0,309.46,4.0,3.0,3.0,10.0,Loyal Customers,1,2026-03-30
C01195,United States,49,Female,Free,2026-02-17,564.0,3.0,630.9699999999999,3.0,3.0,5.0,11.0,Loyal Customers,0,2026-03-30
C01196,United Kingdom,29,Female,Gold,2024-12-22,2105.0,2.0,98.07,1.0,3.0,1.0,5.0,Regular,0,2026-03-30
C01197,Sweden,31,Male,Free,2024-10-17,907.0,8.0,918.94,2.0,3.0,5.0,10.0,At Risk,0,2026-03-30
C01198,Poland,51,Female,Gold,2023-02-22,289.0,4.0,855.1199999999999,4.0,3.0,5.0,12.0,Loyal Customers,1,2026-03-30
C01199,United Kingdom,34,Male,Silver,2026-03-19,450.0,4.0,3130.43,3.0,3.0,5.0,11.0,Loyal Customers,0,2026-03-30
C01200,United States,29,Female,Gold,2025-03-27,293.0,1.0,32.54,4.0,3.0,1.0,8.0,Loyal Customers,0,2026-03-30
C01201,Brazil,53,Female,Silver,2025-01-05,1962.0,1.0,39.87,1.0,3.0,1.0,5.0,Regular,0,2026-03-30
C01202,Mexico,32,Female,Free,2026-03-27,269.0,3.0,583.05,4.0,3.0,4.0,11.0,Loyal Customers,0,2026-03-30
C01203,Germany,47,Female,Free,2025-06-21,1484.0,1.0,14.67,1.0,3.0,1.0,5.0,Regular,0,2026-03-30
C01204,Japan,37,Male,Gold,2023-05-18,1830.0,3.0,72.85,1.0,3.0,1.0,5.0,Regular,0,2026-03-30
C01205,United States,27,Other,Platinum,2025-10-24,226.0,6.0,511.84,4.0,3.0,4.0,11.0,Loyal Customers,0,2026-03-30
C01206,Germany,41,Male,Free,2025-11-20,753.0,2.0,71.15,2.0,3.0,1.0,6.0,Regular,0,2026-03-30
C01207,United States,27,Female,Silver,2025-12-07,1145.0,2.0,1082.72,1.0,3.0,5.0,9.0,At Risk,0,2026-03-30
C01208,Sweden,42,Male,Silver,2022-06-10,125.0,3.0,391.87,5.0,3.0,3.0,11.0,Loyal Customers,1,2026-03-30
C01209,United States,33,Female,Free,2024-08-16,1825.0,2.0,68.39,1.0,3.0,1.0,5.0,Regular,0,2026-03-30
C01210,Singapore,36,Female,Gold,2026-03-15,298.0,4.0,376.99,4.0,3.0,3.0,10.0,Loyal Customers,1,2026-03-30
C01211,Germany,43,Female,Free,2025-03-05,750.0,3.0,210.26,2.0,3.0,2.0,7.0,Regular,0,2026-03-30
C01212,Australia,40,Male,Silver,2026-02-11,841.0,4.0,290.91,2.0,3.0,3.0,8.0,At Risk,0,2026-03-30
C01213,United Kingdom,18,Female,Free,2025-10-28,1810.0,3.0,778.89,1.0,3.0,5.0,9.0,At Risk,0,2026-03-30
C01214,United Kingdom,53,Female,Gold,2025-02-27,1740.0,1.0,122.41,1.0,3.0,1.0,5.0,Regular,0,2026-03-30
C01215,United States,38,Male,Free,2024-11-13,961.0,3.0,949.02,2.0,3.0,5.0,10.0,At Risk,0,2026-03-30
C01216,Brazil,33,Female,Free,2025-05-15,1468.0,2.0,191.88,1.0,3.0,2.0,6.0,Regular,0,2026-03-30
C01217,Poland,49,Male,Platinum,2025-02-03,470.0,4.0,466.02,3.0,3.0,4.0,10.0,Loyal Customers,0,2026-03-30
C01218,Singapore,50,Female,Gold,2025-09-30,546.0,1.0,56.57,3.0,3.0,1.0,7.0,Loyal Customers,0,2026-03-30
C01219,United Kingdom,52,Female,Free,2026-02-27,156.0,6.0,609.57,4.0,3.0,4.0,11.0,Loyal Customers,0,2026-03-30
C01220,United Kingdom,33,Male,Free,2025-04-01,310.0,3.0,452.66,4.0,3.0,4.0,11.0,Loyal Customers,0,2026-03-30
C01221,United Kingdom,47,Female,Free,2020-02-04,310.0,2.0,154.70999999999998,4.0,3.0,2.0,9.0,Loyal Customers,1,2026-03-30
C01222,France,36,Female,Silver,2025-11-24,549.0,1.0,192.93,3.0,3.0,2.0,8.0,Loyal Customers,0,2026-03-30
C01223,Australia,30,Female,Free,2022-06-19,976.0,2.0,107.63,2.0,3.0,1.0,6.0,Regular,0,2026-03-30
C01224,United Kingdom,44,Female,Silver,2025-08-11,139.0,2.0,111.19,5.0,3.0,1.0,9.0,Loyal Customers,0,2026-03-30
C01225,United States,30,Female,Free,2025-11-05,275.0,3.0,217.52,4.0,3.0,2.0,9.0,Loyal Customers,0,2026-03-30
C01226,France,34,Female,Gold,2025-05-03,1627.0,2.0,460.43,1.0,3.0,4.0,8.0,At Risk,0,2026-03-30
C01227,India,18,Female,Free,2025-03-28,762.0,2.0,730.4,2.0,3.0,5.0,10.0,At Risk,0,2026-03-30
C01228,Brazil,43,Female,Free,2021-11-10,1968.0,2.0,263.77,1.0,3.0,3.0,7.0,At Risk,0,2026-03-30
C01229,India,51,Female,Silver,2025-02-16,422.0,3.0,173.26,3.0,3.0,2.0,8.0,Loyal Customers,0,2026-03-30
C01230,United States,50,Male,Free,2024-11-03,,,,,,,,No orders in window,0,2026-03-30
C01231,Canada,24,Male,Free,2025-06-22,1698.0,1.0,264.2,1.0,3.0,3.0,7.0,At Risk,0,2026-03-30
C01232,Germany,36,Female,Free,2025-08-10,308.0,1.0,91.94,4.0,3.0,1.0,8.0,Loyal Customers,0,2026-03-30
C01233,United States,18,Male,Free,2025-04-07,544.0,6.0,717.12,3.0,3.0,5.0,11.0,Loyal Customers,0,2026-03-30
C01234,United States,37,Female,Free,2025-12-27,97.0,4.0,308.31,5.0,3.0,3.0,11.0,Loyal Customers,0,2026-03-30
C01235,Singapore,45,Male,Silver,2024-06-12,147.0,5.0,914.39,5.0,3.0,5.0,13.0,Loyal Customers,0,2026-03-30
C01236,United States,38,Female,Silver,2025-03-22,,,,,,,,No orders in window,0,2026-03-30
C01237,Canada,18,Female,Gold,2025-10-31,140.0,6.0,745.3199999999999,5.0,3.0,5.0,13.0,Loyal Customers,0,2026-03-30
C01238,Uae,41,Male,Free,2023-06-15,1158.0,2.0,477.69,1.0,3.0,4.0,8.0,At Risk,0,2026-03-30
C01239,India,28,Female,Silver,2026-01-15,97.0,3.0,386.51,5.0,3.0,3.0,11.0,Loyal Customers,0,2026-03-30
C01240,Japan,57,Male,Gold,2025-07-05,203.0,5.0,382.34,4.0,3.0,3.0,10.0,Loyal Customers,0,2026-03-30
C01241,Germany,39,Male,Free,2022-01-11,423.0,2.0,307.18,3.0,3.0,3.0,9.0,Loyal Customers,0,2026-03-30
C01242,United States,45,Male,Free,2018-10-07,8.0,10.0,956.76,5.0,3.0,5.0,13.0,Loyal Customers,0,2026-03-30
C01243,Germany,28,Male,Free,2021-10-19,,,,,,,,No orders in window,0,2026-03-30
C01244,United Kingdom,36,Male,Gold,2020-04-22,353.0,2.0,306.53,3.0,3.0,3.0,9.0,Loyal Customers,0,2026-03-30
C01245,United States,35,Male,Silver,2025-12-25,631.0,4.0,294.66,2.0,3.0,3.0,8.0,At Risk,0,2026-03-30
C01246,Canada,32,Male,Free,2021-09-30,993.0,2.0,239.67,2.0,3.0,2.0,7.0,Regular,0,2026-03-30
C01247,United States,18,Male,Silver,2020-08-22,393.0,4.0,888.64,3.0,3.0,5.0,11.0,Loyal Customers,0,2026-03-30
C01248,United States,37,Male,Free,2023-06-09,1460.0,1.0,123.55,1.0,3.0,1.0,5.0,Regular,0,2026-03-30
C01249,Canada,26,Female,Free,2024-04-11,779.0,2.0,141.51,2.0,3.0,2.0,7.0,Regular,0,2026-03-30
C01250,United States,39,Female,Silver,2024-02-09,500.0,2.0,197.75,3.0,3.0,2.0,8.0,Loyal Customers,0,2026-03-30
C01251,United Kingdom,48,Male,Platinum,2025-11-21,1679.0,1.0,76.89,1.0,3.0,1.0,5.0,Regular,0,2026-03-30
C01252,United States,25,Male,Gold,2024-09-19,173.0,2.0,62.9,4.0,3.0,1.0,8.0,Loyal Customers,0,2026-03-30
C01253,Germany,47,Male,Free,2024-08-31,445.0,4.0,419.68,3.0,3.0,4.0,10.0,Loyal Customers,1,2026-03-30
C01254,Germany,51,Female,Silver,2025-10-19,1102.0,3.0,286.94,1.0,3.0,3.0,7.0,At Risk,0,2026-03-30
C01255,Germany,30,Male,Silver,2016-04-16,163.0,5.0,697.27,4.0,3.0,5.0,12.0,Loyal Customers,0,2026-03-30
C01256,United States,48,Female,Silver,2026-02-20,156.0,3.0,385.94000000000005,4.0,3.0,3.0,10.0,Loyal Customers,0,2026-03-30
C01257,Spain,32,Female,Free,2021-01-12,825.0,4.0,965.62,2.0,3.0,5.0,10.0,At Risk,0,2026-03-30
C01258,United States,22,Female,Gold,2025-08-24,69.0,5.0,454.63,5.0,3.0,4.0,12.0,Loyal Customers,0,2026-03-30
C01259,Singapore,39,Male,Free,2024-06-02,532.0,4.0,340.5,3.0,3.0,3.0,9.0,Loyal Customers,0,2026-03-30
C01260,France,20,Male,Free,2025-07-22,230.0,2.0,236.79,4.0,3.0,2.0,9.0,Loyal Customers,0,2026-03-30
C01261,United Kingdom,59,Female,Free,2023-07-16,2162.0,1.0,46.81,1.0,3.0,1.0,5.0,Regular,0,2026-03-30
C01262,Canada,60,Male,Gold,2021-08-19,290.0,6.0,1373.4,4.0,3.0,5.0,12.0,Loyal Customers,0,2026-03-30
C01263,India,48,Female,Gold,2023-03-26,103.0,3.0,315.55,5.0,3.0,3.0,11.0,Loyal Customers,0,2026-03-30
C01264,United States,58,Male,Free,2025-03-10,1998.0,1.0,93.86,1.0,3.0,1.0,5.0,Regular,0,2026-03-30
C01265,United Kingdom,18,Female,Free,2025-08-28,1359.0,4.0,232.32,1.0,3.0,2.0,6.0,Regular,0,2026-03-30
C01266,Canada,24,Female,Free,2024-09-17,1258.0,2.0,784.78,1.0,3.0,5.0,9.0,At Risk,0,2026-03-30
C01267,United Kingdom,41,Female,Free,2026-03-16,933.0,3.0,384.96,2.0,3.0,3.0,8.0,At Risk,0,2026-03-30
C01268,United States,36,Female,Free,2026-03-25,386.0,4.0,1143.53,3.0,3.0,5.0,11.0,Loyal Customers,0,2026-03-30
C01269,United Kingdom,28,Female,Free,2024-11-10,15.0,5.0,662.3100000000001,5.0,3.0,5.0,13.0,Loyal Customers,0,2026-03-30
C01270,Canada,28,Female,Free,2023-04-23,908.0,2.0,885.76,2.0,3.0,5.0,10.0,At Risk,0,2026-03-30
C01271,United Kingdom,35,Male,Free,2023-06-22,1147.0,2.0,220.37,1.0,3.0,2.0,6.0,Regular,0,2026-03-30
C01272,United States,27,Female,Free,2024-12-28,114.0,4.0,1208.8100000000002,5.0,3.0,5.0,13.0,Loyal Customers,0,2026-03-30
C01273,Germany,21,Male,Silver,2026-02-11,88.0,6.0,636.62,5.0,3.0,5.0,13.0,Loyal Customers,0,2026-03-30
C01274,Brazil,27,Female,Free,2025-03-03,552.0,4.0,173.96,3.0,3.0,2.0,8.0,Loyal Customers,0,2026-03-30
C01275,United States,38,Female,Free,2017-06-04,174.0,10.0,1161.24,4.0,3.0,5.0,12.0,Loyal Customers,0,2026-03-30
C01276,Netherlands,44,Female,Gold,2025-04-02,325.0,2.0,190.22,4.0,3.0,2.0,9.0,Loyal Customers,0,2026-03-30
C01277,United States,26,Female,Free,2026-03-16,748.0,2.0,266.16,2.0,3.0,3.0,8.0,At Risk,1,2026-03-30
C01278,Germany,39,Male,Free,2023-08-24,381.0,2.0,161.76,3.0,3.0,2.0,8.0,Loyal Customers,0,2026-03-30
C01279,United States,37,Male,Free,2024-04-27,,,,,,,,No orders in window,0,2026-03-30
C01280,Canada,43,Female,Free,2024-10-23,353.0,3.0,602.91,3.0,3.0,4.0,10.0,Loyal Customers,0,2026-03-30
C01281,United States,36,Female,Free,2024-01-03,114.0,6.0,479.7,5.0,3.0,4.0,12.0,Loyal Customers,0,2026-03-30
C01282,Italy,34,Male,Platinum,2024-09-21,42.0,3.0,208.33,5.0,3.0,2.0,10.0,Loyal Customers,0,2026-03-30
C01283,India,38,Female,Free,2023-10-07,1056.0,2.0,335.02000000000004,2.0,3.0,3.0,8.0,At Risk,0,2026-03-30
C01284,South Africa,24,Female,Silver,2026-03-16,110.0,2.0,119.29,5.0,3.0,1.0,9.0,Loyal Customers,0,2026-03-30
C01285,Turkey,39,Male,Free,2025-03-29,837.0,2.0,518.61,2.0,3.0,4.0,9.0,At Risk,0,2026-03-30
C01286,United States,60,Male,Silver,2025-11-21,878.0,2.0,57.88,2.0,3.0,1.0,6.0,Regular,0,2026-03-30
C01287,United States,32,Female,Silver,2025-12-02,328.0,3.0,108.01,4.0,3.0,1.0,8.0,Loyal Customers,0,2026-03-30
C01288,Canada,44,Female,Free,2025-03-02,72.0,5.0,461.23,5.0,3.0,4.0,12.0,Loyal Customers,0,2026-03-30
C01289,Australia,54,Male,Free,2025-12-01,1186.0,2.0,187.91000000000005,1.0,3.0,2.0,6.0,Regular,0,2026-03-30
C01290,United States,32,Male,Free,2025-01-13,898.0,4.0,1084.79,2.0,3.0,5.0,10.0,At Risk,0,2026-03-30
C01291,India,18,Male,Free,2025-02-02,463.0,6.0,754.16,3.0,3.0,5.0,11.0,Loyal Customers,0,2026-03-30
C01292,Germany,23,Male,Gold,2023-11-07,59.0,4.0,467.55,5.0,3.0,4.0,12.0,Loyal Customers,0,2026-03-30
C01293,Netherlands,24,Female,Gold,2026-02-12,22.0,6.0,653.1700000000001,5.0,3.0,5.0,13.0,Loyal Customers,0,2026-03-30
C01294,United States,45,Female,Silver,2023-01-11,,,,,,,,No orders in window,0,2026-03-30
C01295,Mexico,40,Female,Gold,2026-03-24,786.0,4.0,536.9300000000001,2.0,3.0,4.0,9.0,At Risk,0,2026-03-30
C01296,United States,28,Female,Free,2026-01-14,1260.0,3.0,557.38,1.0,3.0,4.0,8.0,At Risk,0,2026-03-30
C01297,Germany,32,Female,Free,2025-01-06,852.0,11.0,1324.86,2.0,3.0,5.0,10.0,At Risk,0,2026-03-30
C01298,United States,33,Male,Silver,2023-11-05,891.0,1.0,46.88,2.0,3.0,1.0,6.0,Regular,0,2026-03-30
C01299,India,51,Female,Platinum,2024-11-10,,,,,,,,No orders in window,1,2026-03-30
C01300,South Africa,43,Female,Free,2024-06-24,1848.0,2.0,61.5,1.0,3.0,1.0,5.0,Regular,0,2026-03-30
C01301,India,18,Male,Silver,2025-09-26,201.0,4.0,383.44,4.0,3.0,3.0,10.0,Loyal Customers,0,2026-03-30
C01302,Uae,54,Female,Free,2026-01-31,941.0,3.0,115.21,2.0,3.0,1.0,6.0,Regular,0,2026-03-30
C01303,United States,20,Male,Silver,2024-08-16,29.0,3.0,468.18,5.0,3.0,4.0,12.0,Loyal Customers,0,2026-03-30
C01304,Singapore,22,Female,Free,2025-12-12,52.0,5.0,603.27,5.0,3.0,4.0,12.0,Loyal Customers,0,2026-03-30
C01305,Uae,34,Male,Free,2025-12-03,194.0,2.0,387.74,4.0,3.0,3.0,10.0,Loyal Customers,0,2026-03-30
C01306,United States,28,Female,Gold,2026-01-15,100.0,5.0,542.78,5.0,3.0,4.0,12.0,Loyal Customers,0,2026-03-30
C01307,United States,42,Male,Free,2023-01-24,,,,,,,,No orders in window,0,2026-03-30
C01308,Australia,46,Female,Free,2025-10-19,300.0,3.0,313.03000000000003,4.0,3.0,3.0,10.0,Loyal Customers,0,2026-03-30
C01309,Mexico,51,Male,Free,2018-12-28,185.0,8.0,2075.3300000000004,4.0,3.0,5.0,12.0,Loyal Customers,0,2026-03-30
C01310,France,24,Female,Gold,2026-02-17,309.0,3.0,168.45,4.0,3.0,2.0,9.0,Loyal Customers,1,2026-03-30
C01311,United States,46,Female,Gold,2025-07-02,1044.0,2.0,265.58000000000004,2.0,3.0,3.0,8.0,At Risk,0,2026-03-30
C01312,Germany,38,Female,Silver,2025-11-26,1321.0,2.0,147.15,1.0,3.0,2.0,6.0,Regular,0,2026-03-30
C01313,Australia,26,Male,Silver,2024-06-08,718.0,3.0,296.78,2.0,3.0,3.0,8.0,At Risk,0,2026-03-30
C01314,India,33,Female,Free,2025-09-18,643.0,2.0,234.22,2.0,3.0,2.0,7.0,Regular,0,2026-03-30
C01315,United States,39,Male,Silver,2025-08-28,1119.0,2.0,223.88,1.0,3.0,2.0,6.0,Regular,0,2026-03-30
C01316,Germany,19,Male,Gold,2025-08-01,59.0,3.0,652.4300000000001,5.0,3.0,5.0,13.0,Loyal Customers,0,2026-03-30
C01317,Uae,46,Female,Free,2022-09-19,668.0,4.0,798.78,2.0,3.0,5.0,10.0,At Risk,0,2026-03-30
C01318,France,25,Male,Free,2023-02-24,173.0,5.0,681.97,4.0,3.0,5.0,12.0,Loyal Customers,1,2026-03-30
C01319,Turkey,43,Male,Free,2026-02-03,296.0,6.0,650.3000000000001,4.0,3.0,5.0,12.0,Loyal Customers,0,2026-03-30
C01320,United States,46,Male,Platinum,2026-01-22,127.0,2.0,66.23,5.0,3.0,1.0,9.0,Loyal Customers,0,2026-03-30
C01321,United Kingdom,25,Female,Gold,2024-09-01,778.0,3.0,329.59000000000003,2.0,3.0,3.0,8.0,At Risk,0,2026-03-30
C01322,France,20,Other,Free,2024-10-15,,,,,,,,No orders in window,1,2026-03-30
C01323,United States,19,Male,Silver,2025-10-21,269.0,2.0,168.85,4.0,3.0,2.0,9.0,Loyal Customers,0,2026-03-30
C01324,Italy,44,Male,Free,2025-11-12,392.0,4.0,255.54,3.0,3.0,2.0,8.0,Loyal Customers,0,2026-03-30
C01325,United States,18,Male,Free,2025-05-22,515.0,3.0,307.3,3.0,3.0,3.0,9.0,Loyal Customers,0,2026-03-30
C01326,Poland,24,Female,Gold,2024-03-10,26.0,6.0,1273.29,5.0,3.0,5.0,13.0,Loyal Customers,0,2026-03-30
C01327,United States,25,Female,Free,2022-07-05,1476.0,3.0,378.48,1.0,3.0,3.0,7.0,At Risk,0,2026-03-30
C01328,Japan,53,Female,Free,2024-12-31,432.0,3.0,128.27,3.0,3.0,1.0,7.0,Loyal Customers,0,2026-03-30
C01329,United States,29,Female,Free,2023-08-22,1289.0,2.0,435.64,1.0,3.0,4.0,8.0,At Risk,0,2026-03-30
C01330,South Africa,40,Male,Free,2025-09-11,607.0,5.0,1021.89,3.0,3.0,5.0,11.0,Loyal Customers,0,2026-03-30
C01331,India,44,Male,Free,2021-03-26,678.0,3.0,670.51,2.0,3.0,5.0,10.0,At Risk,1,2026-03-30
C01332,South Africa,46,Female,Free,2025-07-07,998.0,2.0,66.15,2.0,3.0,1.0,6.0,Regular,0,2026-03-30
C01333,Germany,47,Female,Free,2021-03-14,542.0,5.0,422.53,3.0,3.0,4.0,10.0,Loyal Customers,0,2026-03-30
C01334,Mexico,37,Male,Gold,2025-11-09,1417.0,2.0,332.96,1.0,3.0,3.0,7.0,At Risk,0,2026-03-30
C01335,United States,19,Female,Free,2025-02-24,711.0,3.0,190.09,2.0,3.0,2.0,7.0,Regular,0,2026-03-30
C01336,India,40,Male,Gold,2025-08-03,250.0,5.0,1012.26,4.0,3.0,5.0,12.0,Loyal Customers,0,2026-03-30
C01337,India,33,Female,Free,2022-06-24,366.0,3.0,101.88,3.0,3.0,1.0,7.0,Loyal Customers,0,2026-03-30
C01338,United States,41,Female,Free,2025-04-24,579.0,3.0,248.66,3.0,3.0,2.0,8.0,Loyal Customers,0,2026-03-30
C01339,Canada,21,Female,Free,2022-01-18,1945.0,2.0,226.96,1.0,3.0,2.0,6.0,Regular,1,2026-03-30
C01340,Germany,18,Male,Free,2025-08-29,871.0,2.0,192.66,2.0,3.0,2.0,7.0,Regular,0,2026-03-30
C01341,United Kingdom,24,Male,Free,2025-05-23,487.0,1.0,103.71,3.0,3.0,1.0,7.0,Loyal Customers,0,2026-03-30
C01342,Spain,49,Other,Silver,2022-12-08,205.0,7.0,576.27,4.0,3.0,4.0,11.0,Loyal Customers,0,2026-03-30
C01343,Germany,27,Male,Gold,2025-11-29,1515.0,2.0,89.13,1.0,3.0,1.0,5.0,Regular,0,2026-03-30
C01344,United States,29,Male,Free,2025-06-10,226.0,3.0,628.36,4.0,3.0,5.0,12.0,Loyal Customers,0,2026-03-30
C01345,India,29,Male,Free,2022-12-08,2076.0,1.0,63.9,1.0,3.0,1.0,5.0,Regular,1,2026-03-30
C01346,United States,23,Female,Gold,2022-02-19,790.0,2.0,240.14,2.0,3.0,2.0,7.0,Regular,0,2026-03-30
C01347,South Africa,38,Female,Silver,2025-11-10,495.0,5.0,498.22,3.0,3.0,4.0,10.0,Loyal Customers,0,2026-03-30
C01348,France,18,Male,Silver,2025-03-07,1883.0,1.0,135.21,1.0,3.0,1.0,5.0,Regular,0,2026-03-30
C01349,Poland,18,Female,Free,2025-10-13,58.0,7.0,521.09,5.0,3.0,4.0,12.0,Loyal Customers,0,2026-03-30
C01350,France,53,Male,Silver,2026-02-11,753.0,1.0,89.35,2.0,3.0,1.0,6.0,Regular,0,2026-03-30
C01351,Canada,37,Male,Free,2022-08-18,1245.0,1.0,64.47,1.0,3.0,1.0,5.0,Regular,0,2026-03-30
C01352,Sweden,46,Male,Free,2023-04-20,396.0,6.0,789.19,3.0,3.0,5.0,11.0,Loyal Customers,0,2026-03-30
C01353,India,25,Male,Free,2022-09-15,,,,,,,,No orders in window,0,2026-03-30
C01354,Germany,38,Male,Free,2025-07-18,387.0,3.0,261.44,3.0,3.0,3.0,9.0,Loyal Customers,0,2026-03-30
C01355,United States,30,Female,Silver,2026-03-18,1702.0,1.0,16.8,1.0,3.0,1.0,5.0,Regular,0,2026-03-30
C01356,Sweden,48,Female,Free,2026-01-27,1962.0,2.0,93.76,1.0,3.0,1.0,5.0,Regular,1,2026-03-30
C01357,United States,18,Male,Silver,2024-11-23,1393.0,3.0,209.18,1.0,3.0,2.0,6.0,Regular,0,2026-03-30
C01358,Japan,48,Male,Gold,2023-11-05,278.0,1.0,30.61,4.0,3.0,1.0,8.0,Loyal Customers,0,2026-03-30
C01359,Netherlands,35,Female,Gold,2025-04-12,1926.0,1.0,13.76,1.0,3.0,1.0,5.0,Regular,0,2026-03-30
C01360,United States,51,Female,Free,2024-10-28,1302.0,1.0,27.12,1.0,3.0,1.0,5.0,Regular,0,2026-03-30
C01361,India,25,Other,Free,2025-03-18,326.0,5.0,445.09,4.0,3.0,4.0,11.0,Loyal Customers,0,2026-03-30
C01362,United States,42,Male,Free,2025-04-02,1.0,3.0,604.33,5.0,3.0,4.0,12.0,Loyal Customers,0,2026-03-30
C01363,Netherlands,51,Female,Free,2025-08-30,363.0,3.0,314.5,3.0,3.0,3.0,9.0,Loyal Customers,0,2026-03-30
C01364,India,21,Male,Free,2019-01-25,1157.0,4.0,339.57,1.0,3.0,3.0,7.0,At Risk,0,2026-03-30
C01365,South Korea,30,Male,Free,2025-08-29,1341.0,2.0,84.28,1.0,3.0,1.0,5.0,Regular,0,2026-03-30
C01366,India,25,Male,Silver,2024-04-03,67.0,5.0,302.82,5.0,3.0,3.0,11.0,Loyal Customers,0,2026-03-30
C01367,United States,55,Female,Free,2025-04-17,508.0,4.0,511.48,3.0,3.0,4.0,10.0,Loyal Customers,0,2026-03-30
C01368,Canada,36,Male,Free,2023-06-08,1583.0,3.0,1336.05,1.0,3.0,5.0,9.0,At Risk,0,2026-03-30
C01369,India,37,Female,Free,2025-03-15,,,,,,,,No orders in window,0,2026-03-30
C01370,United States,25,Male,Platinum,2024-12-22,607.0,3.0,517.96,3.0,3.0,4.0,10.0,Loyal Customers,1,2026-03-30
C01371,United States,38,Female,Silver,2025-06-06,714.0,1.0,140.15,2.0,3.0,2.0,7.0,Regular,0,2026-03-30
C01372,Germany,39,Female,Free,2026-01-27,657.0,2.0,540.12,2.0,3.0,4.0,9.0,At Risk,0,2026-03-30
C01373,United States,24,Male,Free,2023-11-09,2035.0,1.0,75.44,1.0,3.0,1.0,5.0,Regular,0,2026-03-30
C01374,United Kingdom,45,Male,Free,2025-06-18,866.0,3.0,485.87,2.0,3.0,4.0,9.0,At Risk,1,2026-03-30
C01375,Germany,61,Male,Gold,2026-03-07,1272.0,3.0,214.3,1.0,3.0,2.0,6.0,Regular,0,2026-03-30
C01376,Netherlands,41,Female,Free,2026-02-25,1554.0,2.0,311.48,1.0,3.0,3.0,7.0,At Risk,0,2026-03-30
C01377,Spain,26,Male,Free,2025-09-28,1978.0,3.0,305.85,1.0,3.0,3.0,7.0,At Risk,0,2026-03-30
C01378,Japan,51,Female,Free,2025-03-20,546.0,1.0,50.33,3.0,3.0,1.0,7.0,Loyal Customers,0,2026-03-30
C01379,France,24,Male,Free,2025-03-15,51.0,3.0,230.86,5.0,3.0,2.0,10.0,Loyal Customers,0,2026-03-30
C01380,India,23,Male,Free,2022-02-12,82.0,2.0,331.41,5.0,3.0,3.0,11.0,Loyal Customers,0,2026-03-30
C01381,Turkey,28,Female,Free,2025-01-06,199.0,2.0,96.39,4.0,3.0,1.0,8.0,Loyal Customers,0,2026-03-30
C01382,United Kingdom,39,Female,Gold,2025-10-30,498.0,4.0,984.0,3.0,3.0,5.0,11.0,Loyal Customers,0,2026-03-30
C01383,United States,40,Male,Platinum,2026-01-14,1500.0,2.0,116.23,1.0,3.0,1.0,5.0,Regular,0,2026-03-30
C01384,United States,54,Male,Free,2024-06-16,1096.0,3.0,497.3200000000001,1.0,3.0,4.0,8.0,At Risk,0,2026-03-30
C01385,United States,59,Female,Free,2021-03-12,224.0,8.0,1030.24,4.0,3.0,5.0,12.0,Loyal Customers,0,2026-03-30
C01386,United States,33,Male,Free,2025-11-29,224.0,4.0,256.17,4.0,3.0,2.0,9.0,Loyal Customers,1,2026-03-30
C01387,South Korea,30,Male,Free,2024-12-08,790.0,1.0,112.53,2.0,3.0,1.0,6.0,Regular,0,2026-03-30
C01388,Japan,63,Female,Free,2021-11-21,814.0,3.0,444.36,2.0,3.0,4.0,9.0,At Risk,1,2026-03-30
C01389,Uae,38,Male,Silver,2025-02-27,1252.0,2.0,167.46,1.0,3.0,2.0,6.0,Regular,0,2026-03-30
C01390,Australia,53,Female,Free,2025-06-09,741.0,3.0,129.48000000000002,2.0,3.0,1.0,6.0,Regular,0,2026-03-30
C01391,Italy,21,Female,Free,2024-08-19,291.0,2.0,294.4,4.0,3.0,3.0,10.0,Loyal Customers,0,2026-03-30
C01392,Netherlands,22,Female,Gold,2023-01-16,830.0,7.0,1006.17,2.0,3.0,5.0,10.0,At Risk,0,2026-03-30
C01393,United States,27,Female,Free,2025-03-27,428.0,5.0,327.81,3.0,3.0,3.0,9.0,Loyal Customers,0,2026-03-30
C01394,Germany,27,Female,Free,2025-07-11,446.0,4.0,631.04,3.0,3.0,5.0,11.0,Loyal Customers,0,2026-03-30
C01395,United States,39,Male,Silver,2025-10-13,530.0,3.0,694.8,3.0,3.0,5.0,11.0,Loyal Customers,0,2026-03-30
C01396,United States,54,Male,Gold,2026-02-22,248.0,4.0,1178.75,4.0,3.0,5.0,12.0,Loyal Customers,0,2026-03-30
C01397,Uae,45,Female,Free,2023-08-02,281.0,1.0,85.76,4.0,3.0,1.0,8.0,Loyal Customers,0,2026-03-30
C01398,Canada,50,Female,Free,2025-12-04,384.0,5.0,675.75,3.0,3.0,5.0,11.0,Loyal Customers,1,2026-03-30
C01399,United States,20,Male,Gold,2026-03-01,809.0,5.0,197.85,2.0,3.0,2.0,7.0,Regular,0,2026-03-30
C01400,United States,42,Female,Free,2022-12-29,356.0,2.0,52.72,3.0,3.0,1.0,7.0,Loyal Customers,0,2026-03-30
C01401,France,30,Female,Gold,2025-07-31,90.0,3.0,96.92,5.0,3.0,1.0,9.0,Loyal Customers,0,2026-03-30
C01402,Singapore,48,Male,Silver,2026-03-01,564.0,5.0,423.77,3.0,3.0,4.0,10.0,Loyal Customers,0,2026-03-30
C01403,United States,56,Male,Free,2025-07-24,76.0,5.0,1346.96,5.0,3.0,5.0,13.0,Loyal Customers,0,2026-03-30
C01404,India,43,Male,Platinum,2025-03-18,113.0,2.0,305.3,5.0,3.0,3.0,11.0,Loyal Customers,0,2026-03-30
C01405,Netherlands,34,Female,Gold,2026-01-28,346.0,4.0,211.76,4.0,3.0,2.0,9.0,Loyal Customers,0,2026-03-30
C01406,Canada,44,Male,Free,2021-07-23,969.0,5.0,438.44,2.0,3.0,4.0,9.0,At Risk,0,2026-03-30
C01407,South Africa,54,Female,Silver,2024-07-05,1325.0,2.0,123.55,1.0,3.0,1.0,5.0,Regular,0,2026-03-30
C01408,France,33,Female,Free,2022-06-16,,,,,,,,No orders in window,0,2026-03-30
C01409,Australia,44,Female,Free,2020-09-30,2054.0,1.0,45.06,1.0,3.0,1.0,5.0,Regular,0,2026-03-30
C01410,India,42,Female,Platinum,2020-08-29,960.0,3.0,284.48,2.0,3.0,3.0,8.0,At Risk,0,2026-03-30
C01411,India,43,Male,Free,2024-07-28,,,,,,,,No orders in window,0,2026-03-30
C01412,United States,37,Female,Free,2025-10-27,227.0,4.0,823.63,4.0,3.0,5.0,12.0,Loyal Customers,0,2026-03-30
C01413,United Kingdom,50,Male,Free,2024-02-18,1038.0,2.0,492.87,2.0,3.0,4.0,9.0,At Risk,0,2026-03-30
C01414,Germany,36,Male,Silver,2023-06-22,141.0,4.0,314.52,5.0,3.0,3.0,11.0,Loyal Customers,1,2026-03-30
C01415,Japan,52,Female,Silver,2025-07-15,93.0,5.0,735.46,5.0,3.0,5.0,13.0,Loyal Customers,0,2026-03-30
C01416,United States,29,Male,Silver,2025-09-07,1643.0,2.0,120.13,1.0,3.0,1.0,5.0,Regular,0,2026-03-30
C01417,Mexico,39,Male,Gold,2023-04-06,747.0,1.0,57.0,2.0,3.0,1.0,6.0,Regular,0,2026-03-30
C01418,United Kingdom,36,Female,Free,2024-06-28,141.0,3.0,467.04,5.0,3.0,4.0,12.0,Loyal Customers,0,2026-03-30
C01419,Japan,41,Female,Gold,2025-07-30,1266.0,3.0,489.7000000000001,1.0,3.0,4.0,8.0,At Risk,0,2026-03-30
C01420,United States,54,Female,Free,2019-05-21,31.0,7.0,914.64,5.0,3.0,5.0,13.0,Loyal Customers,0,2026-03-30
C01421,United States,18,Male,Platinum,2025-09-04,226.0,2.0,381.43,4.0,3.0,3.0,10.0,Loyal Customers,0,2026-03-30
C01422,Canada,18,Male,Silver,2025-10-04,426.0,3.0,634.46,3.0,3.0,5.0,11.0,Loyal Customers,0,2026-03-30
C01423,United States,47,Other,Platinum,2022-08-27,151.0,4.0,123.69,5.0,3.0,1.0,9.0,Loyal Customers,0,2026-03-30
C01424,Canada,35,Female,Silver,2024-07-05,949.0,2.0,268.05,2.0,3.0,3.0,8.0,At Risk,1,2026-03-30
C01425,Brazil,20,Female,Gold,2024-09-25,715.0,2.0,272.16,2.0,3.0,3.0,8.0,At Risk,0,2026-03-30
C01426,United Kingdom,24,Male,Free,2026-03-21,2023.0,1.0,100.78,1.0,3.0,1.0,5.0,Regular,0,2026-03-30
C01427,South Africa,26,Female,Gold,2026-03-22,618.0,3.0,315.8,3.0,3.0,3.0,9.0,Loyal Customers,1,2026-03-30
C01428,Germany,48,Female,Free,2025-10-27,425.0,3.0,330.44,3.0,3.0,3.0,9.0,Loyal Customers,0,2026-03-30
C01429,Uae,39,Male,Gold,2023-04-14,571.0,2.0,114.27,3.0,3.0,1.0,7.0,Loyal Customers,0,2026-03-30
C01430,United States,32,Female,Free,2025-11-22,549.0,2.0,474.6,3.0,3.0,4.0,10.0,Loyal Customers,0,2026-03-30
C01431,Germany,34,Female,Free,2025-07-25,355.0,5.0,513.28,3.0,3.0,4.0,10.0,Loyal Customers,0,2026-03-30
C01432,France,34,Female,Gold,2024-11-03,1598.0,3.0,190.58,1.0,3.0,2.0,6.0,Regular,0,2026-03-30
C01433,Netherlands,31,Other,Silver,2025-04-15,729.0,3.0,897.44,2.0,3.0,5.0,10.0,At Risk,0,2026-03-30
C01434,United Kingdom,43,Male,Free,2024-09-14,169.0,4.0,426.6,4.0,3.0,4.0,11.0,Loyal Customers,0,2026-03-30
C01435,South Korea,39,Male,Free,2025-12-14,1300.0,3.0,268.33,1.0,3.0,3.0,7.0,At Risk,0,2026-03-30
C01436,Germany,39,Male,Silver,2023-06-13,1130.0,2.0,245.78,1.0,3.0,2.0,6.0,Regular,0,2026-03-30
C01437,India,29,Male,Silver,2024-03-12,13.0,3.0,515.94,5.0,3.0,4.0,12.0,Loyal Customers,0,2026-03-30
C01438,Uae,45,Female,Silver,2024-03-28,368.0,1.0,45.76,3.0,3.0,1.0,7.0,Loyal Customers,0,2026-03-30
C01439,Germany,54,Female,Free,2024-06-21,674.0,4.0,451.24,2.0,3.0,4.0,9.0,At Risk,0,2026-03-30
C01440,United States,41,Female,Free,2026-02-03,1901.0,2.0,538.97,1.0,3.0,4.0,8.0,At Risk,1,2026-03-30
C01441,United Kingdom,41,Female,Free,2025-07-20,1374.0,3.0,142.48,1.0,3.0,2.0,6.0,Regular,0,2026-03-30
C01442,Germany,42,Female,Silver,2025-08-03,1114.0,2.0,227.65,1.0,3.0,2.0,6.0,Regular,0,2026-03-30
C01443,United States,56,Male,Free,2025-07-05,45.0,5.0,469.43,5.0,3.0,4.0,12.0,Loyal Customers,0,2026-03-30
C01444,India,51,Male,Free,2023-12-31,86.0,1.0,45.84,5.0,3.0,1.0,9.0,Loyal Customers,0,2026-03-30
C01445,Germany,32,Female,Free,2026-02-25,,,,,,,,No orders in window,0,2026-03-30
C01446,Australia,49,Male,Silver,2026-01-28,56.0,6.0,530.38,5.0,3.0,4.0,12.0,Loyal Customers,0,2026-03-30
C01447,Canada,43,Male,Silver,2025-05-15,1378.0,1.0,73.75,1.0,3.0,1.0,5.0,Regular,0,2026-03-30
C01448,United States,36,Male,Free,2024-05-20,411.0,5.0,408.26,3.0,3.0,4.0,10.0,Loyal Customers,0,2026-03-30
C01449,United States,47,Male,Silver,2025-10-16,209.0,7.0,976.61,4.0,3.0,5.0,12.0,Loyal Customers,1,2026-03-30
C01450,United Kingdom,54,Male,Gold,2025-12-14,230.0,2.0,390.16,4.0,3.0,3.0,10.0,Loyal Customers,0,2026-03-30
C01451,Canada,39,Male,Free,2024-07-24,41.0,5.0,225.05,5.0,3.0,2.0,10.0,Loyal Customers,0,2026-03-30
C01452,United States,22,Male,Free,2023-12-24,51.0,7.0,829.91,5.0,3.0,5.0,13.0,Loyal Customers,1,2026-03-30
C01453,Mexico,28,Male,Free,2025-04-07,44.0,8.0,501.99,5.0,3.0,4.0,12.0,Loyal Customers,0,2026-03-30
C01454,Canada,31,Male,Silver,2025-08-16,1034.0,2.0,139.28,2.0,3.0,1.0,6.0,Regular,0,2026-03-30
C01455,United States,22,Female,Free,2023-01-05,1035.0,5.0,687.31,2.0,3.0,5.0,10.0,At Risk,0,2026-03-30
C01456,Germany,19,Male,Silver,2025-03-24,1740.0,2.0,97.79,1.0,3.0,1.0,5.0,Regular,0,2026-03-30
C01457,United States,42,Male,Free,2025-06-15,891.0,3.0,157.68,2.0,3.0,2.0,7.0,Regular,0,2026-03-30
C01458,Poland,49,Male,Free,2025-10-05,348.0,4.0,300.37,4.0,3.0,3.0,10.0,Loyal Customers,0,2026-03-30
C01459,Germany,49,Female,Free,2026-03-03,881.0,2.0,228.2,2.0,3.0,2.0,7.0,Regular,0,2026-03-30
C01460,Germany,37,Male,Free,2024-02-14,192.0,4.0,476.79,4.0,3.0,4.0,11.0,Loyal Customers,0,2026-03-30
C01461,United States,43,Male,Platinum,2024-12-25,,,,,,,,No orders in window,0,2026-03-30
C01462,Singapore,42,Male,Silver,2025-08-09,410.0,2.0,579.39,3.0,3.0,4.0,10.0,Loyal Customers,0,2026-03-30
C01463,Germany,52,Male,Free,2022-01-29,1009.0,3.0,243.55,2.0,3.0,2.0,7.0,Regular,0,2026-03-30
C01464,Spain,22,Male,Free,2026-02-24,594.0,2.0,264.18,3.0,3.0,3.0,9.0,Loyal Customers,0,2026-03-30
C01465,Brazil,23,Male,Free,2024-12-09,343.0,4.0,436.06,4.0,3.0,4.0,11.0,Loyal Customers,0,2026-03-30
C01466,France,41,Male,Silver,2022-11-11,1050.0,4.0,189.87,2.0,3.0,2.0,7.0,Regular,0,2026-03-30
C01467,Canada,42,Female,Gold,2025-08-15,1229.0,3.0,651.2,1.0,3.0,5.0,9.0,At Risk,0,2026-03-30
C01468,Netherlands,30,Male,Free,2024-04-02,345.0,6.0,490.81,4.0,3.0,4.0,11.0,Loyal Customers,0,2026-03-30
C01469,United States,37,Female,Gold,2025-11-03,295.0,1.0,44.02,4.0,3.0,1.0,8.0,Loyal Customers,0,2026-03-30
C01470,United States,38,Female,Silver,2025-12-07,1016.0,4.0,552.75,2.0,3.0,4.0,9.0,At Risk,0,2026-03-30
C01471,United States,21,Female,Free,2026-01-19,,,,,,,,No orders in window,0,2026-03-30
C01472,United States,30,Male,Platinum,2026-03-15,98.0,8.0,1354.31,5.0,3.0,5.0,13.0,Loyal Customers,0,2026-03-30
C01473,Italy,52,Male,Gold,2022-12-22,455.0,3.0,364.23,3.0,3.0,3.0,9.0,Loyal Customers,0,2026-03-30
C01474,United States,56,Female,Platinum,2023-08-02,173.0,4.0,932.8,4.0,3.0,5.0,12.0,Loyal Customers,0,2026-03-30
C01475,United States,35,Male,Free,2025-01-11,1415.0,3.0,1318.12,1.0,3.0,5.0,9.0,At Risk,0,2026-03-30
C01476,United Kingdom,30,Female,Free,2025-09-23,1284.0,3.0,92.3,1.0,3.0,1.0,5.0,Regular,0,2026-03-30
C01477,Poland,43,Male,Free,2025-07-08,562.0,4.0,320.53,3.0,3.0,3.0,9.0,Loyal Customers,0,2026-03-30
C01478,United Kingdom,50,Other,Gold,2023-11-11,518.0,4.0,311.88,3.0,3.0,3.0,9.0,Loyal Customers,0,2026-03-30
C01479,Canada,36,Female,Gold,2025-08-29,1180.0,2.0,253.45,1.0,3.0,2.0,6.0,Regular,0,2026-03-30
C01480,Germany,18,Female,Silver,2026-03-31,165.0,10.0,1030.36,4.0,3.0,5.0,12.0,Loyal Customers,0,2026-03-30
C01481,France,18,Other,Free,2024-04-12,,,,,,,,No orders in window,0,2026-03-30
C01482,France,43,Female,Free,2025-03-19,4.0,3.0,408.61,5.0,3.0,4.0,12.0,Loyal Customers,1,2026-03-30
C01483,South Korea,52,Male,Free,2024-01-14,327.0,6.0,720.19,4.0,3.0,5.0,12.0,Loyal Customers,0,2026-03-30
C01484,Spain,54,Male,Silver,2026-01-09,75.0,3.0,396.72,5.0,3.0,3.0,11.0,Loyal Customers,0,2026-03-30
C01485,Canada,45,Female,Free,2025-03-04,373.0,3.0,86.13,3.0,3.0,1.0,7.0,Loyal Customers,0,2026-03-30
C01486,Canada,63,Female,Free,2025-04-23,223.0,1.0,19.82,4.0,3.0,1.0,8.0,Loyal Customers,0,2026-03-30
C01487,South Korea,55,Male,Gold,2025-02-24,66.0,4.0,523.8299999999999,5.0,3.0,4.0,12.0,Loyal Customers,0,2026-03-30
C01488,Uae,53,Male,Free,2023-12-15,1371.0,3.0,221.26,1.0,3.0,2.0,6.0,Regular,0,2026-03-30
C01489,Canada,32,Male,Free,2025-08-18,1011.0,1.0,64.08,2.0,3.0,1.0,6.0,Regular,0,2026-03-30
C01490,United States,44,Female,Free,2025-11-12,1058.0,1.0,54.74,1.0,3.0,1.0,5.0,Regular,0,2026-03-30
C01491,Turkey,45,Female,Gold,2025-09-16,75.0,2.0,313.08000000000004,5.0,3.0,3.0,11.0,Loyal Customers,1,2026-03-30
C01492,Germany,39,Male,Platinum,2023-11-01,510.0,2.0,100.85,3.0,3.0,1.0,7.0,Loyal Customers,1,2026-03-30
C01493,Germany,45,Female,Free,2025-10-31,,,,,,,,No orders in window,0,2026-03-30
C01494,Brazil,22,Female,Silver,2025-04-04,658.0,1.0,208.56,2.0,3.0,2.0,7.0,Regular,0,2026-03-30
C01495,South Africa,37,Male,Free,2024-06-27,1199.0,3.0,145.70999999999998,1.0,3.0,2.0,6.0,Regular,0,2026-03-30
C01496,France,44,Male,Free,2023-09-16,59.0,3.0,348.92,5.0,3.0,3.0,11.0,Loyal Customers,0,2026-03-30
C01497,United Kingdom,40,Female,Free,2026-02-02,278.0,4.0,246.29,4.0,3.0,2.0,9.0,Loyal Customers,0,2026-03-30
C01498,Germany,37,Male,Free,2022-11-24,599.0,5.0,1195.91,3.0,3.0,5.0,11.0,Loyal Customers,1,2026-03-30
C01499,United States,42,Other,Free,2023-06-23,500.0,1.0,73.49,3.0,3.0,1.0,7.0,Loyal Customers,0,2026-03-30
C01500,United States,43,Male,Free,2023-05-04,570.0,4.0,707.72,3.0,3.0,5.0,11.0,Loyal Customers,0,2026-03-30
C01501,Italy,33,Female,Platinum,2025-11-24,266.0,1.0,36.57,4.0,3.0,1.0,8.0,Loyal Customers,0,2026-03-30
C01502,Germany,30,Female,Free,2022-01-11,162.0,3.0,227.55,4.0,3.0,2.0,9.0,Loyal Customers,1,2026-03-30
C01503,United States,20,Male,Silver,2026-03-07,463.0,4.0,461.66,3.0,3.0,4.0,10.0,Loyal Customers,0,2026-03-30
C01504,United States,50,Male,Free,2025-06-21,579.0,1.0,45.89,3.0,3.0,1.0,7.0,Loyal Customers,0,2026-03-30
C01505,United States,37,Male,Free,2025-10-01,1028.0,5.0,529.22,2.0,3.0,4.0,9.0,At Risk,1,2026-03-30
C01506,South Korea,42,Male,Free,2023-09-21,236.0,3.0,65.98,4.0,3.0,1.0,8.0,Loyal Customers,0,2026-03-30
C01507,Netherlands,30,Female,Gold,2024-06-23,606.0,5.0,299.96,3.0,3.0,3.0,9.0,Loyal Customers,0,2026-03-30
C01508,United States,43,Female,Free,2025-02-02,280.0,7.0,530.23,4.0,3.0,4.0,11.0,Loyal Customers,0,2026-03-30
C01509,France,18,Male,Free,2025-11-03,132.0,4.0,130.23,5.0,3.0,1.0,9.0,Loyal Customers,0,2026-03-30
C01510,France,32,Male,Free,2025-09-20,826.0,6.0,885.04,2.0,3.0,5.0,10.0,At Risk,0,2026-03-30
C01511,United States,23,Male,Free,2025-07-30,492.0,4.0,354.93,3.0,3.0,3.0,9.0,Loyal Customers,0,2026-03-30
C01512,India,46,Male,Free,2023-10-02,350.0,7.0,1209.81,3.0,3.0,5.0,11.0,Loyal Customers,1,2026-03-30
C01513,South Korea,38,Male,Free,2021-05-28,1818.0,1.0,96.19,1.0,3.0,1.0,5.0,Regular,0,2026-03-30
C01514,United States,57,Male,Free,2025-03-15,393.0,6.0,855.48,3.0,3.0,5.0,11.0,Loyal Customers,0,2026-03-30
C01515,Germany,45,Female,Silver,2024-01-27,182.0,4.0,217.14,4.0,3.0,2.0,9.0,Loyal Customers,0,2026-03-30
C01516,Australia,37,Male,Free,2022-09-29,606.0,3.0,2403.01,3.0,3.0,5.0,11.0,Loyal Customers,1,2026-03-30
C01517,Australia,19,Male,Free,2026-01-29,362.0,4.0,119.22,3.0,3.0,1.0,7.0,Loyal Customers,0,2026-03-30
C01518,United States,31,Male,Free,2021-10-06,1192.0,5.0,360.1,1.0,3.0,3.0,7.0,At Risk,0,2026-03-30
C01519,India,33,Female,Silver,2019-05-30,89.0,4.0,651.88,5.0,3.0,5.0,13.0,Loyal Customers,0,2026-03-30
C01520,Brazil,37,Female,Silver,2020-10-27,1046.0,3.0,259.28,2.0,3.0,2.0,7.0,Regular,0,2026-03-30
C01521,Canada,43,Male,Free,2022-10-07,562.0,3.0,256.79,3.0,3.0,2.0,8.0,Loyal Customers,0,2026-03-30
C01522,India,37,Female,Gold,2026-01-10,346.0,2.0,425.91,4.0,3.0,4.0,11.0,Loyal Customers,0,2026-03-30
C01523,United Kingdom,29,Male,Silver,2026-02-06,99.0,2.0,190.66,5.0,3.0,2.0,10.0,Loyal Customers,0,2026-03-30
C01524,United Kingdom,18,Male,Free,2026-01-09,366.0,2.0,132.19,3.0,3.0,1.0,7.0,Loyal Customers,0,2026-03-30
C01525,Brazil,38,Male,Free,2025-06-01,179.0,2.0,257.45000000000005,4.0,3.0,2.0,9.0,Loyal Customers,0,2026-03-30
C01526,Germany,30,Male,Free,2019-12-15,1067.0,3.0,1162.19,1.0,3.0,5.0,9.0,At Risk,0,2026-03-30
C01527,Germany,18,Male,Silver,2025-10-03,190.0,3.0,151.32,4.0,3.0,2.0,9.0,Loyal Customers,0,2026-03-30
C01528,United States,47,Female,Silver,2026-02-11,719.0,2.0,145.31,2.0,3.0,2.0,7.0,Regular,0,2026-03-30
C01529,United Kingdom,53,Female,Free,2026-02-03,115.0,4.0,179.88,5.0,3.0,2.0,10.0,Loyal Customers,0,2026-03-30
C01530,Australia,43,Male,Free,2025-05-16,,,,,,,,No orders in window,0,2026-03-30
C01531,United States,37,Female,Gold,2026-01-12,514.0,1.0,228.58,3.0,3.0,2.0,8.0,Loyal Customers,0,2026-03-30
C01532,United States,42,Female,Free,2020-08-10,291.0,2.0,195.23,4.0,3.0,2.0,9.0,Loyal Customers,0,2026-03-30
C01533,United States,39,Male,Free,2024-08-28,1732.0,4.0,209.98,1.0,3.0,2.0,6.0,Regular,0,2026-03-30
C01534,India,33,Female,Free,2025-12-12,897.0,1.0,253.27,2.0,3.0,2.0,7.0,Regular,0,2026-03-30
C01535,United States,46,Male,Platinum,2025-06-29,466.0,2.0,113.68,3.0,3.0,1.0,7.0,Loyal Customers,0,2026-03-30
C01536,Australia,25,Male,Gold,2024-05-06,1066.0,3.0,147.38,1.0,3.0,2.0,6.0,Regular,0,2026-03-30
C01537,Mexico,34,Male,Free,2022-07-15,61.0,3.0,654.93,5.0,3.0,5.0,13.0,Loyal Customers,0,2026-03-30
C01538,Mexico,63,Female,Free,2025-04-14,1163.0,3.0,386.11,1.0,3.0,3.0,7.0,At Risk,0,2026-03-30
C01539,United States,47,Female,Free,2025-06-18,655.0,4.0,482.37,2.0,3.0,4.0,9.0,At Risk,0,2026-03-30
C01540,Germany,41,Male,Free,2025-11-17,584.0,5.0,272.07,3.0,3.0,3.0,9.0,Loyal Customers,0,2026-03-30
C01541,Turkey,44,Female,Free,2026-01-01,1390.0,4.0,454.4,1.0,3.0,4.0,8.0,At Risk,0,2026-03-30
C01542,Brazil,23,Female,Free,2025-04-27,63.0,1.0,119.85,5.0,3.0,1.0,9.0,Loyal Customers,0,2026-03-30
C01543,Germany,58,Female,Free,2025-05-08,110.0,6.0,763.38,5.0,3.0,5.0,13.0,Loyal Customers,0,2026-03-30
C01544,Brazil,26,Female,Silver,2025-10-29,539.0,3.0,158.03,3.0,3.0,2.0,8.0,Loyal Customers,0,2026-03-30
C01545,France,39,Male,Free,2025-09-04,1246.0,3.0,245.48,1.0,3.0,2.0,6.0,Regular,1,2026-03-30
C01546,South Korea,49,Female,Free,2025-09-03,157.0,2.0,159.03,4.0,3.0,2.0,9.0,Loyal Customers,0,2026-03-30
C01547,United States,56,Female,Free,2021-01-22,412.0,2.0,163.16,3.0,3.0,2.0,8.0,Loyal Customers,1,2026-03-30
C01548,Sweden,24,Male,Silver,2021-09-30,231.0,2.0,180.43,4.0,3.0,2.0,9.0,Loyal Customers,0,2026-03-30
C01549,United States,47,Female,Platinum,2023-05-16,131.0,3.0,189.59,5.0,3.0,2.0,10.0,Loyal Customers,0,2026-03-30
C01550,Australia,39,Male,Free,2026-03-03,508.0,4.0,398.73,3.0,3.0,3.0,9.0,Loyal Customers,0,2026-03-30
C01551,Australia,19,Female,Free,2025-02-10,99.0,2.0,90.67,5.0,3.0,1.0,9.0,Loyal Customers,0,2026-03-30
C01552,United States,32,Male,Free,2023-02-11,372.0,4.0,336.44,3.0,3.0,3.0,9.0,Loyal Customers,0,2026-03-30
C01553,Germany,26,Female,Free,2024-01-12,,,,,,,,No orders in window,0,2026-03-30
C01554,United States,44,Male,Silver,2023-10-06,631.0,5.0,646.85,2.0,3.0,5.0,10.0,At Risk,0,2026-03-30
C01555,United States,41,Female,Silver,2023-10-11,1449.0,3.0,204.01,1.0,3.0,2.0,6.0,Regular,0,2026-03-30
C01556,United States,49,Male,Silver,2026-01-12,323.0,3.0,309.96,4.0,3.0,3.0,10.0,Loyal Customers,0,2026-03-30
C01557,Brazil,36,Male,Free,2023-10-30,889.0,1.0,393.32,2.0,3.0,3.0,8.0,At Risk,1,2026-03-30
C01558,Mexico,46,Female,Free,2024-03-29,532.0,1.0,134.91,3.0,3.0,1.0,7.0,Loyal Customers,0,2026-03-30
C01559,United States,47,Male,Free,2025-10-10,63.0,2.0,104.48,5.0,3.0,1.0,9.0,Loyal Customers,0,2026-03-30
C01560,United States,40,Female,Free,2021-11-15,115.0,2.0,822.01,5.0,3.0,5.0,13.0,Loyal Customers,0,2026-03-30
C01561,Canada,38,Male,Free,2025-02-20,817.0,2.0,159.16,2.0,3.0,2.0,7.0,Regular,1,2026-03-30
C01562,South Korea,38,Other,Free,2025-06-23,635.0,2.0,124.47,2.0,3.0,1.0,6.0,Regular,0,2026-03-30
C01563,United States,18,Male,Platinum,2023-01-24,476.0,2.0,186.33,3.0,3.0,2.0,8.0,Loyal Customers,0,2026-03-30
C01564,India,30,Female,Free,2023-03-18,677.0,3.0,312.76,2.0,3.0,3.0,8.0,At Risk,0,2026-03-30
C01565,Singapore,18,Male,Free,2026-02-03,437.0,5.0,472.88000000000005,3.0,3.0,4.0,10.0,Loyal Customers,0,2026-03-30
C01566,Spain,18,Female,Platinum,2025-09-26,748.0,3.0,630.02,2.0,3.0,5.0,10.0,At Risk,0,2026-03-30
C01567,Netherlands,30,Male,Free,2022-05-28,,,,,,,,No orders in window,0,2026-03-30
C01568,United Kingdom,37,Female,Free,2021-09-22,947.0,4.0,634.9100000000001,2.0,3.0,5.0,10.0,At Risk,0,2026-03-30
C01569,India,38,Female,Free,2025-05-06,65.0,3.0,106.0,5.0,3.0,1.0,9.0,Loyal Customers,0,2026-03-30
C01570,Australia,35,Male,Silver,2024-03-27,499.0,3.0,203.53,3.0,3.0,2.0,8.0,Loyal Customers,0,2026-03-30
C01571,United States,31,Other,Silver,2024-11-14,1182.0,2.0,165.94,1.0,3.0,2.0,6.0,Regular,0,2026-03-30
C01572,South Africa,47,Female,Free,2025-06-11,2095.0,1.0,20.3,1.0,3.0,1.0,5.0,Regular,0,2026-03-30
C01573,Canada,59,Male,Free,2021-11-10,1883.0,1.0,87.39,1.0,3.0,1.0,5.0,Regular,0,2026-03-30
C01574,United States,48,Male,Gold,2025-01-02,,,,,,,,No orders in window,0,2026-03-30
C01575,France,34,Female,Free,2025-01-07,1615.0,1.0,41.01,1.0,3.0,1.0,5.0,Regular,1,2026-03-30
C01576,Singapore,18,Female,Silver,2025-03-22,90.0,3.0,578.6500000000001,5.0,3.0,4.0,12.0,Loyal Customers,0,2026-03-30
C01577,India,39,Female,Silver,2024-06-01,856.0,1.0,109.41,2.0,3.0,1.0,6.0,Regular,0,2026-03-30
C01578,Mexico,27,Female,Free,2024-07-13,127.0,6.0,395.62,5.0,3.0,3.0,11.0,Loyal Customers,0,2026-03-30
C01579,Spain,24,Female,Free,2020-07-19,856.0,4.0,245.78,2.0,3.0,2.0,7.0,Regular,0,2026-03-30
C01580,United States,47,Male,Free,2025-12-18,408.0,5.0,287.91,3.0,3.0,3.0,9.0,Loyal Customers,0,2026-03-30
C01581,India,41,Male,Free,2026-02-13,201.0,5.0,386.18,4.0,3.0,3.0,10.0,Loyal Customers,0,2026-03-30
C01582,United Kingdom,18,Male,Free,2025-12-21,261.0,5.0,554.71,4.0,3.0,4.0,11.0,Loyal Customers,0,2026-03-30
C01583,United States,36,Female,Free,2025-07-05,633.0,2.0,194.31,2.0,3.0,2.0,7.0,Regular,0,2026-03-30
C01584,Singapore,36,Male,Silver,2026-03-28,160.0,5.0,520.9300000000001,4.0,3.0,4.0,11.0,Loyal Customers,0,2026-03-30
C01585,United Kingdom,24,Male,Silver,2026-03-13,562.0,3.0,292.08,3.0,3.0,3.0,9.0,Loyal Customers,0,2026-03-30
C01586,United States,35,Male,Platinum,2025-08-07,437.0,5.0,324.82,3.0,3.0,3.0,9.0,Loyal Customers,0,2026-03-30
C01587,United States,32,Male,Free,2022-08-30,,,,,,,,No orders in window,0,2026-03-30
C01588,United States,37,Female,Silver,2025-09-29,200.0,7.0,566.75,4.0,3.0,4.0,11.0,Loyal Customers,0,2026-03-30
C01589,South Korea,56,Male,Free,2025-06-17,231.0,5.0,633.77,4.0,3.0,5.0,12.0,Loyal Customers,0,2026-03-30
C01590,France,39,Female,Silver,2025-07-23,177.0,3.0,540.09,4.0,3.0,4.0,11.0,Loyal Customers,0,2026-03-30
C01591,France,56,Female,Gold,2023-09-19,235.0,4.0,647.6,4.0,3.0,5.0,12.0,Loyal Customers,0,2026-03-30
C01592,United States,25,Female,Silver,2025-08-19,935.0,1.0,408.37,2.0,3.0,4.0,9.0,At Risk,0,2026-03-30
C01593,United States,26,Female,Free,2025-04-03,646.0,3.0,127.19,2.0,3.0,1.0,6.0,Regular,0,2026-03-30
C01594,Australia,26,Male,Free,2026-03-08,336.0,3.0,118.81,4.0,3.0,1.0,8.0,Loyal Customers,0,2026-03-30
C01595,Australia,18,Male,Gold,2024-10-02,34.0,4.0,604.3299999999999,5.0,3.0,4.0,12.0,Loyal Customers,0,2026-03-30
C01596,United States,29,Female,Free,2024-06-27,467.0,2.0,163.01,3.0,3.0,2.0,8.0,Loyal Customers,0,2026-03-30
C01597,United Kingdom,20,Female,Free,2025-05-23,1754.0,1.0,111.66,1.0,3.0,1.0,5.0,Regular,0,2026-03-30
C01598,United States,45,Female,Silver,2025-03-11,1256.0,2.0,180.98,1.0,3.0,2.0,6.0,Regular,0,2026-03-30
C01599,Uae,55,Female,Free,2022-03-08,345.0,3.0,307.3,4.0,3.0,3.0,10.0,Loyal Customers,0,2026-03-30
C01600,United States,45,Female,Silver,2024-08-17,1486.0,1.0,65.45,1.0,3.0,1.0,5.0,Regular,0,2026-03-30
C01601,Sweden,59,Female,Platinum,2025-11-14,350.0,3.0,359.95,3.0,3.0,3.0,9.0,Loyal Customers,0,2026-03-30
C01602,Canada,48,Female,Platinum,2022-07-19,494.0,1.0,398.49,3.0,3.0,3.0,9.0,Loyal Customers,0,2026-03-30
C01603,Singapore,29,Female,Free,2026-01-31,18.0,6.0,597.1500000000001,5.0,3.0,4.0,12.0,Loyal Customers,0,2026-03-30
C01604,United States,25,Male,Platinum,2025-11-19,1241.0,5.0,977.29,1.0,3.0,5.0,9.0,At Risk,0,2026-03-30
C01605,United States,24,Male,Silver,2025-02-10,119.0,3.0,1159.2,5.0,3.0,5.0,13.0,Loyal Customers,0,2026-03-30
C01606,United States,24,Male,Free,2021-02-16,116.0,5.0,529.46,5.0,3.0,4.0,12.0,Loyal Customers,0,2026-03-30
C01607,South Africa,41,Male,Free,2023-09-05,1842.0,1.0,351.92,1.0,3.0,3.0,7.0,At Risk,0,2026-03-30
C01608,United States,31,Male,Free,2025-02-27,,,,,,,,No orders in window,0,2026-03-30
C01609,France,31,Other,Free,2023-06-13,569.0,4.0,637.5,3.0,3.0,5.0,11.0,Loyal Customers,0,2026-03-30
C01610,France,41,Male,Platinum,2025-12-05,119.0,5.0,579.62,5.0,3.0,4.0,12.0,Loyal Customers,0,2026-03-30
C01611,United Kingdom,41,Female,Silver,2022-09-18,557.0,4.0,695.85,3.0,3.0,5.0,11.0,Loyal Customers,0,2026-03-30
C01612,Singapore,20,Male,Silver,2021-03-05,872.0,2.0,989.18,2.0,3.0,5.0,10.0,At Risk,0,2026-03-30
C01613,United States,18,Male,Platinum,2024-12-06,833.0,1.0,75.96,2.0,3.0,1.0,6.0,Regular,0,2026-03-30
C01614,Canada,28,Male,Free,2025-01-26,2117.0,1.0,24.03,1.0,3.0,1.0,5.0,Regular,0,2026-03-30
C01615,Netherlands,35,Female,Free,2025-08-27,2004.0,1.0,128.58,1.0,3.0,1.0,5.0,Regular,0,2026-03-30
C01616,India,53,Male,Gold,2025-08-11,64.0,2.0,74.04,5.0,3.0,1.0,9.0,Loyal Customers,0,2026-03-30
C01617,Netherlands,34,Male,Gold,2023-12-06,1926.0,2.0,244.52,1.0,3.0,2.0,6.0,Regular,0,2026-03-30
C01618,Brazil,60,Male,Free,2025-08-18,42.0,3.0,391.79,5.0,3.0,3.0,11.0,Loyal Customers,0,2026-03-30
C01619,United States,45,Female,Platinum,2025-10-29,1284.0,2.0,301.92,1.0,3.0,3.0,7.0,At Risk,0,2026-03-30
C01620,United States,21,Female,Free,2024-10-24,666.0,5.0,545.26,2.0,3.0,4.0,9.0,At Risk,0,2026-03-30
C01621,Germany,40,Female,Free,2022-04-05,78.0,6.0,1079.13,5.0,3.0,5.0,13.0,Loyal Customers,0,2026-03-30
C01622,Brazil,38,Female,Free,2025-09-07,300.0,1.0,138.69,4.0,3.0,1.0,8.0,Loyal Customers,0,2026-03-30
C01623,South Africa,18,Female,Platinum,2025-05-14,82.0,6.0,707.18,5.0,3.0,5.0,13.0,Loyal Customers,1,2026-03-30
C01624,United States,43,Female,Free,2024-05-12,716.0,2.0,121.88,2.0,3.0,1.0,6.0,Regular,0,2026-03-30
C01625,United Kingdom,50,Male,Gold,2025-03-06,251.0,4.0,952.48,4.0,3.0,5.0,12.0,Loyal Customers,0,2026-03-30
C01626,United States,24,Female,Platinum,2024-11-04,200.0,2.0,166.68,4.0,3.0,2.0,9.0,Loyal Customers,0,2026-03-30
C01627,Brazil,36,Female,Gold,2022-03-12,538.0,3.0,240.6,3.0,3.0,2.0,8.0,Loyal Customers,0,2026-03-30
C01628,Australia,33,Male,Gold,2023-08-04,51.0,4.0,354.12,5.0,3.0,3.0,11.0,Loyal Customers,0,2026-03-30
C01629,United States,45,Male,Silver,2024-05-29,555.0,6.0,538.19,3.0,3.0,4.0,10.0,Loyal Customers,0,2026-03-30
C01630,Sweden,24,Male,Platinum,2019-06-04,1678.0,2.0,101.43,1.0,3.0,1.0,5.0,Regular,0,2026-03-30
C01631,United States,41,Male,Free,2023-09-25,354.0,4.0,931.87,3.0,3.0,5.0,11.0,Loyal Customers,1,2026-03-30
C01632,Australia,37,Male,Free,2023-12-19,377.0,3.0,559.2,3.0,3.0,4.0,10.0,Loyal Customers,0,2026-03-30
C01633,United States,34,Female,Free,2026-01-05,515.0,3.0,500.19,3.0,3.0,4.0,10.0,Loyal Customers,0,2026-03-30
C01634,United States,28,Female,Free,2018-03-12,1946.0,1.0,184.66,1.0,3.0,2.0,6.0,Regular,0,2026-03-30
C01635,Japan,18,Female,Gold,2025-02-09,563.0,3.0,125.31,3.0,3.0,1.0,7.0,Loyal Customers,0,2026-03-30
C01636,Japan,21,Male,Free,2023-01-15,1716.0,1.0,136.67,1.0,3.0,1.0,5.0,Regular,0,2026-03-30
C01637,France,23,Male,Platinum,2023-05-20,516.0,2.0,111.44,3.0,3.0,1.0,7.0,Loyal Customers,0,2026-03-30
C01638,France,18,Male,Free,2023-01-26,651.0,2.0,318.72,2.0,3.0,3.0,8.0,At Risk,0,2026-03-30
C01639,Mexico,29,Male,Free,2026-01-22,134.0,4.0,601.27,5.0,3.0,4.0,12.0,Loyal Customers,0,2026-03-30
C01640,United States,59,Male,Free,2025-10-21,124.0,5.0,467.54,5.0,3.0,4.0,12.0,Loyal Customers,0,2026-03-30
C01641,United States,23,Male,Silver,2024-02-14,557.0,1.0,224.58,3.0,3.0,2.0,8.0,Loyal Customers,0,2026-03-30
C01642,United Kingdom,31,Female,Free,2024-06-12,69.0,8.0,775.89,5.0,3.0,5.0,13.0,Loyal Customers,0,2026-03-30
C01643,France,34,Other,Free,2025-07-11,864.0,3.0,290.67999999999995,2.0,3.0,3.0,8.0,At Risk,0,2026-03-30
C01644,United Kingdom,34,Female,Platinum,2025-03-18,1329.0,2.0,419.34,1.0,3.0,4.0,8.0,At Risk,0,2026-03-30
C01645,India,61,Male,Silver,2025-07-18,397.0,6.0,479.77,3.0,3.0,4.0,10.0,Loyal Customers,0,2026-03-30
C01646,Australia,19,Female,Gold,2023-09-15,304.0,6.0,562.48,4.0,3.0,4.0,11.0,Loyal Customers,0,2026-03-30
C01647,Germany,35,Female,Gold,2024-08-14,592.0,3.0,213.79,3.0,3.0,2.0,8.0,Loyal Customers,0,2026-03-30
C01648,United Kingdom,25,Male,Platinum,2024-03-06,201.0,5.0,406.85,4.0,3.0,4.0,11.0,Loyal Customers,0,2026-03-30
C01649,Mexico,44,Male,Free,2023-07-08,486.0,2.0,430.31,3.0,3.0,4.0,10.0,Loyal Customers,0,2026-03-30
C01650,Japan,33,Female,Free,2020-02-22,25.0,4.0,518.75,5.0,3.0,4.0,12.0,Loyal Customers,0,2026-03-30
C01651,Spain,47,Male,Silver,2024-10-29,225.0,2.0,126.9,4.0,3.0,1.0,8.0,Loyal Customers,1,2026-03-30
C01652,United States,49,Male,Silver,2018-05-01,349.0,4.0,696.25,3.0,3.0,5.0,11.0,Loyal Customers,0,2026-03-30
C01653,Brazil,18,Male,Gold,2025-08-13,967.0,3.0,266.07,2.0,3.0,3.0,8.0,At Risk,0,2026-03-30
C01654,France,38,Male,Free,2024-05-04,652.0,2.0,126.55,2.0,3.0,1.0,6.0,Regular,0,2026-03-30
C01655,India,48,Male,Silver,2021-01-20,465.0,4.0,264.34,3.0,3.0,3.0,9.0,Loyal Customers,0,2026-03-30
C01656,Brazil,58,Female,Gold,2024-02-22,472.0,5.0,591.74,3.0,3.0,4.0,10.0,Loyal Customers,0,2026-03-30
C01657,United States,55,Female,Gold,2023-12-18,324.0,2.0,731.4599999999999,4.0,3.0,5.0,12.0,Loyal Customers,0,2026-03-30
C01658,United States,46,Male,Free,2025-06-02,43.0,2.0,101.31,5.0,3.0,1.0,9.0,Loyal Customers,0,2026-03-30
C01659,United States,42,Male,Silver,2024-01-25,345.0,4.0,404.85,4.0,3.0,4.0,11.0,Loyal Customers,0,2026-03-30
C01660,Germany,40,Male,Free,2026-03-28,5.0,6.0,646.09,5.0,3.0,5.0,13.0,Loyal Customers,0,2026-03-30
C01661,Canada,31,Female,Silver,2024-02-12,527.0,6.0,691.69,3.0,3.0,5.0,11.0,Loyal Customers,0,2026-03-30
C01662,India,18,Male,Free,2025-09-27,789.0,3.0,211.23,2.0,3.0,2.0,7.0,Regular,0,2026-03-30
C01663,France,20,Male,Free,2025-04-11,83.0,2.0,503.73,5.0,3.0,4.0,12.0,Loyal Customers,1,2026-03-30
C01664,France,52,Female,Silver,2023-09-14,,,,,,,,No orders in window,0,2026-03-30
C01665,United States,38,Female,Free,2025-06-11,119.0,6.0,593.5699999999999,5.0,3.0,4.0,12.0,Loyal Customers,0,2026-03-30
C01666,United States,41,Male,Silver,2021-07-09,156.0,3.0,963.32,4.0,3.0,5.0,12.0,Loyal Customers,0,2026-03-30
C01667,Poland,30,Male,Gold,2025-12-09,268.0,3.0,343.15,4.0,3.0,3.0,10.0,Loyal Customers,0,2026-03-30
C01668,United Kingdom,55,Female,Gold,2024-10-19,492.0,5.0,842.38,3.0,3.0,5.0,11.0,Loyal Customers,0,2026-03-30
C01669,France,40,Female,Gold,2025-02-21,2198.0,1.0,98.19,1.0,3.0,1.0,5.0,Regular,0,2026-03-30
C01670,United States,32,Female,Silver,2023-08-24,108.0,4.0,224.93,5.0,3.0,2.0,10.0,Loyal Customers,0,2026-03-30
C01671,France,40,Female,Free,2024-03-30,349.0,4.0,1586.67,3.0,3.0,5.0,11.0,Loyal Customers,1,2026-03-30
C01672,Italy,57,Male,Free,2025-04-09,96.0,4.0,627.8,5.0,3.0,5.0,13.0,Loyal Customers,0,2026-03-30
C01673,Canada,41,Male,Free,2025-03-11,447.0,1.0,35.37,3.0,3.0,1.0,7.0,Loyal Customers,1,2026-03-30
C01674,Australia,18,Female,Free,2023-02-07,246.0,3.0,514.5699999999999,4.0,3.0,4.0,11.0,Loyal Customers,0,2026-03-30
C01675,United States,30,Male,Gold,2026-03-21,889.0,4.0,557.8399999999999,2.0,3.0,4.0,9.0,At Risk,0,2026-03-30
C01676,United States,23,Male,Free,2026-01-03,185.0,6.0,1008.86,4.0,3.0,5.0,12.0,Loyal Customers,0,2026-03-30
C01677,United States,34,Male,Gold,2023-03-29,390.0,3.0,237.69,3.0,3.0,2.0,8.0,Loyal Customers,0,2026-03-30
C01678,United States,18,Male,Free,2023-02-04,98.0,3.0,933.44,5.0,3.0,5.0,13.0,Loyal Customers,0,2026-03-30
C01679,United States,41,Male,Free,2021-08-22,253.0,3.0,1202.59,4.0,3.0,5.0,12.0,Loyal Customers,0,2026-03-30
C01680,United States,30,Female,Free,2025-10-17,970.0,2.0,54.97,2.0,3.0,1.0,6.0,Regular,0,2026-03-30
C01681,United Kingdom,35,Male,Free,2026-03-29,110.0,4.0,585.45,5.0,3.0,4.0,12.0,Loyal Customers,0,2026-03-30
C01682,United States,36,Male,Free,2026-03-01,1252.0,1.0,46.66,1.0,3.0,1.0,5.0,Regular,0,2026-03-30
C01683,Spain,24,Male,Platinum,2024-03-06,274.0,2.0,160.15,4.0,3.0,2.0,9.0,Loyal Customers,0,2026-03-30
C01684,Germany,36,Female,Silver,2025-11-08,386.0,2.0,274.46000000000004,3.0,3.0,3.0,9.0,Loyal Customers,0,2026-03-30
C01685,United States,35,Male,Free,2023-10-11,526.0,5.0,722.2,3.0,3.0,5.0,11.0,Loyal Customers,0,2026-03-30
C01686,United States,47,Female,Free,2023-10-26,2009.0,1.0,196.61,1.0,3.0,2.0,6.0,Regular,0,2026-03-30
C01687,United States,18,Female,Free,2025-11-09,708.0,1.0,43.48,2.0,3.0,1.0,6.0,Regular,0,2026-03-30
C01688,United States,57,Female,Free,2026-03-15,,,,,,,,No orders in window,0,2026-03-30
C01689,Canada,29,Male,Free,2025-08-30,299.0,2.0,96.19,4.0,3.0,1.0,8.0,Loyal Customers,0,2026-03-30
C01690,United States,59,Male,Silver,2026-01-25,405.0,2.0,185.55,3.0,3.0,2.0,8.0,Loyal Customers,0,2026-03-30
C01691,United States,56,Male,Silver,2022-10-27,212.0,6.0,597.55,4.0,3.0,4.0,11.0,Loyal Customers,0,2026-03-30
C01692,United Kingdom,33,Male,Silver,2024-06-23,762.0,6.0,1068.22,2.0,3.0,5.0,10.0,At Risk,0,2026-03-30
C01693,United States,49,Male,Free,2025-10-31,20.0,2.0,181.33,5.0,3.0,2.0,10.0,Loyal Customers,0,2026-03-30
C01694,South Africa,36,Male,Free,2024-05-19,130.0,4.0,321.96,5.0,3.0,3.0,11.0,Loyal Customers,0,2026-03-30
C01695,South Korea,48,Male,Platinum,2025-08-29,227.0,1.0,27.97,4.0,3.0,1.0,8.0,Loyal Customers,0,2026-03-30
C01696,Brazil,18,Male,Free,2025-12-13,102.0,3.0,138.95,5.0,3.0,1.0,9.0,Loyal Customers,0,2026-03-30
C01697,Germany,46,Male,Free,2026-02-27,2134.0,2.0,345.73999999999995,1.0,3.0,3.0,7.0,At Risk,0,2026-03-30
C01698,United States,26,Other,Silver,2023-06-11,1055.0,3.0,429.95,2.0,3.0,4.0,9.0,At Risk,0,2026-03-30
C01699,France,20,Female,Free,2025-12-02,228.0,2.0,84.19,4.0,3.0,1.0,8.0,Loyal Customers,0,2026-03-30
C01700,Japan,54,Female,Free,2025-09-13,26.0,5.0,649.38,5.0,3.0,5.0,13.0,Loyal Customers,0,2026-03-30
C01701,United States,30,Female,Free,2026-01-18,157.0,5.0,597.5799999999999,4.0,3.0,4.0,11.0,Loyal Customers,0,2026-03-30
C01702,Australia,32,Female,Free,2023-11-27,1651.0,2.0,115.69,1.0,3.0,1.0,5.0,Regular,0,2026-03-30
C01703,United States,41,Male,Free,2025-10-31,537.0,5.0,743.19,3.0,3.0,5.0,11.0,Loyal Customers,0,2026-03-30
C01704,Germany,47,Male,Free,2025-09-24,548.0,3.0,604.71,3.0,3.0,4.0,10.0,Loyal Customers,0,2026-03-30
C01705,United States,21,Female,Free,2024-07-09,2245.0,1.0,71.39,1.0,3.0,1.0,5.0,Regular,0,2026-03-30
C01706,United States,25,Female,Free,2025-10-22,1847.0,2.0,404.2,1.0,3.0,4.0,8.0,At Risk,0,2026-03-30
C01707,India,18,Male,Free,2025-01-05,991.0,3.0,295.34,2.0,3.0,3.0,8.0,At Risk,0,2026-03-30
C01708,United States,49,Other,Silver,2021-09-08,1316.0,2.0,238.62,1.0,3.0,2.0,6.0,Regular,0,2026-03-30
C01709,United States,39,Female,Free,2025-06-07,490.0,2.0,98.16,3.0,3.0,1.0,7.0,Loyal Customers,0,2026-03-30
C01710,Germany,23,Male,Silver,2025-11-10,769.0,5.0,610.8900000000001,2.0,3.0,4.0,9.0,At Risk,0,2026-03-30
C01711,United States,53,Male,Free,2024-09-06,929.0,6.0,371.06,2.0,3.0,3.0,8.0,At Risk,0,2026-03-30
C01712,United States,42,Male,Platinum,2026-01-17,229.0,6.0,917.29,4.0,3.0,5.0,12.0,Loyal Customers,0,2026-03-30
C01713,United States,31,Female,Free,2022-06-02,327.0,7.0,848.7099999999999,4.0,3.0,5.0,12.0,Loyal Customers,0,2026-03-30
C01714,Canada,48,Male,Free,2022-09-12,99.0,2.0,114.55,5.0,3.0,1.0,9.0,Loyal Customers,0,2026-03-30
C01715,United States,52,Female,Free,2026-03-30,90.0,2.0,71.24,5.0,3.0,1.0,9.0,Loyal Customers,0,2026-03-30
C01716,United States,37,Female,Silver,2026-02-07,556.0,5.0,1456.89,3.0,3.0,5.0,11.0,Loyal Customers,0,2026-03-30
C01717,United States,18,Female,Free,2025-11-23,550.0,3.0,406.4,3.0,3.0,4.0,10.0,Loyal Customers,0,2026-03-30
C01718,Mexico,38,Female,Platinum,2026-03-11,548.0,3.0,547.17,3.0,3.0,4.0,10.0,Loyal Customers,0,2026-03-30
C01719,United States,34,Female,Silver,2022-09-30,196.0,3.0,349.03,4.0,3.0,3.0,10.0,Loyal Customers,0,2026-03-30
C01720,United Kingdom,18,Male,Free,2025-01-01,1199.0,4.0,299.71000000000004,1.0,3.0,3.0,7.0,At Risk,1,2026-03-30
C01721,Mexico,58,Male,Platinum,2025-04-26,1841.0,1.0,617.04,1.0,3.0,4.0,8.0,At Risk,0,2026-03-30
C01722,United States,35,Male,Free,2025-07-18,605.0,5.0,315.38,3.0,3.0,3.0,9.0,Loyal Customers,1,2026-03-30
C01723,India,19,Female,Free,2025-01-22,931.0,2.0,283.79,2.0,3.0,3.0,8.0,At Risk,0,2026-03-30
C01724,Germany,29,Female,Free,2018-10-22,562.0,2.0,362.45,3.0,3.0,3.0,9.0,Loyal Customers,0,2026-03-30
C01725,Brazil,31,Female,Gold,2025-07-09,262.0,3.0,316.97,4.0,3.0,3.0,10.0,Loyal Customers,0,2026-03-30
C01726,Brazil,27,Male,Platinum,2026-02-10,1731.0,1.0,51.8,1.0,3.0,1.0,5.0,Regular,0,2026-03-30
C01727,United States,27,Male,Platinum,2025-12-05,380.0,3.0,148.95,3.0,3.0,2.0,8.0,Loyal Customers,0,2026-03-30
C01728,France,33,Male,Free,2024-06-09,398.0,1.0,250.92,3.0,3.0,2.0,8.0,Loyal Customers,1,2026-03-30
C01729,Japan,27,Male,Free,2024-01-16,675.0,5.0,337.39,2.0,3.0,3.0,8.0,At Risk,0,2026-03-30
C01730,France,18,Male,Free,2025-01-05,67.0,3.0,489.3,5.0,3.0,4.0,12.0,Loyal Customers,0,2026-03-30
C01731,South Africa,36,Male,Silver,2025-10-08,,,,,,,,No orders in window,0,2026-03-30
C01732,Mexico,19,Female,Free,2025-09-24,471.0,3.0,198.82,3.0,3.0,2.0,8.0,Loyal Customers,0,2026-03-30
C01733,United States,53,Female,Free,2023-04-07,394.0,5.0,345.25,3.0,3.0,3.0,9.0,Loyal Customers,0,2026-03-30
C01734,Brazil,52,Male,Silver,2025-08-28,988.0,1.0,139.48,2.0,3.0,1.0,6.0,Regular,0,2026-03-30
C01735,France,28,Other,Free,2025-10-29,154.0,2.0,150.76,4.0,3.0,2.0,9.0,Loyal Customers,0,2026-03-30
C01736,India,32,Female,Silver,2023-10-18,1668.0,2.0,107.57,1.0,3.0,1.0,5.0,Regular,0,2026-03-30
C01737,United States,28,Female,Silver,2025-12-04,744.0,4.0,471.43,2.0,3.0,4.0,9.0,At Risk,0,2026-03-30
C01738,Brazil,29,Male,Free,2025-09-14,350.0,3.0,225.43,3.0,3.0,2.0,8.0,Loyal Customers,0,2026-03-30
C01739,Canada,28,Male,Free,2021-10-26,134.0,5.0,431.17,5.0,3.0,4.0,12.0,Loyal Customers,1,2026-03-30
C01740,Brazil,18,Female,Free,2024-09-30,750.0,2.0,255.96,2.0,3.0,2.0,7.0,Regular,1,2026-03-30
C01741,United States,54,Male,Free,2023-06-24,1393.0,2.0,265.09,1.0,3.0,3.0,7.0,At Risk,0,2026-03-30
C01742,Italy,36,Male,Free,2024-05-13,991.0,3.0,293.46,2.0,3.0,3.0,8.0,At Risk,0,2026-03-30
C01743,United States,18,Male,Free,2023-02-05,674.0,4.0,951.53,2.0,3.0,5.0,10.0,At Risk,0,2026-03-30
C01744,Canada,51,Male,Silver,2024-12-28,89.0,3.0,196.76,5.0,3.0,2.0,10.0,Loyal Customers,0,2026-03-30
C01745,United Kingdom,50,Male,Free,2026-01-17,1383.0,2.0,1907.93,1.0,3.0,5.0,9.0,At Risk,0,2026-03-30
C01746,Brazil,32,Male,Gold,2022-04-11,1064.0,2.0,168.64,1.0,3.0,2.0,6.0,Regular,0,2026-03-30
C01747,United States,41,Other,Gold,2025-09-05,1892.0,1.0,160.72,1.0,3.0,2.0,6.0,Regular,0,2026-03-30
C01748,United States,26,Male,Free,2025-02-10,,,,,,,,No orders in window,0,2026-03-30
C01749,United States,39,Female,Free,2024-12-15,253.0,3.0,175.3,4.0,3.0,2.0,9.0,Loyal Customers,0,2026-03-30
C01750,United States,37,Female,Free,2026-03-16,110.0,5.0,620.29,5.0,3.0,4.0,12.0,Loyal Customers,0,2026-03-30
C01751,Australia,48,Female,Free,2022-05-26,833.0,3.0,124.73,2.0,3.0,1.0,6.0,Regular,0,2026-03-30
C01752,Germany,27,Male,Free,2024-02-21,275.0,3.0,801.98,4.0,3.0,5.0,12.0,Loyal Customers,0,2026-03-30
C01753,United States,57,Male,Platinum,2025-05-22,221.0,6.0,348.38,4.0,3.0,3.0,10.0,Loyal Customers,0,2026-03-30
C01754,United States,36,Male,Free,2025-08-09,41.0,4.0,365.49,5.0,3.0,3.0,11.0,Loyal Customers,0,2026-03-30
C01755,United States,31,Male,Free,2023-04-14,840.0,2.0,93.63,2.0,3.0,1.0,6.0,Regular,0,2026-03-30
C01756,United States,24,Male,Platinum,2025-07-29,231.0,1.0,130.05,4.0,3.0,1.0,8.0,Loyal Customers,0,2026-03-30
C01757,United States,36,Male,Silver,2025-07-17,1356.0,4.0,412.35,1.0,3.0,4.0,8.0,At Risk,0,2026-03-30
C01758,United Kingdom,34,Male,Free,2025-06-14,295.0,4.0,281.56,4.0,3.0,3.0,10.0,Loyal Customers,0,2026-03-30
C01759,Germany,18,Male,Free,2025-10-11,,,,,,,,No orders in window,0,2026-03-30
C01760,Canada,35,Male,Silver,2026-02-01,275.0,2.0,55.08,4.0,3.0,1.0,8.0,Loyal Customers,0,2026-03-30
C01761,Brazil,42,Male,Free,2025-06-11,24.0,6.0,495.15,5.0,3.0,4.0,12.0,Loyal Customers,0,2026-03-30
C01762,Mexico,26,Female,Free,2026-02-04,324.0,5.0,321.79,4.0,3.0,3.0,10.0,Loyal Customers,0,2026-03-30
C01763,United States,29,Female,Free,2021-09-25,50.0,5.0,413.19,5.0,3.0,4.0,12.0,Loyal Customers,0,2026-03-30
C01764,United States,34,Male,Silver,2023-08-15,523.0,3.0,245.77,3.0,3.0,2.0,8.0,Loyal Customers,0,2026-03-30
C01765,United Kingdom,27,Female,Free,2024-12-06,173.0,4.0,93.4,4.0,3.0,1.0,8.0,Loyal Customers,0,2026-03-30
C01766,United Kingdom,43,Male,Free,2024-11-13,2099.0,2.0,88.39,1.0,3.0,1.0,5.0,Regular,0,2026-03-30
C01767,South Korea,18,Male,Free,2025-08-08,332.0,2.0,181.71,4.0,3.0,2.0,9.0,Loyal Customers,0,2026-03-30
C01768,Mexico,59,Other,Gold,2025-07-19,210.0,6.0,541.64,4.0,3.0,4.0,11.0,Loyal Customers,0,2026-03-30
C01769,Germany,41,Male,Free,2025-03-16,496.0,4.0,294.1,3.0,3.0,3.0,9.0,Loyal Customers,0,2026-03-30
C01770,Netherlands,35,Female,Gold,2025-12-24,555.0,3.0,598.9,3.0,3.0,4.0,10.0,Loyal Customers,0,2026-03-30
C01771,United States,38,Female,Free,2024-05-27,935.0,1.0,34.13,2.0,3.0,1.0,6.0,Regular,0,2026-03-30
C01772,Mexico,30,Male,Free,2025-08-08,832.0,2.0,100.41,2.0,3.0,1.0,6.0,Regular,0,2026-03-30
C01773,South Africa,38,Female,Free,2024-03-22,339.0,3.0,116.14,4.0,3.0,1.0,8.0,Loyal Customers,0,2026-03-30
C01774,France,35,Female,Silver,2023-11-25,358.0,5.0,1270.91,3.0,3.0,5.0,11.0,Loyal Customers,0,2026-03-30
C01775,Germany,44,Female,Free,2025-04-15,221.0,4.0,628.31,4.0,3.0,5.0,12.0,Loyal Customers,0,2026-03-30
C01776,United Kingdom,18,Male,Platinum,2025-10-19,717.0,2.0,212.69,2.0,3.0,2.0,7.0,Regular,0,2026-03-30
C01777,United States,51,Male,Platinum,2024-11-19,545.0,3.0,319.93,3.0,3.0,3.0,9.0,Loyal Customers,0,2026-03-30
C01778,Turkey,38,Female,Silver,2023-10-23,41.0,6.0,601.6800000000001,5.0,3.0,4.0,12.0,Loyal Customers,0,2026-03-30
C01779,United States,23,Female,Gold,2025-10-10,2042.0,3.0,207.57,1.0,3.0,2.0,6.0,Regular,0,2026-03-30
C01780,Australia,54,Female,Free,2025-12-31,1425.0,3.0,118.36,1.0,3.0,1.0,5.0,Regular,0,2026-03-30
C01781,France,18,Male,Free,2023-07-26,,,,,,,,No orders in window,0,2026-03-30
C01782,Netherlands,28,Female,Free,2024-08-17,569.0,6.0,370.91,3.0,3.0,3.0,9.0,Loyal Customers,0,2026-03-30
C01783,Sweden,30,Male,Free,2025-10-12,17.0,7.0,1004.93,5.0,3.0,5.0,13.0,Loyal Customers,0,2026-03-30
C01784,France,21,Male,Free,2024-09-03,544.0,2.0,209.02,3.0,3.0,2.0,8.0,Loyal Customers,0,2026-03-30
C01785,Germany,25,Male,Silver,2025-01-10,998.0,2.0,509.62,2.0,3.0,4.0,9.0,At Risk,0,2026-03-30
C01786,United Kingdom,31,Female,Free,2019-06-29,53.0,6.0,1409.17,5.0,3.0,5.0,13.0,Loyal Customers,0,2026-03-30
C01787,India,28,Male,Free,2025-11-09,1039.0,6.0,792.82,2.0,3.0,5.0,10.0,At Risk,0,2026-03-30
C01788,United States,42,Male,Free,2023-05-06,873.0,1.0,106.93,2.0,3.0,1.0,6.0,Regular,0,2026-03-30
C01789,Netherlands,36,Female,Free,2020-11-01,519.0,4.0,386.72,3.0,3.0,3.0,9.0,Loyal Customers,0,2026-03-30
C01790,Germany,38,Male,Free,2024-12-04,596.0,9.0,1203.4,3.0,3.0,5.0,11.0,Loyal Customers,0,2026-03-30
C01791,United States,19,Female,Silver,2025-04-06,190.0,2.0,396.17,4.0,3.0,3.0,10.0,Loyal Customers,0,2026-03-30
C01792,South Africa,33,Female,Silver,2025-11-16,838.0,3.0,650.97,2.0,3.0,5.0,10.0,At Risk,0,2026-03-30
C01793,United States,45,Male,Free,2024-05-01,463.0,4.0,302.59000000000003,3.0,3.0,3.0,9.0,Loyal Customers,0,2026-03-30
C01794,Germany,57,Other,Free,2025-11-18,807.0,1.0,92.33,2.0,3.0,1.0,6.0,Regular,0,2026-03-30
C01795,India,21,Male,Free,2025-11-28,424.0,2.0,189.21,3.0,3.0,2.0,8.0,Loyal Customers,0,2026-03-30
C01796,India,52,Female,Free,2025-02-07,1106.0,1.0,43.47,1.0,3.0,1.0,5.0,Regular,0,2026-03-30
C01797,Brazil,27,Male,Free,2025-11-10,302.0,3.0,202.86,4.0,3.0,2.0,9.0,Loyal Customers,0,2026-03-30
C01798,Brazil,36,Male,Platinum,2026-01-08,426.0,3.0,244.2,3.0,3.0,2.0,8.0,Loyal Customers,0,2026-03-30
C01799,France,33,Male,Platinum,2024-04-07,1578.0,3.0,132.04,1.0,3.0,1.0,5.0,Regular,0,2026-03-30
C01800,India,63,Other,Silver,2023-11-13,65.0,3.0,362.97,5.0,3.0,3.0,11.0,Loyal Customers,0,2026-03-30
C01801,France,43,Female,Free,2025-01-09,276.0,4.0,447.15,4.0,3.0,4.0,11.0,Loyal Customers,0,2026-03-30
C01802,Germany,18,Female,Gold,2025-07-14,298.0,1.0,46.67,4.0,3.0,1.0,8.0,Loyal Customers,0,2026-03-30
C01803,Spain,44,Female,Free,2025-06-04,564.0,1.0,93.99,3.0,3.0,1.0,7.0,Loyal Customers,0,2026-03-30
C01804,Spain,21,Male,Free,2025-08-08,1756.0,2.0,163.86,1.0,3.0,2.0,6.0,Regular,0,2026-03-30
C01805,United States,31,Female,Free,2024-03-08,1078.0,3.0,350.54,1.0,3.0,3.0,7.0,At Risk,0,2026-03-30
C01806,India,57,Male,Gold,2023-12-24,277.0,2.0,249.91,4.0,3.0,2.0,9.0,Loyal Customers,0,2026-03-30
C01807,United States,36,Male,Silver,2024-09-02,911.0,1.0,51.96,2.0,3.0,1.0,6.0,Regular,0,2026-03-30
C01808,Germany,49,Female,Platinum,2025-05-06,69.0,4.0,634.09,5.0,3.0,5.0,13.0,Loyal Customers,0,2026-03-30
C01809,United States,38,Male,Free,2025-07-05,290.0,4.0,453.56,4.0,3.0,4.0,11.0,Loyal Customers,0,2026-03-30
C01810,Brazil,39,Female,Free,2024-04-08,271.0,2.0,244.48,4.0,3.0,2.0,9.0,Loyal Customers,0,2026-03-30
C01811,Germany,29,Male,Silver,2021-11-24,854.0,4.0,247.43,2.0,3.0,2.0,7.0,Regular,0,2026-03-30
C01812,South Africa,29,Female,Gold,2025-06-17,2120.0,1.0,197.12,1.0,3.0,2.0,6.0,Regular,0,2026-03-30
C01813,United Kingdom,36,Female,Free,2025-12-18,251.0,1.0,20.28,4.0,3.0,1.0,8.0,Loyal Customers,0,2026-03-30
C01814,South Korea,55,Female,Gold,2024-06-16,582.0,1.0,133.49,3.0,3.0,1.0,7.0,Loyal Customers,1,2026-03-30
C01815,United Kingdom,28,Male,Free,2024-12-18,938.0,3.0,368.26,2.0,3.0,3.0,8.0,At Risk,0,2026-03-30
C01816,France,33,Female,Platinum,2024-09-17,228.0,4.0,565.31,4.0,3.0,4.0,11.0,Loyal Customers,1,2026-03-30
C01817,United States,18,Female,Free,2024-11-23,32.0,5.0,1449.38,5.0,3.0,5.0,13.0,Loyal Customers,0,2026-03-30
C01818,Poland,37,Female,Gold,2025-11-22,94.0,2.0,675.7099999999999,5.0,3.0,5.0,13.0,Loyal Customers,0,2026-03-30
C01819,Brazil,40,Female,Platinum,2023-08-17,1079.0,4.0,287.4,1.0,3.0,3.0,7.0,At Risk,0,2026-03-30
C01820,Netherlands,26,Female,Free,2025-07-13,557.0,3.0,282.28,3.0,3.0,3.0,9.0,Loyal Customers,0,2026-03-30
C01821,United States,34,Male,Free,2023-04-11,295.0,4.0,718.37,4.0,3.0,5.0,12.0,Loyal Customers,0,2026-03-30
C01822,Japan,48,Male,Gold,2024-11-13,475.0,3.0,188.12,3.0,3.0,2.0,8.0,Loyal Customers,1,2026-03-30
C01823,Germany,32,Female,Free,2026-03-15,33.0,3.0,229.77,5.0,3.0,2.0,10.0,Loyal Customers,1,2026-03-30
C01824,United States,29,Female,Gold,2024-07-02,241.0,4.0,398.14,4.0,3.0,3.0,10.0,Loyal Customers,0,2026-03-30
C01825,United Kingdom,45,Male,Silver,2025-11-24,206.0,5.0,472.55,4.0,3.0,4.0,11.0,Loyal Customers,1,2026-03-30
C01826,United States,41,Female,Free,2022-05-22,1276.0,1.0,25.55,1.0,3.0,1.0,5.0,Regular,0,2026-03-30
C01827,United States,44,Female,Free,2023-06-30,227.0,4.0,478.42,4.0,3.0,4.0,11.0,Loyal Customers,0,2026-03-30
C01828,United Kingdom,39,Female,Silver,2023-01-03,61.0,5.0,861.48,5.0,3.0,5.0,13.0,Loyal Customers,0,2026-03-30
C01829,United States,38,Male,Silver,2024-06-23,95.0,5.0,544.8,5.0,3.0,4.0,12.0,Loyal Customers,0,2026-03-30
C01830,United States,40,Female,Free,2011-08-03,782.0,4.0,283.42,2.0,3.0,3.0,8.0,At Risk,0,2026-03-30
C01831,United States,21,Male,Free,2024-10-23,1635.0,2.0,408.0,1.0,3.0,4.0,8.0,At Risk,0,2026-03-30
C01832,Australia,43,Male,Silver,2024-09-20,30.0,5.0,683.87,5.0,3.0,5.0,13.0,Loyal Customers,1,2026-03-30
C01833,Brazil,40,Male,Silver,2021-01-23,533.0,2.0,101.47,3.0,3.0,1.0,7.0,Loyal Customers,0,2026-03-30
C01834,Poland,38,Female,Gold,2023-07-07,138.0,6.0,1120.53,5.0,3.0,5.0,13.0,Loyal Customers,1,2026-03-30
C01835,Turkey,40,Female,Free,2024-02-28,675.0,4.0,317.27,2.0,3.0,3.0,8.0,At Risk,0,2026-03-30
C01836,Germany,24,Female,Free,2023-08-22,118.0,4.0,124.15,5.0,3.0,1.0,9.0,Loyal Customers,0,2026-03-30
C01837,United States,38,Male,Silver,2024-11-29,143.0,2.0,244.79,5.0,3.0,2.0,10.0,Loyal Customers,0,2026-03-30
C01838,Germany,30,Male,Platinum,2026-02-07,310.0,4.0,339.46000000000004,4.0,3.0,3.0,10.0,Loyal Customers,0,2026-03-30
C01839,France,35,Male,Free,2022-07-26,151.0,7.0,468.12,5.0,3.0,4.0,12.0,Loyal Customers,0,2026-03-30
C01840,India,50,Other,Gold,2023-12-10,419.0,4.0,1199.09,3.0,3.0,5.0,11.0,Loyal Customers,0,2026-03-30
C01841,United States,28,Male,Free,2025-06-29,611.0,2.0,85.19,3.0,3.0,1.0,7.0,Loyal Customers,0,2026-03-30
C01842,Uae,32,Male,Free,2025-10-27,1586.0,1.0,188.29,1.0,3.0,2.0,6.0,Regular,0,2026-03-30
C01843,Netherlands,40,Other,Free,2025-03-26,717.0,2.0,204.41,2.0,3.0,2.0,7.0,Regular,0,2026-03-30
C01844,France,37,Female,Platinum,2024-11-12,183.0,4.0,690.54,4.0,3.0,5.0,12.0,Loyal Customers,0,2026-03-30
C01845,Germany,44,Male,Free,2024-12-06,826.0,3.0,306.07,2.0,3.0,3.0,8.0,At Risk,0,2026-03-30
C01846,United Kingdom,57,Female,Free,2025-04-05,43.0,4.0,782.6400000000001,5.0,3.0,5.0,13.0,Loyal Customers,0,2026-03-30
C01847,Canada,19,Male,Free,2025-08-15,1360.0,1.0,39.57,1.0,3.0,1.0,5.0,Regular,1,2026-03-30
C01848,Germany,43,Male,Free,2024-07-24,65.0,6.0,819.72,5.0,3.0,5.0,13.0,Loyal Customers,0,2026-03-30
C01849,Japan,38,Female,Silver,2025-12-05,1640.0,1.0,478.21,1.0,3.0,4.0,8.0,At Risk,0,2026-03-30
C01850,India,29,Female,Free,2026-01-03,1661.0,3.0,374.09,1.0,3.0,3.0,7.0,At Risk,0,2026-03-30
C01851,Brazil,26,Female,Free,2025-01-29,117.0,2.0,78.96000000000001,5.0,3.0,1.0,9.0,Loyal Customers,1,2026-03-30
C01852,Sweden,47,Male,Gold,2024-02-05,745.0,3.0,252.88,2.0,3.0,2.0,7.0,Regular,0,2026-03-30
C01853,Mexico,43,Female,Gold,2025-02-12,105.0,5.0,1128.7800000000002,5.0,3.0,5.0,13.0,Loyal Customers,0,2026-03-30
C01854,United Kingdom,31,Female,Gold,2025-06-21,1948.0,1.0,90.05,1.0,3.0,1.0,5.0,Regular,0,2026-03-30
C01855,United States,40,Female,Gold,2025-11-10,374.0,1.0,361.2,3.0,3.0,3.0,9.0,Loyal Customers,0,2026-03-30
C01856,United States,21,Female,Free,2025-12-27,200.0,6.0,1232.51,4.0,3.0,5.0,12.0,Loyal Customers,0,2026-03-30
C01857,United Kingdom,33,Female,Silver,2023-10-13,569.0,3.0,110.35,3.0,3.0,1.0,7.0,Loyal Customers,0,2026-03-30
C01858,United States,40,Male,Free,2025-09-10,2199.0,1.0,30.4,1.0,3.0,1.0,5.0,Regular,0,2026-03-30
C01859,Brazil,26,Male,Free,2025-07-11,30.0,3.0,205.17,5.0,3.0,2.0,10.0,Loyal Customers,0,2026-03-30
C01860,United Kingdom,43,Male,Silver,2023-04-20,784.0,3.0,433.49,2.0,3.0,4.0,9.0,At Risk,0,2026-03-30
C01861,United States,52,Male,Free,2023-03-23,731.0,2.0,48.72,2.0,3.0,1.0,6.0,Regular,0,2026-03-30
C01862,United States,47,Male,Silver,2025-11-27,14.0,4.0,241.96,5.0,3.0,2.0,10.0,Loyal Customers,0,2026-03-30
C01863,United States,31,Other,Free,2022-05-05,816.0,2.0,164.08,2.0,3.0,2.0,7.0,Regular,0,2026-03-30
C01864,United States,31,Male,Platinum,2025-01-28,1599.0,2.0,154.26,1.0,3.0,2.0,6.0,Regular,0,2026-03-30
C01865,India,55,Male,Free,2025-10-07,79.0,1.0,30.65,5.0,3.0,1.0,9.0,Loyal Customers,0,2026-03-30
C01866,United States,62,Male,Free,2025-12-30,1264.0,3.0,447.21,1.0,3.0,4.0,8.0,At Risk,0,2026-03-30
C01867,South Africa,29,Male,Free,2025-07-25,609.0,1.0,477.44,3.0,3.0,4.0,10.0,Loyal Customers,0,2026-03-30
C01868,Spain,25,Male,Platinum,2023-12-19,184.0,3.0,245.45,4.0,3.0,2.0,9.0,Loyal Customers,0,2026-03-30
C01869,India,45,Male,Silver,2024-09-10,942.0,1.0,255.27,2.0,3.0,2.0,7.0,Regular,0,2026-03-30
C01870,United Kingdom,28,Female,Free,2023-10-21,1788.0,1.0,65.51,1.0,3.0,1.0,5.0,Regular,1,2026-03-30
C01871,Spain,43,Male,Free,2024-06-30,361.0,4.0,498.87,3.0,3.0,4.0,10.0,Loyal Customers,0,2026-03-30
C01872,Mexico,41,Female,Gold,2026-03-20,18.0,3.0,115.1,5.0,3.0,1.0,9.0,Loyal Customers,0,2026-03-30
C01873,Canada,21,Male,Gold,2025-06-03,690.0,2.0,418.52,2.0,3.0,4.0,9.0,At Risk,0,2026-03-30
C01874,Spain,18,Male,Free,2025-10-29,365.0,2.0,363.38,3.0,3.0,3.0,9.0,Loyal Customers,0,2026-03-30
C01875,Germany,37,Other,Free,2024-09-09,1476.0,2.0,171.15,1.0,3.0,2.0,6.0,Regular,0,2026-03-30
C01876,United States,29,Female,Free,2025-03-07,449.0,4.0,633.5,3.0,3.0,5.0,11.0,Loyal Customers,1,2026-03-30
C01877,United States,52,Female,Free,2025-12-04,2072.0,1.0,84.01,1.0,3.0,1.0,5.0,Regular,1,2026-03-30
C01878,South Korea,45,Male,Silver,2026-01-26,829.0,5.0,324.95,2.0,3.0,3.0,8.0,At Risk,0,2026-03-30
C01879,Brazil,29,Female,Gold,2025-09-20,1309.0,3.0,184.71,1.0,3.0,2.0,6.0,Regular,0,2026-03-30
C01880,United States,45,Male,Free,2026-03-07,1601.0,2.0,89.39999999999999,1.0,3.0,1.0,5.0,Regular,0,2026-03-30
C01881,United States,25,Male,Platinum,2026-01-08,43.0,2.0,489.51,5.0,3.0,4.0,12.0,Loyal Customers,0,2026-03-30
C01882,Spain,58,Male,Free,2023-06-20,611.0,7.0,522.69,3.0,3.0,4.0,10.0,Loyal Customers,0,2026-03-30
C01883,United States,27,Female,Free,2025-07-25,607.0,2.0,293.37,3.0,3.0,3.0,9.0,Loyal Customers,0,2026-03-30
C01884,United States,25,Female,Platinum,2024-11-30,,,,,,,,No orders in window,0,2026-03-30
C01885,Turkey,46,Male,Gold,2024-03-19,385.0,5.0,1058.91,3.0,3.0,5.0,11.0,Loyal Customers,0,2026-03-30
C01886,Australia,27,Male,Free,2023-12-19,819.0,5.0,416.43,2.0,3.0,4.0,9.0,At Risk,0,2026-03-30
C01887,United States,35,Male,Free,2025-02-22,1329.0,1.0,41.81,1.0,3.0,1.0,5.0,Regular,0,2026-03-30
C01888,Australia,44,Female,Free,2026-03-13,56.0,1.0,41.68,5.0,3.0,1.0,9.0,Loyal Customers,0,2026-03-30
C01889,United Kingdom,60,Male,Gold,2025-11-12,72.0,2.0,485.68,5.0,3.0,4.0,12.0,Loyal Customers,0,2026-03-30
C01890,Germany,53,Male,Free,2025-03-20,1978.0,4.0,973.11,1.0,3.0,5.0,9.0,At Risk,0,2026-03-30
C01891,Japan,47,Male,Free,2025-06-16,785.0,7.0,965.88,2.0,3.0,5.0,10.0,At Risk,0,2026-03-30
C01892,Australia,44,Male,Free,2016-12-30,128.0,6.0,413.72,5.0,3.0,4.0,12.0,Loyal Customers,0,2026-03-30
C01893,United States,40,Female,Gold,2025-06-21,1264.0,3.0,503.31,1.0,3.0,4.0,8.0,At Risk,0,2026-03-30
C01894,United States,53,Male,Free,2026-02-23,613.0,4.0,522.53,3.0,3.0,4.0,10.0,Loyal Customers,0,2026-03-30
C01895,United States,45,Male,Silver,2025-11-05,435.0,3.0,151.17000000000002,3.0,3.0,2.0,8.0,Loyal Customers,0,2026-03-30
C01896,Canada,24,Female,Free,2024-02-22,1489.0,7.0,1771.53,1.0,3.0,5.0,9.0,At Risk,0,2026-03-30
C01897,Spain,54,Male,Free,2024-12-11,524.0,4.0,1097.87,3.0,3.0,5.0,11.0,Loyal Customers,0,2026-03-30
C01898,United States,23,Female,Free,2024-08-15,1312.0,4.0,1122.42,1.0,3.0,5.0,9.0,At Risk,0,2026-03-30
C01899,United Kingdom,33,Male,Silver,2026-02-01,,,,,,,,No orders in window,0,2026-03-30
C01900,India,40,Male,Free,2022-12-26,641.0,6.0,1398.28,2.0,3.0,5.0,10.0,At Risk,0,2026-03-30
C01901,United States,18,Male,Silver,2024-11-23,,,,,,,,No orders in window,0,2026-03-30
C01902,Italy,18,Male,Free,2025-09-19,,,,,,,,No orders in window,0,2026-03-30
C01903,India,49,Male,Free,2025-04-23,2113.0,1.0,93.99,1.0,3.0,1.0,5.0,Regular,0,2026-03-30
C01904,India,31,Male,Free,2025-05-09,418.0,3.0,774.5699999999999,3.0,3.0,5.0,11.0,Loyal Customers,0,2026-03-30
C01905,United States,39,Female,Gold,2026-02-18,221.0,9.0,900.4200000000001,4.0,3.0,5.0,12.0,Loyal Customers,1,2026-03-30
C01906,United States,18,Male,Free,2022-08-11,358.0,4.0,196.11,3.0,3.0,2.0,8.0,Loyal Customers,0,2026-03-30
C01907,Canada,25,Other,Free,2025-01-16,340.0,3.0,473.18,4.0,3.0,4.0,11.0,Loyal Customers,0,2026-03-30
C01908,Australia,29,Male,Free,2023-05-04,812.0,1.0,62.92,2.0,3.0,1.0,6.0,Regular,1,2026-03-30
C01909,India,28,Male,Silver,2023-01-13,1909.0,1.0,20.09,1.0,3.0,1.0,5.0,Regular,0,2026-03-30
C01910,Canada,32,Female,Gold,2025-04-04,2277.0,1.0,78.52,1.0,3.0,1.0,5.0,Regular,0,2026-03-30
C01911,Singapore,50,Male,Free,2025-01-17,117.0,3.0,539.9,5.0,3.0,4.0,12.0,Loyal Customers,0,2026-03-30
C01912,United States,32,Male,Gold,2026-01-20,581.0,3.0,568.69,3.0,3.0,4.0,10.0,Loyal Customers,0,2026-03-30
C01913,Sweden,51,Male,Free,2023-04-11,756.0,3.0,279.48,2.0,3.0,3.0,8.0,At Risk,0,2026-03-30
C01914,Uae,39,Female,Free,2026-01-28,71.0,6.0,158.44,5.0,3.0,2.0,10.0,Loyal Customers,0,2026-03-30
C01915,Japan,38,Male,Silver,2024-12-14,694.0,3.0,275.37,2.0,3.0,3.0,8.0,At Risk,0,2026-03-30
C01916,Poland,27,Female,Free,2024-04-17,634.0,2.0,1718.7399999999998,2.0,3.0,5.0,10.0,At Risk,1,2026-03-30
C01917,United States,36,Female,Gold,2022-11-21,398.0,1.0,64.83,3.0,3.0,1.0,7.0,Loyal Customers,0,2026-03-30
C01918,Brazil,23,Female,Free,2025-09-29,17.0,4.0,151.0,5.0,3.0,2.0,10.0,Loyal Customers,0,2026-03-30
C01919,Germany,18,Male,Silver,2024-08-14,846.0,2.0,232.52,2.0,3.0,2.0,7.0,Regular,0,2026-03-30
C01920,Germany,33,Female,Silver,2026-02-04,366.0,5.0,527.4300000000001,3.0,3.0,4.0,10.0,Loyal Customers,0,2026-03-30
C01921,France,22,Female,Free,2026-01-10,702.0,2.0,246.88,2.0,3.0,2.0,7.0,Regular,0,2026-03-30
C01922,Italy,20,Male,Silver,2022-03-14,230.0,2.0,337.03000000000003,4.0,3.0,3.0,10.0,Loyal Customers,0,2026-03-30
C01923,United States,47,Female,Free,2026-03-01,705.0,1.0,69.22,2.0,3.0,1.0,6.0,Regular,0,2026-03-30
C01924,United States,46,Female,Gold,2025-06-13,568.0,2.0,245.72,3.0,3.0,2.0,8.0,Loyal Customers,1,2026-03-30
C01925,France,34,Male,Free,2026-02-18,76.0,4.0,1250.37,5.0,3.0,5.0,13.0,Loyal Customers,0,2026-03-30
C01926,Uae,27,Male,Free,2024-07-20,475.0,5.0,499.14,3.0,3.0,4.0,10.0,Loyal Customers,0,2026-03-30
C01927,United States,30,Female,Free,2024-08-25,1136.0,2.0,369.99,1.0,3.0,3.0,7.0,At Risk,0,2026-03-30
C01928,India,40,Female,Free,2024-11-15,579.0,4.0,979.12,3.0,3.0,5.0,11.0,Loyal Customers,0,2026-03-30
C01929,United Kingdom,55,Male,Platinum,2025-09-16,839.0,2.0,210.09,2.0,3.0,2.0,7.0,Regular,0,2026-03-30
C01930,United States,41,Male,Free,2023-01-25,410.0,4.0,427.78,3.0,3.0,4.0,10.0,Loyal Customers,0,2026-03-30
C01931,Italy,36,Female,Free,2021-07-04,700.0,1.0,368.54,2.0,3.0,3.0,8.0,At Risk,0,2026-03-30
C01932,France,32,Female,Gold,2025-07-04,178.0,3.0,1090.73,4.0,3.0,5.0,12.0,Loyal Customers,0,2026-03-30
C01933,United Kingdom,29,Male,Free,2024-12-09,147.0,4.0,420.6,5.0,3.0,4.0,12.0,Loyal Customers,0,2026-03-30
C01934,India,57,Male,Gold,2024-10-15,1817.0,1.0,737.59,1.0,3.0,5.0,9.0,At Risk,0,2026-03-30
C01935,United States,39,Male,Free,2024-09-30,,,,,,,,No orders in window,0,2026-03-30
C01936,India,41,Other,Free,2024-11-02,256.0,2.0,265.74,4.0,3.0,3.0,10.0,Loyal Customers,0,2026-03-30
C01937,Mexico,30,Female,Free,2014-07-02,894.0,2.0,196.92,2.0,3.0,2.0,7.0,Regular,0,2026-03-30
C01938,India,44,Female,Free,2025-09-29,57.0,5.0,676.72,5.0,3.0,5.0,13.0,Loyal Customers,0,2026-03-30
C01939,Germany,30,Male,Free,2024-11-18,88.0,4.0,561.58,5.0,3.0,4.0,12.0,Loyal Customers,0,2026-03-30
C01940,Mexico,55,Female,Free,2023-04-12,1211.0,3.0,130.06,1.0,3.0,1.0,5.0,Regular,0,2026-03-30
C01941,United States,34,Male,Free,2025-02-24,64.0,2.0,64.09,5.0,3.0,1.0,9.0,Loyal Customers,1,2026-03-30
C01942,United States,50,Female,Silver,2026-03-24,2127.0,2.0,218.38,1.0,3.0,2.0,6.0,Regular,0,2026-03-30
C01943,India,21,Male,Free,2026-03-02,1501.0,3.0,373.72,1.0,3.0,3.0,7.0,At Risk,0,2026-03-30
C01944,United Kingdom,36,Male,Free,2025-06-19,276.0,2.0,86.78999999999999,4.0,3.0,1.0,8.0,Loyal Customers,1,2026-03-30
C01945,Italy,22,Female,Free,2024-01-04,277.0,2.0,41.4,4.0,3.0,1.0,8.0,Loyal Customers,0,2026-03-30
C01946,Germany,31,Female,Silver,2024-11-09,,,,,,,,No orders in window,0,2026-03-30
C01947,India,24,Male,Free,2024-12-03,34.0,5.0,1350.55,5.0,3.0,5.0,13.0,Loyal Customers,0,2026-03-30
C01948,United States,18,Female,Gold,2026-02-15,40.0,4.0,519.52,5.0,3.0,4.0,12.0,Loyal Customers,0,2026-03-30
C01949,United States,48,Female,Free,2024-03-24,263.0,1.0,58.8,4.0,3.0,1.0,8.0,Loyal Customers,0,2026-03-30
C01950,United Kingdom,48,Male,Gold,2024-03-12,1293.0,1.0,23.23,1.0,3.0,1.0,5.0,Regular,1,2026-03-30
C01951,India,18,Female,Free,2021-01-05,611.0,5.0,722.39,3.0,3.0,5.0,11.0,Loyal Customers,0,2026-03-30
C01952,United States,22,Other,Free,2024-03-12,739.0,2.0,75.8,2.0,3.0,1.0,6.0,Regular,0,2026-03-30
C01953,Sweden,35,Male,Platinum,2023-03-28,288.0,3.0,520.38,4.0,3.0,4.0,11.0,Loyal Customers,0,2026-03-30
C01954,United States,30,Male,Free,2021-05-28,329.0,2.0,103.32,4.0,3.0,1.0,8.0,Loyal Customers,0,2026-03-30
C01955,United States,26,Male,Silver,2024-03-06,1725.0,4.0,533.46,1.0,3.0,4.0,8.0,At Risk,0,2026-03-30
C01956,United States,26,Male,Free,2023-08-06,61.0,3.0,405.35,5.0,3.0,4.0,12.0,Loyal Customers,0,2026-03-30
C01957,Turkey,35,Female,Gold,2023-09-16,1598.0,3.0,255.73,1.0,3.0,2.0,6.0,Regular,0,2026-03-30
C01958,Singapore,18,Male,Free,2025-11-27,215.0,6.0,814.6199999999999,4.0,3.0,5.0,12.0,Loyal Customers,0,2026-03-30
C01959,Netherlands,45,Female,Free,2024-01-27,148.0,8.0,1242.72,5.0,3.0,5.0,13.0,Loyal Customers,0,2026-03-30
C01960,United States,29,Female,Free,2025-05-15,840.0,2.0,451.26,2.0,3.0,4.0,9.0,At Risk,0,2026-03-30
C01961,Germany,44,Female,Free,2024-09-03,560.0,2.0,431.67,3.0,3.0,4.0,10.0,Loyal Customers,0,2026-03-30
C01962,United States,39,Male,Free,2024-11-01,,,,,,,,No orders in window,0,2026-03-30
C01963,India,51,Male,Free,2025-11-04,357.0,2.0,377.72,3.0,3.0,3.0,9.0,Loyal Customers,0,2026-03-30
C01964,United States,46,Male,Silver,2025-09-10,26.0,6.0,483.58,5.0,3.0,4.0,12.0,Loyal Customers,0,2026-03-30
C01965,Japan,37,Male,Free,2025-10-13,150.0,3.0,432.88,5.0,3.0,4.0,12.0,Loyal Customers,0,2026-03-30
C01966,United States,37,Female,Free,2024-10-21,,,,,,,,No orders in window,0,2026-03-30
C01967,United Kingdom,19,Male,Free,2024-06-25,1895.0,2.0,244.32,1.0,3.0,2.0,6.0,Regular,0,2026-03-30
C01968,United States,39,Male,Gold,2023-10-18,1306.0,1.0,35.09,1.0,3.0,1.0,5.0,Regular,0,2026-03-30
C01969,Germany,45,Male,Free,2025-07-13,388.0,3.0,383.04,3.0,3.0,3.0,9.0,Loyal Customers,0,2026-03-30
C01970,United States,37,Male,Free,2019-08-30,394.0,3.0,200.49,3.0,3.0,2.0,8.0,Loyal Customers,0,2026-03-30
C01971,United States,50,Female,Free,2024-08-31,101.0,5.0,720.78,5.0,3.0,5.0,13.0,Loyal Customers,0,2026-03-30
C01972,Mexico,42,Female,Platinum,2025-09-22,107.0,4.0,484.64,5.0,3.0,4.0,12.0,Loyal Customers,0,2026-03-30
C01973,Brazil,40,Female,Silver,2024-11-17,187.0,4.0,795.8199999999999,4.0,3.0,5.0,12.0,Loyal Customers,0,2026-03-30
C01974,India,18,Female,Silver,2025-12-06,,,,,,,,No orders in window,0,2026-03-30
C01975,Mexico,35,Male,Free,2024-11-25,188.0,6.0,891.3,4.0,3.0,5.0,12.0,Loyal Customers,0,2026-03-30
C01976,United Kingdom,20,Female,Free,2023-01-26,1246.0,3.0,145.67000000000002,1.0,3.0,2.0,6.0,Regular,0,2026-03-30
C01977,South Korea,46,Female,Free,2024-01-07,843.0,5.0,129.67,2.0,3.0,1.0,6.0,Regular,0,2026-03-30
C01978,Germany,39,Male,Free,2025-08-15,,,,,,,,No orders in window,0,2026-03-30
C01979,Uae,44,Male,Free,2024-07-15,,,,,,,,No orders in window,0,2026-03-30
C01980,India,31,Male,Free,2025-03-26,499.0,6.0,585.85,3.0,3.0,4.0,10.0,Loyal Customers,0,2026-03-30
C01981,Japan,35,Female,Free,2025-12-26,398.0,5.0,615.1800000000001,3.0,3.0,4.0,10.0,Loyal Customers,0,2026-03-30
C01982,India,26,Female,Silver,2025-05-25,1437.0,1.0,69.73,1.0,3.0,1.0,5.0,Regular,0,2026-03-30
C01983,United States,52,Female,Platinum,2024-03-01,700.0,2.0,224.33,2.0,3.0,2.0,7.0,Regular,0,2026-03-30
C01984,United States,49,Female,Silver,2024-11-15,161.0,5.0,372.29,4.0,3.0,3.0,10.0,Loyal Customers,0,2026-03-30
C01985,Spain,31,Other,Gold,2026-01-25,50.0,4.0,344.62,5.0,3.0,3.0,11.0,Loyal Customers,0,2026-03-30
C01986,United States,22,Female,Silver,2025-04-07,889.0,4.0,420.71,2.0,3.0,4.0,9.0,At Risk,0,2026-03-30
C01987,Netherlands,37,Male,Free,2023-10-27,421.0,6.0,330.57,3.0,3.0,3.0,9.0,Loyal Customers,0,2026-03-30
C01988,United Kingdom,41,Male,Platinum,2024-09-15,2247.0,1.0,64.64,1.0,3.0,1.0,5.0,Regular,0,2026-03-30
C01989,United States,43,Female,Free,2025-04-28,48.0,3.0,74.57,5.0,3.0,1.0,9.0,Loyal Customers,0,2026-03-30
C01990,Canada,40,Male,Gold,2025-09-14,678.0,6.0,1679.54,2.0,3.0,5.0,10.0,At Risk,0,2026-03-30
C01991,Spain,33,Male,Free,2026-03-14,1277.0,3.0,364.38,1.0,3.0,3.0,7.0,At Risk,0,2026-03-30
C01992,India,29,Male,Free,2021-06-04,,,,,,,,No orders in window,0,2026-03-30
C01993,United States,18,Female,Free,2022-08-23,2.0,3.0,341.03,5.0,3.0,3.0,11.0,Loyal Customers,0,2026-03-30
C01994,Japan,29,Female,Silver,2026-03-07,36.0,2.0,332.17,5.0,3.0,3.0,11.0,Loyal Customers,0,2026-03-30
C01995,Japan,35,Female,Free,2020-04-06,830.0,1.0,56.33,2.0,3.0,1.0,6.0,Regular,0,2026-03-30
C01996,France,44,Female,Free,2024-07-08,905.0,1.0,56.03,2.0,3.0,1.0,6.0,Regular,0,2026-03-30
C01997,Australia,23,Male,Gold,2025-01-31,691.0,2.0,100.88,2.0,3.0,1.0,6.0,Regular,0,2026-03-30
C01998,United States,40,Male,Free,2025-11-28,1835.0,1.0,81.89,1.0,3.0,1.0,5.0,Regular,0,2026-03-30
C01999,Mexico,47,Female,Free,2024-02-09,919.0,1.0,45.02,2.0,3.0,1.0,6.0,Regular,0,2026-03-30
C02000,United Kingdom,36,Male,Silver,2026-02-12,1348.0,2.0,52.1,1.0,3.0,1.0,5.0,Regular,0,2026-03-30
C02001,Singapore,25,Male,Silver,2025-11-17,310.0,4.0,634.16,4.0,3.0,5.0,12.0,Loyal Customers,0,2026-03-30
C02002,Australia,42,Male,Platinum,2023-07-15,245.0,2.0,107.36,4.0,3.0,1.0,8.0,Loyal Customers,0,2026-03-30
C02003,South Africa,18,Female,Free,2026-02-15,1081.0,4.0,326.34000000000003,1.0,3.0,3.0,7.0,At Risk,0,2026-03-30
C02004,India,25,Female,Silver,2024-12-06,164.0,2.0,182.04,4.0,3.0,2.0,9.0,Loyal Customers,0,2026-03-30
C02005,Germany,51,Male,Free,2024-02-10,1557.0,2.0,322.85,1.0,3.0,3.0,7.0,At Risk,0,2026-03-30
C02006,United Kingdom,22,Male,Silver,2026-03-27,469.0,3.0,233.2,3.0,3.0,2.0,8.0,Loyal Customers,0,2026-03-30
C02007,United Kingdom,48,Female,Free,2025-08-03,101.0,3.0,332.52,5.0,3.0,3.0,11.0,Loyal Customers,0,2026-03-30
C02008,United States,35,Male,Silver,2026-03-26,235.0,5.0,374.02,4.0,3.0,3.0,10.0,Loyal Customers,0,2026-03-30
C02009,Germany,32,Male,Free,2021-11-17,1151.0,4.0,1301.34,1.0,3.0,5.0,9.0,At Risk,0,2026-03-30
C02010,India,18,Male,Silver,2025-08-13,1640.0,1.0,37.45,1.0,3.0,1.0,5.0,Regular,0,2026-03-30
C02011,South Africa,27,Male,Free,2024-06-08,1254.0,3.0,311.77,1.0,3.0,3.0,7.0,At Risk,0,2026-03-30
C02012,United States,29,Female,Free,2020-06-08,798.0,3.0,108.15,2.0,3.0,1.0,6.0,Regular,0,2026-03-30
C02013,Spain,18,Female,Free,2022-07-15,152.0,2.0,102.54,5.0,3.0,1.0,9.0,Loyal Customers,1,2026-03-30
C02014,United States,41,Female,Silver,2025-09-17,388.0,2.0,236.78,3.0,3.0,2.0,8.0,Loyal Customers,0,2026-03-30
C02015,Spain,18,Male,Platinum,2025-02-16,645.0,4.0,1126.19,2.0,3.0,5.0,10.0,At Risk,1,2026-03-30
C02016,Singapore,34,Female,Silver,2023-09-14,34.0,3.0,357.79,5.0,3.0,3.0,11.0,Loyal Customers,0,2026-03-30
C02017,Spain,31,Male,Silver,2022-04-12,129.0,6.0,734.88,5.0,3.0,5.0,13.0,Loyal Customers,0,2026-03-30
C02018,United States,48,Female,Silver,2025-08-05,739.0,4.0,821.12,2.0,3.0,5.0,10.0,At Risk,0,2026-03-30
C02019,Singapore,18,Female,Free,2025-12-01,84.0,7.0,1082.27,5.0,3.0,5.0,13.0,Loyal Customers,0,2026-03-30
C02020,United Kingdom,41,Female,Free,2024-04-15,304.0,2.0,199.02,4.0,3.0,2.0,9.0,Loyal Customers,0,2026-03-30
C02021,Brazil,18,Male,Free,2022-07-21,341.0,4.0,1156.31,4.0,3.0,5.0,12.0,Loyal Customers,0,2026-03-30
C02022,United States,43,Female,Free,2025-09-13,575.0,2.0,130.1,3.0,3.0,1.0,7.0,Loyal Customers,0,2026-03-30
C02023,United Kingdom,40,Female,Gold,2025-04-25,542.0,6.0,554.91,3.0,3.0,4.0,10.0,Loyal Customers,1,2026-03-30
C02024,United States,50,Male,Free,2025-01-23,645.0,6.0,445.63,2.0,3.0,4.0,9.0,At Risk,0,2026-03-30
C02025,United Kingdom,43,Female,Platinum,2024-11-11,1057.0,1.0,1349.91,1.0,3.0,5.0,9.0,At Risk,0,2026-03-30
C02026,Spain,19,Male,Platinum,2026-03-22,1471.0,2.0,427.87,1.0,3.0,4.0,8.0,At Risk,0,2026-03-30
C02027,France,23,Female,Free,2024-05-21,241.0,5.0,661.18,4.0,3.0,5.0,12.0,Loyal Customers,0,2026-03-30
C02028,United States,26,Male,Silver,2025-11-10,179.0,5.0,443.23,4.0,3.0,4.0,11.0,Loyal Customers,0,2026-03-30
C02029,United States,41,Male,Free,2026-03-22,802.0,3.0,459.54,2.0,3.0,4.0,9.0,At Risk,0,2026-03-30
C02030,India,23,Male,Gold,2025-11-06,1357.0,2.0,215.14,1.0,3.0,2.0,6.0,Regular,0,2026-03-30
C02031,Canada,36,Female,Gold,2023-10-27,1730.0,1.0,112.75,1.0,3.0,1.0,5.0,Regular,0,2026-03-30
C02032,United States,21,Female,Free,2024-07-07,340.0,3.0,227.41,4.0,3.0,2.0,9.0,Loyal Customers,0,2026-03-30
C02033,Germany,33,Female,Gold,2024-07-18,258.0,3.0,296.7,4.0,3.0,3.0,10.0,Loyal Customers,0,2026-03-30
C02034,Italy,35,Female,Silver,2017-02-23,229.0,2.0,105.38,4.0,3.0,1.0,8.0,Loyal Customers,0,2026-03-30
C02035,Singapore,37,Female,Free,2023-05-15,1373.0,2.0,295.5,1.0,3.0,3.0,7.0,At Risk,0,2026-03-30
C02036,Mexico,37,Female,Free,2026-01-28,40.0,5.0,727.75,5.0,3.0,5.0,13.0,Loyal Customers,0,2026-03-30
C02037,United Kingdom,49,Female,Free,2025-08-24,107.0,8.0,434.33,5.0,3.0,4.0,12.0,Loyal Customers,0,2026-03-30
C02038,France,22,Female,Silver,2019-11-19,1064.0,3.0,302.24,1.0,3.0,3.0,7.0,At Risk,0,2026-03-30
C02039,United States,48,Female,Platinum,2021-08-28,574.0,1.0,165.48,3.0,3.0,2.0,8.0,Loyal Customers,0,2026-03-30
C02040,Germany,22,Male,Free,2026-03-01,164.0,2.0,170.31,4.0,3.0,2.0,9.0,Loyal Customers,0,2026-03-30
C02041,United States,19,Male,Free,2024-09-11,311.0,4.0,678.8299999999999,4.0,3.0,5.0,12.0,Loyal Customers,0,2026-03-30
C02042,United States,43,Male,Free,2026-01-30,360.0,3.0,168.92000000000002,3.0,3.0,2.0,8.0,Loyal Customers,0,2026-03-30
C02043,Germany,47,Male,Gold,2023-08-10,1689.0,1.0,10.99,1.0,3.0,1.0,5.0,Regular,0,2026-03-30
C02044,United Kingdom,36,Male,Silver,2024-11-19,1077.0,3.0,342.59000000000003,1.0,3.0,3.0,7.0,At Risk,0,2026-03-30
C02045,Australia,24,Female,Free,2022-03-09,69.0,6.0,266.7,5.0,3.0,3.0,11.0,Loyal Customers,0,2026-03-30
C02046,Canada,39,Female,Gold,2024-07-08,712.0,2.0,148.55,2.0,3.0,2.0,7.0,Regular,0,2026-03-30
C02047,Germany,58,Female,Free,2024-11-13,1028.0,2.0,183.24,2.0,3.0,2.0,7.0,Regular,0,2026-03-30
C02048,United Kingdom,51,Male,Free,2024-09-04,3.0,4.0,580.2,5.0,3.0,4.0,12.0,Loyal Customers,0,2026-03-30
C02049,Poland,36,Female,Gold,2024-11-11,5.0,5.0,260.25,5.0,3.0,3.0,11.0,Loyal Customers,0,2026-03-30
C02050,India,33,Other,Silver,2022-05-24,204.0,2.0,358.47,4.0,3.0,3.0,10.0,Loyal Customers,0,2026-03-30
C02051,United States,26,Male,Free,2025-04-13,7.0,3.0,139.91,5.0,3.0,2.0,10.0,Loyal Customers,0,2026-03-30
C02052,United States,36,Male,Gold,2025-01-12,199.0,1.0,107.36,4.0,3.0,1.0,8.0,Loyal Customers,0,2026-03-30
C02053,United States,18,Male,Free,2025-12-17,241.0,5.0,479.16,4.0,3.0,4.0,11.0,Loyal Customers,1,2026-03-30
C02054,Canada,49,Male,Silver,2025-08-31,120.0,1.0,179.66,5.0,3.0,2.0,10.0,Loyal Customers,0,2026-03-30
C02055,Japan,35,Female,Free,2025-02-21,329.0,4.0,553.5799999999999,4.0,3.0,4.0,11.0,Loyal Customers,0,2026-03-30
C02056,Germany,28,Female,Silver,2025-08-06,553.0,2.0,216.24,3.0,3.0,2.0,8.0,Loyal Customers,0,2026-03-30
C02057,United States,18,Female,Free,2024-03-16,791.0,3.0,150.47,2.0,3.0,2.0,7.0,Regular,0,2026-03-30
C02058,United States,28,Female,Silver,2026-01-21,640.0,5.0,1235.35,2.0,3.0,5.0,10.0,At Risk,0,2026-03-30
C02059,United States,33,Female,Silver,2024-07-11,,,,,,,,No orders in window,0,2026-03-30
C02060,United Kingdom,37,Male,Platinum,2025-12-06,989.0,3.0,258.59000000000003,2.0,3.0,2.0,7.0,Regular,0,2026-03-30
C02061,India,44,Female,Free,2025-05-01,31.0,5.0,823.57,5.0,3.0,5.0,13.0,Loyal Customers,1,2026-03-30
C02062,Uae,28,Female,Free,2022-06-26,938.0,2.0,227.64,2.0,3.0,2.0,7.0,Regular,0,2026-03-30
C02063,United States,34,Female,Free,2024-05-28,391.0,1.0,116.4,3.0,3.0,1.0,7.0,Loyal Customers,0,2026-03-30
C02064,India,18,Female,Gold,2025-01-22,201.0,2.0,176.29,4.0,3.0,2.0,9.0,Loyal Customers,0,2026-03-30
C02065,Australia,44,Male,Free,2020-06-08,35.0,5.0,1299.52,5.0,3.0,5.0,13.0,Loyal Customers,0,2026-03-30
C02066,Mexico,28,Female,Gold,2026-02-17,790.0,4.0,399.8200000000001,2.0,3.0,3.0,8.0,At Risk,0,2026-03-30
C02067,Brazil,46,Female,Free,2023-05-26,945.0,5.0,308.5,2.0,3.0,3.0,8.0,At Risk,0,2026-03-30
C02068,United States,35,Male,Gold,2025-06-11,351.0,5.0,729.62,3.0,3.0,5.0,11.0,Loyal Customers,0,2026-03-30
C02069,France,49,Female,Free,2025-11-16,746.0,3.0,208.73,2.0,3.0,2.0,7.0,Regular,0,2026-03-30
C02070,Turkey,37,Male,Free,2023-11-19,243.0,3.0,363.67,4.0,3.0,3.0,10.0,Loyal Customers,0,2026-03-30
C02071,Spain,58,Female,Free,2026-03-23,56.0,7.0,548.06,5.0,3.0,4.0,12.0,Loyal Customers,0,2026-03-30
C02072,Italy,41,Male,Gold,2024-03-08,1219.0,3.0,513.51,1.0,3.0,4.0,8.0,At Risk,0,2026-03-30
C02073,United States,32,Female,Free,2025-01-12,148.0,6.0,465.26,5.0,3.0,4.0,12.0,Loyal Customers,0,2026-03-30
C02074,United States,23,Female,Silver,2024-09-19,1491.0,4.0,597.5699999999999,1.0,3.0,4.0,8.0,At Risk,0,2026-03-30
C02075,United States,51,Male,Gold,2026-03-06,1015.0,1.0,70.41,2.0,3.0,1.0,6.0,Regular,0,2026-03-30
C02076,Canada,33,Female,Gold,2025-06-24,349.0,3.0,261.81,3.0,3.0,3.0,9.0,Loyal Customers,0,2026-03-30
C02077,United Kingdom,43,Male,Silver,2026-02-18,1703.0,1.0,16.11,1.0,3.0,1.0,5.0,Regular,0,2026-03-30
C02078,Germany,38,Male,Free,2022-08-14,1547.0,1.0,27.97,1.0,3.0,1.0,5.0,Regular,0,2026-03-30
C02079,United States,18,Female,Free,2024-12-20,799.0,6.0,596.1800000000001,2.0,3.0,4.0,9.0,At Risk,0,2026-03-30
C02080,Brazil,32,Male,Free,2025-10-10,146.0,4.0,705.37,5.0,3.0,5.0,13.0,Loyal Customers,0,2026-03-30
C02081,Netherlands,25,Male,Free,2020-07-03,548.0,3.0,282.65,3.0,3.0,3.0,9.0,Loyal Customers,0,2026-03-30
C02082,Germany,36,Male,Free,2024-05-11,,,,,,,,No orders in window,0,2026-03-30
C02083,United States,40,Male,Free,2026-02-14,530.0,1.0,31.82,3.0,3.0,1.0,7.0,Loyal Customers,0,2026-03-30
C02084,United States,42,Female,Silver,2023-02-25,120.0,3.0,234.36,5.0,3.0,2.0,10.0,Loyal Customers,0,2026-03-30
C02085,France,23,Male,Free,2025-10-31,84.0,4.0,565.22,5.0,3.0,4.0,12.0,Loyal Customers,0,2026-03-30
C02086,United States,47,Female,Silver,2023-05-17,33.0,3.0,363.0,5.0,3.0,3.0,11.0,Loyal Customers,0,2026-03-30
C02087,United Kingdom,23,Female,Free,2025-06-07,2118.0,1.0,52.16,1.0,3.0,1.0,5.0,Regular,0,2026-03-30
C02088,United States,23,Male,Free,2026-02-18,1467.0,2.0,292.44,1.0,3.0,3.0,7.0,At Risk,0,2026-03-30
C02089,France,27,Male,Free,2025-08-17,,,,,,,,No orders in window,0,2026-03-30
C02090,United States,37,Female,Platinum,2026-02-04,362.0,7.0,674.9,3.0,3.0,5.0,11.0,Loyal Customers,0,2026-03-30
C02091,France,49,Male,Silver,2022-02-19,1415.0,3.0,425.61,1.0,3.0,4.0,8.0,At Risk,0,2026-03-30
C02092,South Korea,40,Female,Free,2025-04-20,1135.0,3.0,707.79,1.0,3.0,5.0,9.0,At Risk,0,2026-03-30
C02093,United Kingdom,30,Female,Platinum,2025-12-08,230.0,6.0,450.58,4.0,3.0,4.0,11.0,Loyal Customers,0,2026-03-30
C02094,Canada,55,Male,Free,2021-12-31,1381.0,2.0,173.31,1.0,3.0,2.0,6.0,Regular,0,2026-03-30
C02095,South Africa,52,Other,Free,2025-11-16,388.0,2.0,178.82999999999998,3.0,3.0,2.0,8.0,Loyal Customers,0,2026-03-30
C02096,United States,37,Male,Free,2023-08-21,597.0,3.0,454.01,3.0,3.0,4.0,10.0,Loyal Customers,0,2026-03-30
C02097,Germany,25,Female,Silver,2025-09-24,209.0,3.0,417.42,4.0,3.0,4.0,11.0,Loyal Customers,0,2026-03-30
C02098,United Kingdom,38,Male,Free,2022-09-22,163.0,5.0,510.8,4.0,3.0,4.0,11.0,Loyal Customers,0,2026-03-30
C02099,Canada,45,Male,Free,2021-09-06,356.0,1.0,169.84,3.0,3.0,2.0,8.0,Loyal Customers,1,2026-03-30
C02100,United States,52,Male,Free,2024-09-09,2083.0,1.0,66.58,1.0,3.0,1.0,5.0,Regular,0,2026-03-30
C02101,Brazil,37,Other,Gold,2024-09-02,111.0,1.0,241.56,5.0,3.0,2.0,10.0,Loyal Customers,0,2026-03-30
C02102,Brazil,25,Male,Gold,2024-10-04,1372.0,1.0,523.95,1.0,3.0,4.0,8.0,At Risk,0,2026-03-30
C02103,Brazil,33,Female,Gold,2022-06-25,269.0,3.0,362.05,4.0,3.0,3.0,10.0,Loyal Customers,0,2026-03-30
C02104,United Kingdom,27,Female,Silver,2023-12-13,280.0,2.0,329.29,4.0,3.0,3.0,10.0,Loyal Customers,0,2026-03-30
C02105,India,22,Male,Platinum,2024-11-15,529.0,3.0,292.24,3.0,3.0,3.0,9.0,Loyal Customers,0,2026-03-30
C02106,Italy,39,Female,Free,2025-08-16,658.0,1.0,13.47,2.0,3.0,1.0,6.0,Regular,0,2026-03-30
C02107,India,18,Female,Free,2025-07-12,2208.0,1.0,262.86,1.0,3.0,3.0,7.0,At Risk,1,2026-03-30
C02108,United Kingdom,41,Female,Free,2022-11-06,2105.0,1.0,25.62,1.0,3.0,1.0,5.0,Regular,0,2026-03-30
C02109,Singapore,20,Male,Free,2025-01-06,47.0,2.0,46.69,5.0,3.0,1.0,9.0,Loyal Customers,0,2026-03-30
C02110,Japan,65,Male,Gold,2025-08-19,721.0,1.0,74.33,2.0,3.0,1.0,6.0,Regular,0,2026-03-30
C02111,Brazil,49,Female,Free,2025-10-18,79.0,2.0,150.86,5.0,3.0,2.0,10.0,Loyal Customers,0,2026-03-30
C02112,France,45,Female,Gold,2026-01-03,398.0,4.0,366.61,3.0,3.0,3.0,9.0,Loyal Customers,1,2026-03-30
C02113,Germany,54,Male,Free,2025-05-18,815.0,2.0,129.14999999999998,2.0,3.0,1.0,6.0,Regular,0,2026-03-30
C02114,United States,40,Male,Gold,2022-07-14,154.0,3.0,308.79,4.0,3.0,3.0,10.0,Loyal Customers,0,2026-03-30
C02115,United States,26,Female,Free,2023-06-09,231.0,2.0,60.03,4.0,3.0,1.0,8.0,Loyal Customers,0,2026-03-30
C02116,Poland,48,Male,Silver,2024-05-03,116.0,3.0,240.3,5.0,3.0,2.0,10.0,Loyal Customers,0,2026-03-30
C02117,Brazil,31,Female,Free,2024-03-13,349.0,3.0,460.83,3.0,3.0,4.0,10.0,Loyal Customers,0,2026-03-30
C02118,United States,26,Female,Free,2025-10-08,63.0,4.0,195.74,5.0,3.0,2.0,10.0,Loyal Customers,0,2026-03-30
C02119,South Korea,38,Male,Free,2026-03-12,361.0,6.0,559.27,3.0,3.0,4.0,10.0,Loyal Customers,1,2026-03-30
C02120,United States,32,Male,Free,2025-07-18,177.0,3.0,248.55,4.0,3.0,2.0,9.0,Loyal Customers,0,2026-03-30
C02121,Japan,18,Male,Free,2025-05-03,338.0,2.0,73.84,4.0,3.0,1.0,8.0,Loyal Customers,0,2026-03-30
C02122,United States,18,Female,Free,2024-11-18,89.0,4.0,355.47,5.0,3.0,3.0,11.0,Loyal Customers,0,2026-03-30
C02123,Canada,19,Male,Silver,2025-01-25,,,,,,,,No orders in window,0,2026-03-30
C02124,Germany,32,Male,Silver,2022-12-14,235.0,3.0,531.35,4.0,3.0,4.0,11.0,Loyal Customers,0,2026-03-30
C02125,United States,21,Female,Silver,2024-05-24,567.0,2.0,171.2,3.0,3.0,2.0,8.0,Loyal Customers,0,2026-03-30
C02126,India,39,Female,Free,2020-10-16,362.0,3.0,570.4200000000001,3.0,3.0,4.0,10.0,Loyal Customers,0,2026-03-30
C02127,United States,41,Male,Silver,2023-01-16,649.0,2.0,96.81,2.0,3.0,1.0,6.0,Regular,0,2026-03-30
C02128,Mexico,36,Female,Gold,2025-10-03,253.0,5.0,643.24,4.0,3.0,5.0,12.0,Loyal Customers,0,2026-03-30
C02129,United States,24,Female,Free,2025-01-14,893.0,2.0,234.56,2.0,3.0,2.0,7.0,Regular,0,2026-03-30
C02130,Australia,48,Female,Platinum,2024-04-26,1300.0,1.0,56.49,1.0,3.0,1.0,5.0,Regular,0,2026-03-30
C02131,France,26,Male,Free,2025-04-14,17.0,3.0,555.97,5.0,3.0,4.0,12.0,Loyal Customers,0,2026-03-30
C02132,United Kingdom,20,Female,Free,2024-04-15,618.0,4.0,274.72,3.0,3.0,3.0,9.0,Loyal Customers,0,2026-03-30
C02133,Germany,18,Male,Silver,2024-10-06,1480.0,2.0,143.15,1.0,3.0,2.0,6.0,Regular,0,2026-03-30
C02134,United Kingdom,30,Male,Gold,2025-12-23,880.0,4.0,617.75,2.0,3.0,4.0,9.0,At Risk,0,2026-03-30
C02135,France,51,Male,Free,2024-08-25,620.0,3.0,405.06,3.0,3.0,4.0,10.0,Loyal Customers,0,2026-03-30
C02136,Mexico,31,Male,Gold,2026-03-18,305.0,3.0,276.51,4.0,3.0,3.0,10.0,Loyal Customers,0,2026-03-30
C02137,Uae,47,Female,Free,2025-04-03,1431.0,1.0,192.39,1.0,3.0,2.0,6.0,Regular,0,2026-03-30
C02138,Netherlands,33,Male,Free,2025-02-20,154.0,4.0,506.23,4.0,3.0,4.0,11.0,Loyal Customers,0,2026-03-30
C02139,United States,37,Male,Silver,2025-09-15,1609.0,1.0,742.24,1.0,3.0,5.0,9.0,At Risk,0,2026-03-30
C02140,Brazil,42,Male,Gold,2024-07-16,323.0,3.0,720.58,4.0,3.0,5.0,12.0,Loyal Customers,0,2026-03-30
C02141,Brazil,22,Male,Free,2020-02-07,424.0,5.0,785.94,3.0,3.0,5.0,11.0,Loyal Customers,0,2026-03-30
C02142,United States,34,Female,Gold,2025-09-15,3.0,2.0,101.73,5.0,3.0,1.0,9.0,Loyal Customers,0,2026-03-30
C02143,Turkey,18,Female,Free,2025-09-18,566.0,4.0,472.39,3.0,3.0,4.0,10.0,Loyal Customers,0,2026-03-30
C02144,Germany,39,Male,Free,2025-07-20,953.0,3.0,1122.32,2.0,3.0,5.0,10.0,At Risk,0,2026-03-30
C02145,Sweden,38,Female,Free,2024-12-27,123.0,2.0,158.61,5.0,3.0,2.0,10.0,Loyal Customers,0,2026-03-30
C02146,United States,30,Female,Silver,2024-11-18,235.0,2.0,323.65,4.0,3.0,3.0,10.0,Loyal Customers,0,2026-03-30
C02147,France,18,Male,Free,2025-04-20,,,,,,,,No orders in window,0,2026-03-30
C02148,United States,45,Male,Silver,2017-10-21,369.0,1.0,196.69,3.0,3.0,2.0,8.0,Loyal Customers,1,2026-03-30
C02149,Japan,18,Male,Gold,2022-05-23,2022.0,1.0,116.42,1.0,3.0,1.0,5.0,Regular,0,2026-03-30
C02150,South Korea,35,Female,Platinum,2023-09-12,281.0,1.0,189.41,4.0,3.0,2.0,9.0,Loyal Customers,0,2026-03-30
C02151,Australia,52,Female,Free,2024-04-25,65.0,5.0,776.98,5.0,3.0,5.0,13.0,Loyal Customers,0,2026-03-30
C02152,United States,27,Female,Free,2025-11-03,747.0,1.0,42.85,2.0,3.0,1.0,6.0,Regular,0,2026-03-30
C02153,Sweden,34,Male,Free,2024-04-22,408.0,1.0,46.94,3.0,3.0,1.0,7.0,Loyal Customers,0,2026-03-30
C02154,France,57,Male,Free,2026-02-12,1712.0,2.0,128.45,1.0,3.0,1.0,5.0,Regular,0,2026-03-30
C02155,Mexico,29,Male,Free,2025-11-19,48.0,6.0,489.48,5.0,3.0,4.0,12.0,Loyal Customers,0,2026-03-30
C02156,India,47,Male,Platinum,2020-10-24,2093.0,1.0,301.58,1.0,3.0,3.0,7.0,At Risk,0,2026-03-30
C02157,Canada,27,Male,Free,2025-07-06,84.0,7.0,979.12,5.0,3.0,5.0,13.0,Loyal Customers,1,2026-03-30
C02158,Canada,36,Female,Silver,2022-01-10,1444.0,3.0,299.98,1.0,3.0,3.0,7.0,At Risk,0,2026-03-30
C02159,India,42,Male,Free,2025-06-05,1067.0,5.0,804.71,1.0,3.0,5.0,9.0,At Risk,0,2026-03-30
C02160,India,43,Male,Platinum,2025-10-13,231.0,5.0,384.31,4.0,3.0,3.0,10.0,Loyal Customers,0,2026-03-30
C02161,United Kingdom,28,Male,Platinum,2023-10-06,169.0,5.0,201.51,4.0,3.0,2.0,9.0,Loyal Customers,0,2026-03-30
C02162,United States,20,Female,Free,2026-01-12,876.0,1.0,12.56,2.0,3.0,1.0,6.0,Regular,0,2026-03-30
C02163,Canada,18,Male,Silver,2017-12-27,206.0,5.0,753.07,4.0,3.0,5.0,12.0,Loyal Customers,0,2026-03-30
C02164,Germany,23,Other,Free,2025-05-06,500.0,4.0,370.58,3.0,3.0,3.0,9.0,Loyal Customers,1,2026-03-30
C02165,France,18,Male,Free,2026-01-16,193.0,4.0,672.03,4.0,3.0,5.0,12.0,Loyal Customers,0,2026-03-30
C02166,United Kingdom,24,Male,Free,2023-10-29,268.0,2.0,81.64,4.0,3.0,1.0,8.0,Loyal Customers,0,2026-03-30
C02167,United States,42,Male,Silver,2025-09-15,160.0,2.0,151.22,4.0,3.0,2.0,9.0,Loyal Customers,0,2026-03-30
C02168,France,32,Male,Gold,2023-04-07,295.0,5.0,711.6800000000001,4.0,3.0,5.0,12.0,Loyal Customers,0,2026-03-30
C02169,Japan,34,Female,Silver,2024-09-26,154.0,3.0,588.7,4.0,3.0,4.0,11.0,Loyal Customers,0,2026-03-30
C02170,South Korea,60,Female,Free,2024-10-02,1099.0,1.0,74.35,1.0,3.0,1.0,5.0,Regular,0,2026-03-30
C02171,Netherlands,65,Female,Silver,2025-09-21,1075.0,3.0,372.34,1.0,3.0,3.0,7.0,At Risk,0,2026-03-30
C02172,Netherlands,45,Male,Free,2025-12-08,112.0,3.0,104.07,5.0,3.0,1.0,9.0,Loyal Customers,0,2026-03-30
C02173,United States,41,Male,Free,2024-10-25,100.0,6.0,629.63,5.0,3.0,5.0,13.0,Loyal Customers,0,2026-03-30
C02174,Canada,42,Female,Platinum,2024-01-23,448.0,5.0,360.95,3.0,3.0,3.0,9.0,Loyal Customers,0,2026-03-30
C02175,Canada,37,Female,Free,2023-01-10,60.0,7.0,1022.56,5.0,3.0,5.0,13.0,Loyal Customers,0,2026-03-30
C02176,India,58,Female,Gold,2024-03-07,439.0,1.0,459.69,3.0,3.0,4.0,10.0,Loyal Customers,0,2026-03-30
C02177,United Kingdom,27,Female,Free,2025-06-28,474.0,4.0,724.41,3.0,3.0,5.0,11.0,Loyal Customers,0,2026-03-30
C02178,France,41,Female,Silver,2025-09-16,161.0,3.0,260.79,4.0,3.0,3.0,10.0,Loyal Customers,0,2026-03-30
C02179,Mexico,18,Male,Free,2022-09-11,206.0,3.0,339.28,4.0,3.0,3.0,10.0,Loyal Customers,0,2026-03-30
C02180,United States,37,Male,Platinum,2025-07-04,892.0,4.0,860.85,2.0,3.0,5.0,10.0,At Risk,0,2026-03-30
C02181,Germany,19,Female,Free,2024-12-30,1102.0,2.0,91.36,1.0,3.0,1.0,5.0,Regular,0,2026-03-30
C02182,India,18,Male,Free,2025-04-06,1060.0,3.0,207.74,1.0,3.0,2.0,6.0,Regular,0,2026-03-30
C02183,Australia,47,Female,Gold,2026-02-12,386.0,4.0,315.35,3.0,3.0,3.0,9.0,Loyal Customers,0,2026-03-30
C02184,United Kingdom,28,Male,Free,2025-08-11,1071.0,3.0,381.7,1.0,3.0,3.0,7.0,At Risk,0,2026-03-30
C02185,Brazil,25,Female,Platinum,2022-07-23,490.0,3.0,1722.69,3.0,3.0,5.0,11.0,Loyal Customers,0,2026-03-30
C02186,United States,21,Male,Free,2026-01-17,406.0,2.0,80.55,3.0,3.0,1.0,7.0,Loyal Customers,0,2026-03-30
C02187,France,39,Female,Free,2025-02-07,712.0,3.0,203.77,2.0,3.0,2.0,7.0,Regular,1,2026-03-30
C02188,France,18,Female,Silver,2024-03-18,54.0,7.0,473.17,5.0,3.0,4.0,12.0,Loyal Customers,0,2026-03-30
C02189,United States,18,Male,Silver,2024-10-14,103.0,3.0,242.28000000000003,5.0,3.0,2.0,10.0,Loyal Customers,0,2026-03-30
C02190,India,36,Male,Gold,2025-12-22,218.0,2.0,137.28,4.0,3.0,1.0,8.0,Loyal Customers,0,2026-03-30
C02191,United States,23,Male,Gold,2025-03-27,865.0,3.0,409.91,2.0,3.0,4.0,9.0,At Risk,0,2026-03-30
C02192,United Kingdom,18,Female,Gold,2025-08-01,946.0,5.0,784.8199999999999,2.0,3.0,5.0,10.0,At Risk,0,2026-03-30
C02193,Canada,38,Female,Free,2024-03-19,660.0,4.0,369.57,2.0,3.0,3.0,8.0,At Risk,0,2026-03-30
C02194,United States,37,Male,Silver,2023-08-15,613.0,3.0,519.62,3.0,3.0,4.0,10.0,Loyal Customers,0,2026-03-30
C02195,United States,72,Female,Free,2025-08-16,346.0,8.0,548.03,4.0,3.0,4.0,11.0,Loyal Customers,0,2026-03-30
C02196,Canada,38,Male,Gold,2019-03-26,377.0,3.0,173.35,3.0,3.0,2.0,8.0,Loyal Customers,1,2026-03-30
C02197,United States,63,Male,Gold,2023-09-05,35.0,7.0,562.5699999999999,5.0,3.0,4.0,12.0,Loyal Customers,0,2026-03-30
C02198,Brazil,44,Female,Free,2025-04-28,,,,,,,,No orders in window,0,2026-03-30
C02199,United States,18,Male,Free,2026-03-17,1336.0,2.0,124.49,1.0,3.0,1.0,5.0,Regular,0,2026-03-30
C02200,Canada,38,Male,Gold,2025-09-27,1217.0,2.0,132.14999999999998,1.0,3.0,1.0,5.0,Regular,0,2026-03-30
C02201,United Kingdom,24,Male,Free,2025-07-09,333.0,5.0,858.27,4.0,3.0,5.0,12.0,Loyal Customers,0,2026-03-30
C02202,United Kingdom,54,Male,Free,2023-12-27,819.0,5.0,261.37,2.0,3.0,3.0,8.0,At Risk,0,2026-03-30
C02203,United Kingdom,45,Female,Free,2021-07-16,201.0,4.0,735.1800000000001,4.0,3.0,5.0,12.0,Loyal Customers,0,2026-03-30
C02204,France,25,Female,Free,2025-08-18,287.0,2.0,107.01,4.0,3.0,1.0,8.0,Loyal Customers,0,2026-03-30
C02205,India,34,Female,Free,2025-08-29,838.0,1.0,139.62,2.0,3.0,1.0,6.0,Regular,0,2026-03-30
C02206,Turkey,35,Male,Platinum,2025-10-18,1773.0,2.0,169.58,1.0,3.0,2.0,6.0,Regular,0,2026-03-30
C02207,India,42,Male,Free,2026-02-18,216.0,4.0,298.78,4.0,3.0,3.0,10.0,Loyal Customers,0,2026-03-30
C02208,Japan,35,Female,Free,2025-11-29,,,,,,,,No orders in window,0,2026-03-30
C02209,India,36,Female,Silver,2025-03-31,810.0,2.0,93.2,2.0,3.0,1.0,6.0,Regular,0,2026-03-30
C02210,United States,51,Male,Silver,2025-10-22,1955.0,2.0,144.78,1.0,3.0,2.0,6.0,Regular,0,2026-03-30
C02211,France,20,Female,Silver,2025-04-24,298.0,3.0,469.72,4.0,3.0,4.0,11.0,Loyal Customers,0,2026-03-30
C02212,United States,35,Female,Free,2024-08-13,367.0,3.0,394.04,3.0,3.0,3.0,9.0,Loyal Customers,1,2026-03-30
C02213,United States,34,Male,Free,2023-02-24,99.0,4.0,274.39,5.0,3.0,3.0,11.0,Loyal Customers,0,2026-03-30
C02214,United States,37,Female,Free,2024-03-19,4.0,3.0,265.24,5.0,3.0,3.0,11.0,Loyal Customers,1,2026-03-30
C02215,South Africa,26,Female,Gold,2022-09-09,1344.0,1.0,19.25,1.0,3.0,1.0,5.0,Regular,0,2026-03-30
C02216,Netherlands,29,Female,Free,2023-12-12,736.0,1.0,392.78,2.0,3.0,3.0,8.0,At Risk,0,2026-03-30
C02217,United States,46,Female,Free,2023-11-01,1210.0,1.0,68.26,1.0,3.0,1.0,5.0,Regular,0,2026-03-30
C02218,Australia,30,Male,Free,2026-01-25,1063.0,4.0,901.28,1.0,3.0,5.0,9.0,At Risk,0,2026-03-30
C02219,United States,34,Female,Silver,2026-02-01,108.0,5.0,523.92,5.0,3.0,4.0,12.0,Loyal Customers,0,2026-03-30
C02220,South Korea,46,Female,Silver,2025-12-03,241.0,2.0,283.82,4.0,3.0,3.0,10.0,Loyal Customers,0,2026-03-30
C02221,India,26,Female,Silver,2024-12-24,280.0,5.0,415.13,4.0,3.0,4.0,11.0,Loyal Customers,0,2026-03-30
C02222,United States,46,Male,Platinum,2025-03-12,553.0,4.0,447.56,3.0,3.0,4.0,10.0,Loyal Customers,0,2026-03-30
C02223,India,43,Male,Free,2021-08-16,499.0,2.0,269.31,3.0,3.0,3.0,9.0,Loyal Customers,0,2026-03-30
C02224,United States,36,Female,Platinum,2025-04-21,1565.0,1.0,108.44,1.0,3.0,1.0,5.0,Regular,0,2026-03-30
C02225,United States,45,Male,Free,2022-06-25,278.0,3.0,380.04,4.0,3.0,3.0,10.0,Loyal Customers,1,2026-03-30
C02226,Mexico,32,Female,Free,2025-01-13,904.0,3.0,1145.74,2.0,3.0,5.0,10.0,At Risk,0,2026-03-30
C02227,United States,33,Male,Silver,2025-11-24,602.0,3.0,510.98,3.0,3.0,4.0,10.0,Loyal Customers,0,2026-03-30
C02228,United States,34,Female,Silver,2025-10-13,,,,,,,,No orders in window,0,2026-03-30
C02229,United States,42,Male,Free,2024-11-11,,,,,,,,No orders in window,0,2026-03-30
C02230,United States,42,Male,Gold,2019-11-13,219.0,2.0,316.92999999999995,4.0,3.0,3.0,10.0,Loyal Customers,0,2026-03-30
C02231,Canada,25,Female,Free,2024-03-28,1098.0,2.0,84.83,1.0,3.0,1.0,5.0,Regular,0,2026-03-30
C02232,Canada,45,Male,Free,2023-08-16,1035.0,2.0,53.36,2.0,3.0,1.0,6.0,Regular,0,2026-03-30
C02233,Australia,26,Male,Gold,2018-04-29,1005.0,4.0,327.35,2.0,3.0,3.0,8.0,At Risk,0,2026-03-30
C02234,United States,43,Male,Gold,2022-12-27,430.0,3.0,410.85,3.0,3.0,4.0,10.0,Loyal Customers,0,2026-03-30
C02235,France,37,Female,Silver,2022-07-23,945.0,7.0,1240.67,2.0,3.0,5.0,10.0,At Risk,0,2026-03-30
C02236,United Kingdom,18,Female,Free,2026-03-28,140.0,8.0,1359.13,5.0,3.0,5.0,13.0,Loyal Customers,0,2026-03-30
C02237,Germany,18,Male,Free,2024-10-13,2020.0,1.0,27.35,1.0,3.0,1.0,5.0,Regular,1,2026-03-30
C02238,Turkey,51,Male,Free,2023-08-08,224.0,3.0,335.61,4.0,3.0,3.0,10.0,Loyal Customers,0,2026-03-30
C02239,South Korea,47,Male,Free,2023-08-21,745.0,4.0,983.21,2.0,3.0,5.0,10.0,At Risk,0,2026-03-30
C02240,Australia,26,Female,Free,2025-11-23,571.0,3.0,250.24,3.0,3.0,2.0,8.0,Loyal Customers,0,2026-03-30
C02241,United States,30,Male,Free,2025-11-24,500.0,3.0,161.81,3.0,3.0,2.0,8.0,Loyal Customers,0,2026-03-30
C02242,Brazil,48,Female,Free,2024-11-15,32.0,5.0,401.32,5.0,3.0,3.0,11.0,Loyal Customers,0,2026-03-30
C02243,South Africa,58,Male,Free,2023-04-26,161.0,4.0,266.26,4.0,3.0,3.0,10.0,Loyal Customers,0,2026-03-30
C02244,France,31,Male,Silver,2026-04-01,339.0,3.0,130.24,4.0,3.0,1.0,8.0,Loyal Customers,0,2026-03-30
C02245,India,60,Male,Gold,2026-02-23,390.0,3.0,344.94,3.0,3.0,3.0,9.0,Loyal Customers,0,2026-03-30
C02246,Germany,18,Male,Free,2024-11-12,361.0,5.0,759.77,3.0,3.0,5.0,11.0,Loyal Customers,0,2026-03-30
C02247,United States,30,Male,Free,2024-12-28,506.0,1.0,153.15,3.0,3.0,2.0,8.0,Loyal Customers,0,2026-03-30
C02248,United Kingdom,33,Male,Free,2024-06-17,999.0,1.0,49.28,2.0,3.0,1.0,6.0,Regular,0,2026-03-30
C02249,India,44,Male,Gold,2025-04-26,706.0,4.0,265.48,2.0,3.0,3.0,8.0,At Risk,0,2026-03-30
C02250,United States,43,Female,Free,2025-04-15,399.0,2.0,181.95,3.0,3.0,2.0,8.0,Loyal Customers,0,2026-03-30
C02251,United States,31,Male,Gold,2025-06-23,231.0,4.0,746.5799999999999,4.0,3.0,5.0,12.0,Loyal Customers,0,2026-03-30
C02252,United Kingdom,30,Female,Free,2024-05-24,9.0,5.0,458.69,5.0,3.0,4.0,12.0,Loyal Customers,0,2026-03-30
C02253,Italy,58,Female,Free,2025-01-06,1108.0,5.0,337.41,1.0,3.0,3.0,7.0,At Risk,0,2026-03-30
C02254,Australia,25,Female,Free,2025-06-11,2131.0,1.0,223.21,1.0,3.0,2.0,6.0,Regular,0,2026-03-30
C02255,Poland,30,Female,Free,2025-02-05,712.0,3.0,416.33,2.0,3.0,4.0,9.0,At Risk,0,2026-03-30
C02256,Australia,18,Male,Gold,2024-09-15,798.0,5.0,415.0,2.0,3.0,4.0,9.0,At Risk,0,2026-03-30
C02257,United States,27,Male,Platinum,2025-08-06,238.0,6.0,1096.84,4.0,3.0,5.0,12.0,Loyal Customers,0,2026-03-30
C02258,United States,46,Male,Free,2025-11-07,52.0,5.0,602.75,5.0,3.0,4.0,12.0,Loyal Customers,0,2026-03-30
C02259,Mexico,52,Female,Gold,2025-08-15,39.0,5.0,645.06,5.0,3.0,5.0,13.0,Loyal Customers,0,2026-03-30
C02260,United States,36,Male,Gold,2024-06-03,47.0,3.0,476.19,5.0,3.0,4.0,12.0,Loyal Customers,0,2026-03-30
C02261,Netherlands,19,Male,Gold,2026-02-18,203.0,4.0,539.01,4.0,3.0,4.0,11.0,Loyal Customers,0,2026-03-30
C02262,Singapore,28,Male,Free,2025-09-30,405.0,4.0,722.34,3.0,3.0,5.0,11.0,Loyal Customers,0,2026-03-30
C02263,United Kingdom,30,Female,Silver,2025-10-13,,,,,,,,No orders in window,0,2026-03-30
C02264,South Korea,36,Female,Silver,2020-07-14,905.0,4.0,323.9,2.0,3.0,3.0,8.0,At Risk,0,2026-03-30
C02265,France,54,Female,Gold,2024-11-29,182.0,1.0,98.8,4.0,3.0,1.0,8.0,Loyal Customers,1,2026-03-30
C02266,Poland,20,Male,Free,2024-01-03,52.0,5.0,425.07,5.0,3.0,4.0,12.0,Loyal Customers,0,2026-03-30
C02267,Brazil,30,Female,Free,2026-02-06,1793.0,1.0,114.26,1.0,3.0,1.0,5.0,Regular,0,2026-03-30
C02268,United States,50,Female,Platinum,2024-05-27,1241.0,1.0,53.49,1.0,3.0,1.0,5.0,Regular,0,2026-03-30
C02269,India,47,Female,Free,2025-04-03,514.0,2.0,217.5,3.0,3.0,2.0,8.0,Loyal Customers,0,2026-03-30
C02270,South Korea,26,Female,Free,2024-07-03,703.0,2.0,172.23000000000002,2.0,3.0,2.0,7.0,Regular,0,2026-03-30
C02271,Australia,38,Female,Free,2023-04-19,,,,,,,,No orders in window,0,2026-03-30
C02272,Australia,38,Male,Silver,2024-11-14,83.0,3.0,225.07,5.0,3.0,2.0,10.0,Loyal Customers,0,2026-03-30
C02273,France,30,Male,Free,2024-06-18,189.0,5.0,237.56,4.0,3.0,2.0,9.0,Loyal Customers,1,2026-03-30
C02274,United States,25,Female,Silver,2021-01-21,856.0,4.0,265.09000000000003,2.0,3.0,3.0,8.0,At Risk,1,2026-03-30
C02275,United Kingdom,55,Female,Free,2025-11-07,379.0,4.0,152.72,3.0,3.0,2.0,8.0,Loyal Customers,0,2026-03-30
C02276,United States,27,Male,Free,2023-08-07,279.0,6.0,851.6500000000001,4.0,3.0,5.0,12.0,Loyal Customers,0,2026-03-30
C02277,United States,35,Female,Silver,2025-02-15,327.0,4.0,464.5,4.0,3.0,4.0,11.0,Loyal Customers,0,2026-03-30
C02278,Canada,49,Male,Free,2023-11-05,1007.0,3.0,240.21,2.0,3.0,2.0,7.0,Regular,0,2026-03-30
C02279,Spain,44,Male,Silver,2025-10-27,,,,,,,,No orders in window,0,2026-03-30
C02280,Brazil,26,Male,Silver,2024-11-17,1039.0,2.0,196.13,2.0,3.0,2.0,7.0,Regular,0,2026-03-30
C02281,Canada,29,Male,Free,2024-09-26,596.0,2.0,42.36,3.0,3.0,1.0,7.0,Loyal Customers,0,2026-03-30
C02282,United States,24,Female,Silver,2019-09-11,276.0,8.0,394.45,4.0,3.0,3.0,10.0,Loyal Customers,0,2026-03-30
C02283,United States,26,Male,Silver,2024-08-17,410.0,5.0,386.57,3.0,3.0,3.0,9.0,Loyal Customers,0,2026-03-30
C02284,India,23,Male,Free,2024-07-22,95.0,7.0,1159.9399999999998,5.0,3.0,5.0,13.0,Loyal Customers,1,2026-03-30
C02285,Germany,50,Female,Free,2024-02-24,563.0,3.0,411.23,3.0,3.0,4.0,10.0,Loyal Customers,0,2026-03-30
C02286,Japan,42,Female,Free,2024-12-05,,,,,,,,No orders in window,1,2026-03-30
C02287,United States,21,Female,Silver,2024-10-31,918.0,2.0,212.0,2.0,3.0,2.0,7.0,Regular,1,2026-03-30
C02288,Australia,73,Female,Free,2022-04-21,23.0,3.0,1292.3,5.0,3.0,5.0,13.0,Loyal Customers,0,2026-03-30
C02289,United States,27,Male,Free,2022-02-21,1428.0,1.0,45.95,1.0,3.0,1.0,5.0,Regular,0,2026-03-30
C02290,Poland,22,Male,Free,2025-10-09,24.0,3.0,542.31,5.0,3.0,4.0,12.0,Loyal Customers,1,2026-03-30
C02291,United Kingdom,37,Male,Silver,2024-07-30,21.0,4.0,1249.56,5.0,3.0,5.0,13.0,Loyal Customers,0,2026-03-30
C02292,United States,30,Female,Free,2025-10-04,864.0,4.0,751.0600000000001,2.0,3.0,5.0,10.0,At Risk,0,2026-03-30
C02293,United States,27,Female,Free,2024-06-20,616.0,6.0,1847.63,3.0,3.0,5.0,11.0,Loyal Customers,0,2026-03-30
C02294,Mexico,50,Female,Silver,2025-09-17,1521.0,2.0,417.21,1.0,3.0,4.0,8.0,At Risk,0,2026-03-30
C02295,Germany,40,Male,Free,2025-02-02,402.0,5.0,886.14,3.0,3.0,5.0,11.0,Loyal Customers,0,2026-03-30
C02296,Germany,32,Female,Free,2025-07-28,263.0,5.0,774.79,4.0,3.0,5.0,12.0,Loyal Customers,0,2026-03-30
C02297,India,49,Female,Free,2026-02-18,134.0,5.0,378.99,5.0,3.0,3.0,11.0,Loyal Customers,0,2026-03-30
C02298,Uae,56,Female,Free,2023-04-02,916.0,1.0,87.14,2.0,3.0,1.0,6.0,Regular,0,2026-03-30
C02299,United States,26,Male,Free,2026-02-04,175.0,2.0,263.37,4.0,3.0,3.0,10.0,Loyal Customers,1,2026-03-30
C02300,France,35,Female,Free,2024-09-25,122.0,3.0,706.4499999999999,5.0,3.0,5.0,13.0,Loyal Customers,0,2026-03-30
C02301,Canada,37,Female,Free,2026-03-20,259.0,3.0,439.86,4.0,3.0,4.0,11.0,Loyal Customers,1,2026-03-30
C02302,Germany,31,Female,Platinum,2025-04-25,338.0,1.0,8.98,4.0,3.0,1.0,8.0,Loyal Customers,0,2026-03-30
C02303,United States,52,Female,Free,2019-04-18,1040.0,3.0,218.52,2.0,3.0,2.0,7.0,Regular,0,2026-03-30
C02304,France,41,Female,Free,2025-06-22,920.0,2.0,152.13,2.0,3.0,2.0,7.0,Regular,0,2026-03-30
C02305,United States,33,Female,Free,2024-11-26,231.0,4.0,622.54,4.0,3.0,5.0,12.0,Loyal Customers,0,2026-03-30
C02306,United States,28,Male,Silver,2023-11-04,340.0,1.0,238.31,4.0,3.0,2.0,9.0,Loyal Customers,1,2026-03-30
C02307,India,44,Male,Gold,2022-09-19,470.0,2.0,908.75,3.0,3.0,5.0,11.0,Loyal Customers,0,2026-03-30
C02308,Uae,35,Female,Free,2026-01-19,691.0,3.0,535.79,2.0,3.0,4.0,9.0,At Risk,0,2026-03-30
C02309,United States,45,Female,Platinum,2025-10-20,816.0,3.0,265.28000000000003,2.0,3.0,3.0,8.0,At Risk,0,2026-03-30
C02310,India,18,Male,Free,2025-10-22,375.0,2.0,281.41,3.0,3.0,3.0,9.0,Loyal Customers,0,2026-03-30
C02311,India,26,Male,Free,2024-09-08,623.0,5.0,496.21,3.0,3.0,4.0,10.0,Loyal Customers,0,2026-03-30
C02312,India,18,Female,Gold,2026-03-01,146.0,3.0,644.5699999999999,5.0,3.0,5.0,13.0,Loyal Customers,0,2026-03-30
C02313,United States,34,Female,Gold,2025-12-11,1652.0,1.0,76.36,1.0,3.0,1.0,5.0,Regular,0,2026-03-30
C02314,Italy,35,Female,Free,2023-09-14,660.0,6.0,447.63,2.0,3.0,4.0,9.0,At Risk,0,2026-03-30
C02315,Germany,35,Male,Free,2025-02-02,70.0,5.0,400.45,5.0,3.0,3.0,11.0,Loyal Customers,0,2026-03-30
C02316,Spain,51,Female,Gold,2023-01-11,44.0,6.0,700.3299999999999,5.0,3.0,5.0,13.0,Loyal Customers,0,2026-03-30
C02317,United States,18,Male,Free,2017-07-01,1711.0,2.0,77.86,1.0,3.0,1.0,5.0,Regular,0,2026-03-30
C02318,United States,27,Female,Free,2022-08-18,321.0,5.0,421.47,4.0,3.0,4.0,11.0,Loyal Customers,0,2026-03-30
C02319,Germany,39,Female,Free,2025-07-31,50.0,6.0,880.4399999999999,5.0,3.0,5.0,13.0,Loyal Customers,0,2026-03-30
C02320,South Korea,61,Female,Silver,2025-06-10,6.0,4.0,577.97,5.0,3.0,4.0,12.0,Loyal Customers,0,2026-03-30
C02321,Germany,55,Female,Gold,2025-01-26,713.0,4.0,416.8,2.0,3.0,4.0,9.0,At Risk,1,2026-03-30
C02322,United States,48,Female,Free,2026-01-13,86.0,3.0,179.35,5.0,3.0,2.0,10.0,Loyal Customers,0,2026-03-30
C02323,United Kingdom,47,Male,Free,2026-03-25,1357.0,4.0,291.9,1.0,3.0,3.0,7.0,At Risk,0,2026-03-30
C02324,Canada,28,Female,Platinum,2024-08-12,358.0,2.0,161.63,3.0,3.0,2.0,8.0,Loyal Customers,0,2026-03-30
C02325,Mexico,49,Male,Free,2024-08-23,1.0,4.0,441.93000000000006,5.0,3.0,4.0,12.0,Loyal Customers,0,2026-03-30
C02326,Canada,21,Female,Free,2025-01-31,562.0,6.0,1122.51,3.0,3.0,5.0,11.0,Loyal Customers,0,2026-03-30
C02327,United States,32,Female,Silver,2024-02-15,501.0,5.0,1630.61,3.0,3.0,5.0,11.0,Loyal Customers,0,2026-03-30
C02328,Singapore,38,Female,Silver,2016-05-17,1121.0,2.0,167.39,1.0,3.0,2.0,6.0,Regular,0,2026-03-30
C02329,United States,18,Female,Free,2026-01-02,1711.0,2.0,221.19,1.0,3.0,2.0,6.0,Regular,0,2026-03-30
C02330,United States,56,Male,Free,2025-12-26,247.0,2.0,164.56,4.0,3.0,2.0,9.0,Loyal Customers,0,2026-03-30
C02331,India,45,Female,Silver,2019-04-07,1539.0,1.0,135.6,1.0,3.0,1.0,5.0,Regular,0,2026-03-30
C02332,United States,39,Female,Gold,2020-07-18,943.0,2.0,266.05,2.0,3.0,3.0,8.0,At Risk,0,2026-03-30
C02333,Canada,30,Male,Free,2023-11-14,1199.0,1.0,26.21,1.0,3.0,1.0,5.0,Regular,0,2026-03-30
C02334,Sweden,19,Female,Free,2025-01-20,1072.0,2.0,150.59,1.0,3.0,2.0,6.0,Regular,0,2026-03-30
C02335,Germany,35,Female,Free,2026-03-19,412.0,1.0,35.0,3.0,3.0,1.0,7.0,Loyal Customers,0,2026-03-30
C02336,Brazil,49,Female,Free,2026-03-01,196.0,4.0,466.5700000000001,4.0,3.0,4.0,11.0,Loyal Customers,0,2026-03-30
C02337,South Korea,18,Male,Silver,2026-03-10,763.0,4.0,750.54,2.0,3.0,5.0,10.0,At Risk,0,2026-03-30
C02338,United States,34,Female,Free,2025-05-03,885.0,3.0,264.85,2.0,3.0,3.0,8.0,At Risk,0,2026-03-30
C02339,India,34,Female,Free,2025-10-25,348.0,5.0,657.66,4.0,3.0,5.0,12.0,Loyal Customers,0,2026-03-30
C02340,Canada,32,Other,Gold,2022-05-02,65.0,7.0,752.6,5.0,3.0,5.0,13.0,Loyal Customers,1,2026-03-30
C02341,United States,18,Female,Silver,2024-08-20,176.0,5.0,477.26,4.0,3.0,4.0,11.0,Loyal Customers,0,2026-03-30
C02342,Netherlands,36,Female,Gold,2024-04-25,1210.0,4.0,399.36,1.0,3.0,3.0,7.0,At Risk,1,2026-03-30
C02343,South Korea,28,Female,Silver,2022-09-22,165.0,2.0,365.92,4.0,3.0,3.0,10.0,Loyal Customers,0,2026-03-30
C02344,United States,22,Female,Platinum,2026-01-16,587.0,7.0,1174.9,3.0,3.0,5.0,11.0,Loyal Customers,0,2026-03-30
C02345,United Kingdom,28,Female,Silver,2024-11-06,1673.0,2.0,70.07000000000001,1.0,3.0,1.0,5.0,Regular,0,2026-03-30
C02346,United States,28,Female,Free,2024-09-08,668.0,4.0,466.64,2.0,3.0,4.0,9.0,At Risk,0,2026-03-30
C02347,United Kingdom,21,Male,Silver,2026-02-25,1248.0,1.0,22.92,1.0,3.0,1.0,5.0,Regular,0,2026-03-30
C02348,Mexico,44,Female,Gold,2024-03-20,397.0,6.0,867.52,3.0,3.0,5.0,11.0,Loyal Customers,0,2026-03-30
C02349,Canada,39,Male,Platinum,2025-07-31,246.0,4.0,758.12,4.0,3.0,5.0,12.0,Loyal Customers,0,2026-03-30
C02350,United States,39,Other,Free,2025-09-21,540.0,5.0,580.3199999999999,3.0,3.0,4.0,10.0,Loyal Customers,0,2026-03-30
C02351,United States,36,Female,Free,2026-02-27,484.0,3.0,423.87,3.0,3.0,4.0,10.0,Loyal Customers,0,2026-03-30
C02352,United States,33,Male,Silver,2020-04-30,711.0,3.0,404.99,2.0,3.0,4.0,9.0,At Risk,0,2026-03-30
C02353,Australia,18,Male,Free,2023-10-04,1498.0,2.0,325.91,1.0,3.0,3.0,7.0,At Risk,0,2026-03-30
C02354,India,43,Female,Free,2023-05-05,42.0,4.0,368.15,5.0,3.0,3.0,11.0,Loyal Customers,0,2026-03-30
C02355,Mexico,43,Male,Silver,2025-11-29,673.0,2.0,217.29,2.0,3.0,2.0,7.0,Regular,0,2026-03-30
C02356,India,39,Male,Free,2023-08-24,16.0,6.0,780.6600000000001,5.0,3.0,5.0,13.0,Loyal Customers,0,2026-03-30
C02357,France,38,Female,Free,2026-03-01,211.0,5.0,375.36,4.0,3.0,3.0,10.0,Loyal Customers,0,2026-03-30
C02358,Canada,39,Female,Gold,2025-09-28,997.0,1.0,40.53,2.0,3.0,1.0,6.0,Regular,0,2026-03-30
C02359,United States,19,Female,Free,2025-05-25,184.0,2.0,145.53,4.0,3.0,2.0,9.0,Loyal Customers,0,2026-03-30
C02360,United States,21,Male,Silver,2024-05-28,1024.0,4.0,116.73,2.0,3.0,1.0,6.0,Regular,0,2026-03-30
C02361,Singapore,61,Male,Free,2024-03-04,404.0,2.0,154.74,3.0,3.0,2.0,8.0,Loyal Customers,0,2026-03-30
C02362,France,33,Male,Silver,2023-11-15,30.0,7.0,1558.55,5.0,3.0,5.0,13.0,Loyal Customers,0,2026-03-30
C02363,Canada,36,Female,Silver,2023-08-26,510.0,8.0,2088.66,3.0,3.0,5.0,11.0,Loyal Customers,0,2026-03-30
C02364,United States,39,Male,Free,2024-07-25,224.0,4.0,388.73,4.0,3.0,3.0,10.0,Loyal Customers,1,2026-03-30
C02365,India,39,Female,Free,2024-03-05,450.0,1.0,234.85,3.0,3.0,2.0,8.0,Loyal Customers,0,2026-03-30
C02366,United States,32,Female,Gold,2025-05-26,143.0,5.0,416.64,5.0,3.0,4.0,12.0,Loyal Customers,0,2026-03-30
C02367,United States,31,Male,Free,2021-01-23,1861.0,1.0,12.59,1.0,3.0,1.0,5.0,Regular,0,2026-03-30
C02368,South Korea,28,Male,Free,2024-12-11,386.0,3.0,167.09,3.0,3.0,2.0,8.0,Loyal Customers,0,2026-03-30
C02369,United States,24,Male,Silver,2024-11-27,156.0,2.0,137.37,4.0,3.0,1.0,8.0,Loyal Customers,0,2026-03-30
C02370,India,30,Male,Silver,2023-02-05,964.0,1.0,75.67,2.0,3.0,1.0,6.0,Regular,0,2026-03-30
C02371,France,37,Male,Gold,2024-03-17,540.0,3.0,206.54,3.0,3.0,2.0,8.0,Loyal Customers,0,2026-03-30
C02372,India,41,Male,Free,2024-11-29,32.0,4.0,212.6,5.0,3.0,2.0,10.0,Loyal Customers,0,2026-03-30
C02373,Sweden,36,Female,Free,2024-08-21,1680.0,2.0,141.37,1.0,3.0,2.0,6.0,Regular,0,2026-03-30
C02374,United States,47,Female,Gold,2025-06-30,19.0,6.0,547.84,5.0,3.0,4.0,12.0,Loyal Customers,1,2026-03-30
C02375,Mexico,38,Female,Free,2024-10-17,1435.0,2.0,201.07,1.0,3.0,2.0,6.0,Regular,1,2026-03-30
C02376,India,47,Female,Free,2025-04-29,347.0,5.0,1071.19,4.0,3.0,5.0,12.0,Loyal Customers,0,2026-03-30
C02377,United States,18,Female,Free,2025-04-25,278.0,3.0,175.27,4.0,3.0,2.0,9.0,Loyal Customers,1,2026-03-30
C02378,Germany,38,Female,Free,2025-12-07,308.0,5.0,792.48,4.0,3.0,5.0,12.0,Loyal Customers,0,2026-03-30
C02379,South Africa,33,Male,Platinum,2023-07-03,,,,,,,,No orders in window,0,2026-03-30
C02380,Poland,50,Female,Silver,2025-05-19,558.0,1.0,330.73,3.0,3.0,3.0,9.0,Loyal Customers,0,2026-03-30
C02381,United Kingdom,38,Female,Free,2024-02-28,1140.0,2.0,273.09,1.0,3.0,3.0,7.0,At Risk,0,2026-03-30
C02382,United Kingdom,36,Female,Gold,2025-03-07,29.0,5.0,988.77,5.0,3.0,5.0,13.0,Loyal Customers,0,2026-03-30
C02383,France,30,Male,Free,2024-11-10,66.0,4.0,724.3799999999999,5.0,3.0,5.0,13.0,Loyal Customers,0,2026-03-30
C02384,Mexico,25,Female,Platinum,2026-03-31,89.0,7.0,873.49,5.0,3.0,5.0,13.0,Loyal Customers,0,2026-03-30
C02385,United States,34,Male,Free,2026-01-25,239.0,3.0,74.94,4.0,3.0,1.0,8.0,Loyal Customers,0,2026-03-30
C02386,Canada,33,Male,Silver,2024-06-29,1145.0,1.0,89.93,1.0,3.0,1.0,5.0,Regular,0,2026-03-30
C02387,United States,43,Female,Silver,2024-09-16,815.0,4.0,469.88,2.0,3.0,4.0,9.0,At Risk,0,2026-03-30
C02388,Australia,52,Male,Free,2025-08-12,588.0,4.0,352.55,3.0,3.0,3.0,9.0,Loyal Customers,0,2026-03-30
C02389,United Kingdom,32,Female,Silver,2025-12-02,1920.0,2.0,118.17,1.0,3.0,1.0,5.0,Regular,0,2026-03-30
C02390,Canada,22,Male,Gold,2025-02-17,1020.0,3.0,134.73,2.0,3.0,1.0,6.0,Regular,0,2026-03-30
C02391,India,42,Male,Gold,2017-01-13,91.0,2.0,180.73,5.0,3.0,2.0,10.0,Loyal Customers,0,2026-03-30
C02392,Germany,55,Female,Free,2023-03-22,1202.0,1.0,20.5,1.0,3.0,1.0,5.0,Regular,1,2026-03-30
C02393,United Kingdom,39,Female,Free,2026-01-27,1640.0,2.0,97.05,1.0,3.0,1.0,5.0,Regular,0,2026-03-30
C02394,India,26,Male,Silver,2024-12-24,869.0,2.0,179.62,2.0,3.0,2.0,7.0,Regular,0,2026-03-30
C02395,Australia,28,Male,Silver,2025-11-01,,,,,,,,No orders in window,1,2026-03-30
C02396,Spain,25,Female,Platinum,2026-02-06,1290.0,4.0,305.2,1.0,3.0,3.0,7.0,At Risk,0,2026-03-30
C02397,Mexico,37,Female,Silver,2025-12-20,739.0,3.0,321.09,2.0,3.0,3.0,8.0,At Risk,0,2026-03-30
C02398,United States,23,Female,Platinum,2024-02-26,688.0,3.0,146.45,2.0,3.0,2.0,7.0,Regular,0,2026-03-30
C02399,Canada,35,Male,Free,2024-10-17,1792.0,2.0,58.75,1.0,3.0,1.0,5.0,Regular,0,2026-03-30
C02400,India,40,Female,Gold,2025-10-22,1086.0,1.0,108.33,1.0,3.0,1.0,5.0,Regular,0,2026-03-30
C02401,Germany,25,Male,Platinum,2025-12-21,1383.0,1.0,147.45,1.0,3.0,2.0,6.0,Regular,0,2026-03-30
C02402,United States,39,Female,Free,2021-07-09,106.0,4.0,883.51,5.0,3.0,5.0,13.0,Loyal Customers,0,2026-03-30
C02403,United States,47,Female,Platinum,2026-01-08,2135.0,3.0,220.05,1.0,3.0,2.0,6.0,Regular,1,2026-03-30
C02404,Australia,31,Male,Free,2026-03-06,116.0,3.0,897.35,5.0,3.0,5.0,13.0,Loyal Customers,0,2026-03-30
C02405,Australia,51,Female,Free,2025-05-30,1019.0,2.0,81.07,2.0,3.0,1.0,6.0,Regular,1,2026-03-30
C02406,United States,35,Male,Free,2024-01-26,144.0,3.0,643.6800000000001,5.0,3.0,5.0,13.0,Loyal Customers,0,2026-03-30
C02407,France,28,Male,Free,2023-07-11,1423.0,2.0,302.96000000000004,1.0,3.0,3.0,7.0,At Risk,0,2026-03-30
C02408,Singapore,39,Female,Free,2025-12-28,2087.0,1.0,207.58,1.0,3.0,2.0,6.0,Regular,0,2026-03-30
C02409,Japan,28,Male,Free,2025-09-13,292.0,1.0,483.38,4.0,3.0,4.0,11.0,Loyal Customers,1,2026-03-30
C02410,Singapore,25,Female,Free,2024-06-14,1511.0,1.0,123.1,1.0,3.0,1.0,5.0,Regular,0,2026-03-30
C02411,United Kingdom,30,Male,Free,2025-05-06,82.0,2.0,133.78,5.0,3.0,1.0,9.0,Loyal Customers,0,2026-03-30
C02412,Mexico,40,Female,Free,2023-10-28,677.0,4.0,598.15,2.0,3.0,4.0,9.0,At Risk,0,2026-03-30
C02413,United States,28,Female,Gold,2025-10-21,698.0,5.0,443.38,2.0,3.0,4.0,9.0,At Risk,0,2026-03-30
C02414,Japan,28,Male,Free,2023-12-05,244.0,4.0,235.07,4.0,3.0,2.0,9.0,Loyal Customers,0,2026-03-30
C02415,United Kingdom,39,Female,Silver,2020-12-12,1958.0,1.0,67.54,1.0,3.0,1.0,5.0,Regular,0,2026-03-30
C02416,United States,47,Female,Silver,2024-12-22,19.0,5.0,333.15,5.0,3.0,3.0,11.0,Loyal Customers,0,2026-03-30
C02417,United States,57,Male,Free,2025-10-24,199.0,1.0,465.66,4.0,3.0,4.0,11.0,Loyal Customers,0,2026-03-30
C02418,Canada,33,Female,Free,2024-07-27,581.0,4.0,373.79,3.0,3.0,3.0,9.0,Loyal Customers,1,2026-03-30
C02419,Brazil,24,Male,Free,2024-01-13,45.0,5.0,288.11,5.0,3.0,3.0,11.0,Loyal Customers,0,2026-03-30
C02420,United States,43,Female,Platinum,2024-09-30,787.0,3.0,405.68,2.0,3.0,4.0,9.0,At Risk,0,2026-03-30
C02421,United Kingdom,41,Female,Silver,2025-08-14,357.0,5.0,554.38,3.0,3.0,4.0,10.0,Loyal Customers,0,2026-03-30
C02422,South Korea,38,Female,Free,2024-12-29,668.0,3.0,118.52,2.0,3.0,1.0,6.0,Regular,0,2026-03-30
C02423,Brazil,30,Female,Platinum,2023-01-06,1074.0,2.0,185.16,1.0,3.0,2.0,6.0,Regular,0,2026-03-30
C02424,United States,29,Female,Free,2025-09-15,752.0,2.0,812.0,2.0,3.0,5.0,10.0,At Risk,0,2026-03-30
C02425,Spain,66,Male,Free,2024-08-30,115.0,3.0,88.78999999999999,5.0,3.0,1.0,9.0,Loyal Customers,0,2026-03-30
C02426,France,36,Male,Platinum,2025-10-31,1207.0,6.0,301.27,1.0,3.0,3.0,7.0,At Risk,0,2026-03-30
C02427,Canada,35,Female,Free,2024-12-09,1479.0,2.0,206.51,1.0,3.0,2.0,6.0,Regular,0,2026-03-30
C02428,United States,28,Female,Silver,2024-11-07,832.0,1.0,239.74,2.0,3.0,2.0,7.0,Regular,0,2026-03-30
C02429,India,23,Male,Free,2020-11-08,202.0,2.0,415.0,4.0,3.0,4.0,11.0,Loyal Customers,0,2026-03-30
C02430,Canada,18,Male,Silver,2019-09-11,187.0,2.0,206.67,4.0,3.0,2.0,9.0,Loyal Customers,0,2026-03-30
C02431,India,40,Female,Free,2026-03-21,182.0,5.0,539.99,4.0,3.0,4.0,11.0,Loyal Customers,0,2026-03-30
C02432,Mexico,28,Other,Free,2025-11-01,637.0,2.0,128.01,2.0,3.0,1.0,6.0,Regular,0,2026-03-30
C02433,Australia,55,Male,Free,2023-03-02,387.0,3.0,359.8,3.0,3.0,3.0,9.0,Loyal Customers,0,2026-03-30
C02434,United Kingdom,19,Female,Gold,2026-01-11,160.0,2.0,119.29,4.0,3.0,1.0,8.0,Loyal Customers,0,2026-03-30
C02435,Brazil,32,Male,Free,2022-11-02,618.0,3.0,629.21,3.0,3.0,5.0,11.0,Loyal Customers,0,2026-03-30
C02436,France,43,Female,Free,2025-06-27,1262.0,2.0,92.21,1.0,3.0,1.0,5.0,Regular,0,2026-03-30
C02437,United Kingdom,26,Female,Gold,2017-11-12,751.0,4.0,101.47,2.0,3.0,1.0,6.0,Regular,0,2026-03-30
C02438,United States,23,Female,Free,2023-08-05,535.0,3.0,188.78,3.0,3.0,2.0,8.0,Loyal Customers,0,2026-03-30
C02439,Brazil,36,Male,Free,2025-03-12,128.0,3.0,327.77,5.0,3.0,3.0,11.0,Loyal Customers,0,2026-03-30
C02440,Turkey,41,Male,Free,2025-12-27,137.0,8.0,2202.71,5.0,3.0,5.0,13.0,Loyal Customers,0,2026-03-30
C02441,United States,21,Female,Free,2026-03-10,15.0,6.0,478.91,5.0,3.0,4.0,12.0,Loyal Customers,0,2026-03-30
C02442,India,25,Male,Gold,2025-12-31,661.0,3.0,280.55,2.0,3.0,3.0,8.0,At Risk,0,2026-03-30
C02443,India,45,Male,Free,2025-09-16,1087.0,1.0,30.01,1.0,3.0,1.0,5.0,Regular,0,2026-03-30
C02444,Germany,40,Female,Gold,2024-12-15,458.0,3.0,206.36,3.0,3.0,2.0,8.0,Loyal Customers,0,2026-03-30
C02445,United States,26,Male,Gold,2025-12-16,,,,,,,,No orders in window,0,2026-03-30
C02446,United States,47,Male,Free,2024-10-17,,,,,,,,No orders in window,0,2026-03-30
C02447,Uae,37,Female,Silver,2025-10-04,507.0,7.0,1417.31,3.0,3.0,5.0,11.0,Loyal Customers,0,2026-03-30
C02448,United States,57,Male,Free,2024-06-14,759.0,3.0,322.42,2.0,3.0,3.0,8.0,At Risk,0,2026-03-30
C02449,United States,18,Female,Silver,2023-01-11,1113.0,3.0,343.8,1.0,3.0,3.0,7.0,At Risk,0,2026-03-30
C02450,Germany,58,Male,Gold,2025-07-30,228.0,4.0,578.27,4.0,3.0,4.0,11.0,Loyal Customers,0,2026-03-30
C02451,Mexico,35,Male,Free,2025-08-29,405.0,3.0,393.12,3.0,3.0,3.0,9.0,Loyal Customers,0,2026-03-30
C02452,France,32,Female,Platinum,2022-08-06,156.0,3.0,141.07,4.0,3.0,2.0,9.0,Loyal Customers,0,2026-03-30
C02453,Mexico,20,Male,Silver,2025-11-22,1795.0,1.0,173.25,1.0,3.0,2.0,6.0,Regular,0,2026-03-30
C02454,United States,46,Male,Gold,2025-01-16,1298.0,4.0,293.59000000000003,1.0,3.0,3.0,7.0,At Risk,0,2026-03-30
C02455,United States,29,Female,Free,2025-09-26,343.0,3.0,203.61,4.0,3.0,2.0,9.0,Loyal Customers,0,2026-03-30
C02456,Brazil,38,Male,Free,2023-10-05,114.0,3.0,133.02,5.0,3.0,1.0,9.0,Loyal Customers,0,2026-03-30
C02457,Brazil,29,Female,Silver,2022-03-19,753.0,1.0,432.48,2.0,3.0,4.0,9.0,At Risk,0,2026-03-30
C02458,United States,27,Male,Free,2024-06-26,1374.0,4.0,633.56,1.0,3.0,5.0,9.0,At Risk,0,2026-03-30
C02459,United Kingdom,20,Male,Silver,2022-06-21,2014.0,1.0,649.67,1.0,3.0,5.0,9.0,At Risk,0,2026-03-30
C02460,France,18,Female,Silver,2022-09-02,44.0,9.0,948.37,5.0,3.0,5.0,13.0,Loyal Customers,0,2026-03-30
C02461,Japan,24,Female,Platinum,2023-12-21,554.0,4.0,601.89,3.0,3.0,4.0,10.0,Loyal Customers,1,2026-03-30
C02462,United Kingdom,43,Female,Free,2025-02-20,725.0,3.0,438.41,2.0,3.0,4.0,9.0,At Risk,0,2026-03-30
C02463,United Kingdom,59,Female,Platinum,2024-06-26,289.0,5.0,1372.91,4.0,3.0,5.0,12.0,Loyal Customers,0,2026-03-30
C02464,United States,43,Female,Free,2023-07-07,17.0,3.0,318.34,5.0,3.0,3.0,11.0,Loyal Customers,0,2026-03-30
C02465,United Kingdom,36,Male,Free,2025-09-21,282.0,3.0,296.23,4.0,3.0,3.0,10.0,Loyal Customers,0,2026-03-30
C02466,India,46,Male,Free,2025-10-07,482.0,4.0,309.12,3.0,3.0,3.0,9.0,Loyal Customers,0,2026-03-30
C02467,United States,35,Male,Free,2025-10-03,1114.0,4.0,607.43,1.0,3.0,4.0,8.0,At Risk,0,2026-03-30
C02468,United Kingdom,19,Male,Silver,2025-02-03,301.0,6.0,536.38,4.0,3.0,4.0,11.0,Loyal Customers,0,2026-03-30
C02469,United Kingdom,43,Male,Free,2025-02-09,1296.0,2.0,81.51,1.0,3.0,1.0,5.0,Regular,0,2026-03-30
C02470,United States,35,Female,Free,2023-06-13,552.0,4.0,397.76,3.0,3.0,3.0,9.0,Loyal Customers,0,2026-03-30
C02471,United States,20,Female,Gold,2022-10-03,1514.0,1.0,196.28,1.0,3.0,2.0,6.0,Regular,1,2026-03-30
C02472,Australia,47,Other,Free,2026-03-23,58.0,2.0,198.87,5.0,3.0,2.0,10.0,Loyal Customers,0,2026-03-30
C02473,United States,37,Female,Free,2025-05-19,395.0,3.0,504.58,3.0,3.0,4.0,10.0,Loyal Customers,0,2026-03-30
C02474,United Kingdom,44,Other,Silver,2026-01-30,212.0,5.0,339.54999999999995,4.0,3.0,3.0,10.0,Loyal Customers,0,2026-03-30
C02475,United Kingdom,40,Female,Free,2024-07-20,1275.0,1.0,31.9,1.0,3.0,1.0,5.0,Regular,0,2026-03-30
C02476,Spain,21,Other,Free,2026-01-06,185.0,2.0,102.86,4.0,3.0,1.0,8.0,Loyal Customers,0,2026-03-30
C02477,United States,36,Female,Silver,2024-05-19,1244.0,3.0,143.57,1.0,3.0,2.0,6.0,Regular,0,2026-03-30
C02478,Australia,28,Male,Free,2020-12-30,,,,,,,,No orders in window,0,2026-03-30
C02479,United States,18,Male,Free,2025-04-09,,,,,,,,No orders in window,0,2026-03-30
C02480,United States,37,Male,Free,2025-12-15,1710.0,1.0,64.48,1.0,3.0,1.0,5.0,Regular,0,2026-03-30
C02481,India,67,Female,Free,2024-06-08,960.0,2.0,220.48,2.0,3.0,2.0,7.0,Regular,0,2026-03-30
C02482,Netherlands,49,Female,Free,2024-01-23,1209.0,4.0,295.68,1.0,3.0,3.0,7.0,At Risk,0,2026-03-30
C02483,United States,37,Female,Free,2025-08-06,651.0,5.0,170.81,2.0,3.0,2.0,7.0,Regular,0,2026-03-30
C02484,Italy,18,Male,Platinum,2022-02-14,,,,,,,,No orders in window,0,2026-03-30
C02485,Australia,18,Male,Silver,2023-08-06,269.0,6.0,776.35,4.0,3.0,5.0,12.0,Loyal Customers,0,2026-03-30
C02486,Australia,43,Female,Free,2025-09-19,577.0,3.0,630.47,3.0,3.0,5.0,11.0,Loyal Customers,0,2026-03-30
C02487,United States,50,Male,Gold,2025-04-28,2048.0,2.0,119.21,1.0,3.0,1.0,5.0,Regular,0,2026-03-30
C02488,France,43,Male,Silver,2025-03-01,81.0,1.0,84.63,5.0,3.0,1.0,9.0,Loyal Customers,0,2026-03-30
C02489,France,43,Male,Free,2023-10-09,54.0,3.0,156.13,5.0,3.0,2.0,10.0,Loyal Customers,0,2026-03-30
C02490,Japan,42,Female,Silver,2024-01-24,88.0,3.0,132.17000000000002,5.0,3.0,1.0,9.0,Loyal Customers,0,2026-03-30
C02491,United States,44,Female,Free,2024-09-29,9.0,6.0,941.39,5.0,3.0,5.0,13.0,Loyal Customers,0,2026-03-30
C02492,France,32,Female,Free,2022-10-08,780.0,4.0,425.66,2.0,3.0,4.0,9.0,At Risk,0,2026-03-30
C02493,Uae,41,Male,Gold,2023-01-01,834.0,2.0,130.47,2.0,3.0,1.0,6.0,Regular,0,2026-03-30
C02494,Netherlands,25,Female,Free,2025-02-27,751.0,3.0,312.81,2.0,3.0,3.0,8.0,At Risk,0,2026-03-30
C02495,United Kingdom,21,Female,Gold,2021-12-05,1233.0,2.0,1945.87,1.0,3.0,5.0,9.0,At Risk,0,2026-03-30
C02496,India,21,Male,Silver,2025-11-28,723.0,5.0,777.45,2.0,3.0,5.0,10.0,At Risk,0,2026-03-30
C02497,Mexico,31,Male,Free,2026-03-14,1565.0,2.0,349.33,1.0,3.0,3.0,7.0,At Risk,0,2026-03-30
C02498,India,18,Female,Free,2025-02-27,393.0,5.0,430.56,3.0,3.0,4.0,10.0,Loyal Customers,0,2026-03-30
C02499,India,35,Female,Silver,2024-02-02,571.0,6.0,670.75,3.0,3.0,5.0,11.0,Loyal Customers,0,2026-03-30
C02500,United States,21,Female,Gold,2026-03-22,4.0,5.0,486.83,5.0,3.0,4.0,12.0,Loyal Customers,0,2026-03-30
C02501,United States,24,Male,Free,2024-01-18,,,,,,,,No orders in window,0,2026-03-30
C02502,United States,46,Male,Free,2023-09-23,667.0,5.0,411.2,2.0,3.0,4.0,9.0,At Risk,0,2026-03-30
C02503,United Kingdom,31,Female,Silver,2025-12-29,257.0,4.0,1214.72,4.0,3.0,5.0,12.0,Loyal Customers,0,2026-03-30
C02504,United States,33,Female,Silver,2025-06-18,21.0,2.0,177.57999999999998,5.0,3.0,2.0,10.0,Loyal Customers,1,2026-03-30
C02505,India,25,Male,Free,2025-01-17,1151.0,2.0,504.58,1.0,3.0,4.0,8.0,At Risk,0,2026-03-30
C02506,France,50,Male,Free,2026-03-28,413.0,4.0,1277.34,3.0,3.0,5.0,11.0,Loyal Customers,0,2026-03-30
C02507,United States,33,Male,Free,2025-10-26,173.0,3.0,207.05,4.0,3.0,2.0,9.0,Loyal Customers,0,2026-03-30
C02508,United States,31,Female,Platinum,2025-01-23,1192.0,2.0,276.63,1.0,3.0,3.0,7.0,At Risk,0,2026-03-30
C02509,Italy,50,Male,Free,2025-06-24,66.0,5.0,464.59,5.0,3.0,4.0,12.0,Loyal Customers,0,2026-03-30
C02510,United States,43,Female,Gold,2024-09-30,327.0,6.0,960.13,4.0,3.0,5.0,12.0,Loyal Customers,0,2026-03-30
C02511,Turkey,28,Female,Gold,2023-01-15,370.0,3.0,681.85,3.0,3.0,5.0,11.0,Loyal Customers,0,2026-03-30
C02512,Canada,37,Female,Platinum,2025-11-13,499.0,2.0,571.51,3.0,3.0,4.0,10.0,Loyal Customers,0,2026-03-30
C02513,United States,36,Male,Free,2021-04-04,359.0,3.0,193.28,3.0,3.0,2.0,8.0,Loyal Customers,0,2026-03-30
C02514,United Kingdom,47,Male,Silver,2025-07-27,1366.0,1.0,84.4,1.0,3.0,1.0,5.0,Regular,0,2026-03-30
C02515,India,32,Female,Platinum,2024-10-05,1248.0,4.0,1059.96,1.0,3.0,5.0,9.0,At Risk,0,2026-03-30
C02516,Mexico,41,Male,Silver,2025-03-05,32.0,3.0,782.8499999999999,5.0,3.0,5.0,13.0,Loyal Customers,0,2026-03-30
C02517,Germany,39,Male,Platinum,2025-01-11,262.0,4.0,417.89,4.0,3.0,4.0,11.0,Loyal Customers,0,2026-03-30
C02518,Italy,27,Male,Gold,2024-09-04,1091.0,2.0,446.76,1.0,3.0,4.0,8.0,At Risk,0,2026-03-30
C02519,Poland,41,Male,Free,2022-10-25,1077.0,2.0,384.08,1.0,3.0,3.0,7.0,At Risk,1,2026-03-30
C02520,Netherlands,40,Male,Free,2024-01-07,926.0,3.0,221.4,2.0,3.0,2.0,7.0,Regular,1,2026-03-30
C02521,United States,22,Male,Gold,2025-02-15,,,,,,,,No orders in window,0,2026-03-30
C02522,Germany,40,Male,Silver,2024-02-23,934.0,2.0,98.17,2.0,3.0,1.0,6.0,Regular,0,2026-03-30
C02523,United States,44,Female,Silver,2026-03-05,26.0,4.0,298.04,5.0,3.0,3.0,11.0,Loyal Customers,0,2026-03-30
C02524,Canada,48,Male,Free,2019-05-31,391.0,5.0,650.84,3.0,3.0,5.0,11.0,Loyal Customers,0,2026-03-30
C02525,Australia,18,Male,Free,2021-02-26,221.0,3.0,428.23,4.0,3.0,4.0,11.0,Loyal Customers,0,2026-03-30
C02526,United States,45,Male,Gold,2025-02-17,422.0,7.0,507.77,3.0,3.0,4.0,10.0,Loyal Customers,0,2026-03-30
C02527,India,41,Female,Free,2026-01-26,1073.0,2.0,845.3699999999999,1.0,3.0,5.0,9.0,At Risk,0,2026-03-30
C02528,Canada,31,Male,Free,2025-03-05,1078.0,2.0,309.61,1.0,3.0,3.0,7.0,At Risk,0,2026-03-30
C02529,Mexico,50,Female,Free,2023-08-13,1555.0,2.0,512.0799999999999,1.0,3.0,4.0,8.0,At Risk,0,2026-03-30
C02530,United Kingdom,51,Male,Gold,2024-10-31,440.0,5.0,811.86,3.0,3.0,5.0,11.0,Loyal Customers,0,2026-03-30
C02531,Mexico,30,Male,Free,2025-01-14,979.0,5.0,263.48,2.0,3.0,3.0,8.0,At Risk,0,2026-03-30
C02532,Germany,38,Male,Free,2025-05-26,584.0,1.0,124.87,3.0,3.0,1.0,7.0,Loyal Customers,0,2026-03-30
C02533,Canada,37,Female,Platinum,2024-08-31,330.0,2.0,72.1,4.0,3.0,1.0,8.0,Loyal Customers,0,2026-03-30
C02534,Brazil,36,Other,Platinum,2025-10-22,,,,,,,,No orders in window,1,2026-03-30
C02535,Italy,23,Female,Free,2024-09-11,640.0,3.0,770.47,2.0,3.0,5.0,10.0,At Risk,0,2026-03-30
C02536,United Kingdom,27,Male,Free,2026-03-07,212.0,5.0,576.35,4.0,3.0,4.0,11.0,Loyal Customers,0,2026-03-30
C02537,United States,26,Male,Free,2022-10-16,2031.0,1.0,87.72,1.0,3.0,1.0,5.0,Regular,1,2026-03-30
C02538,United States,47,Male,Gold,2025-08-08,309.0,1.0,47.48,4.0,3.0,1.0,8.0,Loyal Customers,0,2026-03-30
C02539,United States,18,Male,Free,2025-08-12,129.0,2.0,87.80000000000001,5.0,3.0,1.0,9.0,Loyal Customers,0,2026-03-30
C02540,United Kingdom,39,Male,Silver,2025-03-17,3.0,4.0,211.94,5.0,3.0,2.0,10.0,Loyal Customers,0,2026-03-30
C02541,United States,43,Male,Free,2023-12-27,1009.0,2.0,358.28,2.0,3.0,3.0,8.0,At Risk,0,2026-03-30
C02542,Netherlands,39,Male,Platinum,2026-03-25,1044.0,1.0,16.76,2.0,3.0,1.0,6.0,Regular,0,2026-03-30
C02543,Brazil,21,Male,Free,2025-01-22,332.0,7.0,1191.21,4.0,3.0,5.0,12.0,Loyal Customers,0,2026-03-30
C02544,Mexico,55,Female,Gold,2025-07-06,592.0,4.0,153.49,3.0,3.0,2.0,8.0,Loyal Customers,0,2026-03-30
C02545,South Africa,51,Male,Free,2024-09-11,629.0,2.0,230.21,2.0,3.0,2.0,7.0,Regular,0,2026-03-30
C02546,India,34,Female,Free,2024-05-07,332.0,2.0,76.03,4.0,3.0,1.0,8.0,Loyal Customers,0,2026-03-30
C02547,United States,38,Male,Gold,2024-03-29,754.0,3.0,177.45,2.0,3.0,2.0,7.0,Regular,0,2026-03-30
C02548,United Kingdom,18,Male,Gold,2026-01-31,917.0,4.0,626.89,2.0,3.0,5.0,10.0,At Risk,0,2026-03-30
C02549,South Korea,37,Male,Free,2026-03-06,364.0,5.0,662.63,3.0,3.0,5.0,11.0,Loyal Customers,0,2026-03-30
C02550,United Kingdom,42,Female,Silver,2023-12-21,724.0,3.0,149.39,2.0,3.0,2.0,7.0,Regular,0,2026-03-30
C02551,Netherlands,25,Male,Silver,2025-03-10,886.0,1.0,21.4,2.0,3.0,1.0,6.0,Regular,0,2026-03-30
C02552,United States,28,Male,Platinum,2025-11-10,786.0,1.0,141.51,2.0,3.0,2.0,7.0,Regular,0,2026-03-30
C02553,United States,27,Male,Free,2021-06-03,818.0,3.0,236.92,2.0,3.0,2.0,7.0,Regular,0,2026-03-30
C02554,United States,18,Female,Platinum,2025-09-13,548.0,3.0,205.28,3.0,3.0,2.0,8.0,Loyal Customers,0,2026-03-30
C02555,United States,25,Female,Free,2025-02-09,365.0,3.0,897.38,3.0,3.0,5.0,11.0,Loyal Customers,0,2026-03-30
C02556,United States,26,Female,Free,2024-04-17,617.0,4.0,257.78,3.0,3.0,2.0,8.0,Loyal Customers,0,2026-03-30
C02557,France,50,Female,Platinum,2021-10-12,95.0,3.0,163.48000000000002,5.0,3.0,2.0,10.0,Loyal Customers,0,2026-03-30
C02558,Brazil,29,Male,Free,2026-03-13,564.0,5.0,592.0,3.0,3.0,4.0,10.0,Loyal Customers,0,2026-03-30
C02559,Canada,27,Male,Free,2024-09-16,268.0,5.0,891.6099999999999,4.0,3.0,5.0,12.0,Loyal Customers,0,2026-03-30
C02560,United Kingdom,35,Female,Free,2025-01-08,497.0,5.0,510.67,3.0,3.0,4.0,10.0,Loyal Customers,0,2026-03-30
C02561,United States,22,Female,Platinum,2025-08-15,866.0,2.0,43.54,2.0,3.0,1.0,6.0,Regular,0,2026-03-30
C02562,Mexico,41,Male,Free,2025-02-01,1572.0,1.0,85.63,1.0,3.0,1.0,5.0,Regular,0,2026-03-30
C02563,United States,18,Male,Gold,2024-02-20,671.0,3.0,305.48,2.0,3.0,3.0,8.0,At Risk,0,2026-03-30
C02564,Germany,29,Female,Platinum,2025-03-13,57.0,6.0,812.21,5.0,3.0,5.0,13.0,Loyal Customers,0,2026-03-30
C02565,United Kingdom,24,Female,Free,2024-05-16,457.0,1.0,321.38,3.0,3.0,3.0,9.0,Loyal Customers,0,2026-03-30
C02566,United States,25,Male,Gold,2025-03-25,8.0,7.0,609.74,5.0,3.0,4.0,12.0,Loyal Customers,0,2026-03-30
C02567,France,28,Female,Free,2025-10-03,1048.0,3.0,232.17,2.0,3.0,2.0,7.0,Regular,0,2026-03-30
C02568,United States,32,Male,Free,2024-10-09,253.0,8.0,740.21,4.0,3.0,5.0,12.0,Loyal Customers,0,2026-03-30
C02569,Germany,42,Other,Gold,2024-07-26,352.0,3.0,447.17,3.0,3.0,4.0,10.0,Loyal Customers,0,2026-03-30
C02570,India,32,Female,Silver,2022-08-19,2035.0,2.0,105.04,1.0,3.0,1.0,5.0,Regular,0,2026-03-30
C02571,Netherlands,30,Male,Gold,2025-05-30,241.0,5.0,575.99,4.0,3.0,4.0,11.0,Loyal Customers,0,2026-03-30
C02572,Canada,45,Female,Gold,2025-12-13,1266.0,3.0,232.3,1.0,3.0,2.0,6.0,Regular,0,2026-03-30
C02573,United States,31,Female,Free,2024-06-10,64.0,4.0,412.45,5.0,3.0,4.0,12.0,Loyal Customers,0,2026-03-30
C02574,United Kingdom,31,Female,Free,2023-03-15,645.0,5.0,486.46,2.0,3.0,4.0,9.0,At Risk,1,2026-03-30
C02575,Singapore,18,Female,Free,2025-12-26,558.0,6.0,884.33,3.0,3.0,5.0,11.0,Loyal Customers,0,2026-03-30
C02576,Germany,39,Male,Free,2025-06-19,374.0,2.0,42.6,3.0,3.0,1.0,7.0,Loyal Customers,0,2026-03-30
C02577,United States,27,Male,Free,2026-03-04,140.0,4.0,507.28,5.0,3.0,4.0,12.0,Loyal Customers,1,2026-03-30
C02578,Spain,23,Female,Free,2025-11-14,1532.0,2.0,63.16,1.0,3.0,1.0,5.0,Regular,0,2026-03-30
C02579,United States,37,Female,Silver,2025-08-24,989.0,9.0,907.57,2.0,3.0,5.0,10.0,At Risk,0,2026-03-30
C02580,United States,32,Female,Free,2025-02-19,1177.0,3.0,272.25,1.0,3.0,3.0,7.0,At Risk,0,2026-03-30
C02581,India,47,Female,Free,2025-04-30,143.0,7.0,1120.21,5.0,3.0,5.0,13.0,Loyal Customers,0,2026-03-30
C02582,South Korea,43,Female,Silver,2025-09-23,394.0,4.0,810.17,3.0,3.0,5.0,11.0,Loyal Customers,0,2026-03-30
C02583,United States,20,Female,Free,2023-05-24,137.0,1.0,78.73,5.0,3.0,1.0,9.0,Loyal Customers,0,2026-03-30
C02584,United States,42,Male,Free,2025-12-18,460.0,3.0,234.43,3.0,3.0,2.0,8.0,Loyal Customers,0,2026-03-30
C02585,United States,37,Female,Silver,2023-07-11,1301.0,3.0,319.16,1.0,3.0,3.0,7.0,At Risk,0,2026-03-30
C02586,Turkey,44,Female,Free,2025-08-13,71.0,6.0,1603.06,5.0,3.0,5.0,13.0,Loyal Customers,0,2026-03-30
C02587,Netherlands,18,Female,Silver,2026-03-10,139.0,2.0,92.53,5.0,3.0,1.0,9.0,Loyal Customers,0,2026-03-30
C02588,India,49,Female,Silver,2022-12-22,102.0,3.0,140.2,5.0,3.0,2.0,10.0,Loyal Customers,0,2026-03-30
C02589,United States,43,Female,Free,2026-03-21,1100.0,7.0,1324.07,1.0,3.0,5.0,9.0,At Risk,0,2026-03-30
C02590,United States,31,Male,Free,2022-12-22,427.0,4.0,172.09,3.0,3.0,2.0,8.0,Loyal Customers,0,2026-03-30
C02591,United States,31,Female,Gold,2026-04-01,608.0,3.0,449.49,3.0,3.0,4.0,10.0,Loyal Customers,0,2026-03-30
C02592,South Africa,35,Female,Free,2024-01-15,1697.0,2.0,162.51,1.0,3.0,2.0,6.0,Regular,0,2026-03-30
C02593,United States,42,Male,Free,2025-08-16,959.0,2.0,265.93,2.0,3.0,3.0,8.0,At Risk,0,2026-03-30
C02594,United States,36,Female,Gold,2026-02-10,111.0,2.0,142.17,5.0,3.0,2.0,10.0,Loyal Customers,0,2026-03-30
C02595,France,26,Male,Gold,2024-07-04,179.0,6.0,745.2,4.0,3.0,5.0,12.0,Loyal Customers,0,2026-03-30
C02596,Germany,28,Female,Gold,2023-11-08,355.0,2.0,365.65,3.0,3.0,3.0,9.0,Loyal Customers,0,2026-03-30
C02597,India,40,Female,Free,2025-06-18,1201.0,4.0,562.99,1.0,3.0,4.0,8.0,At Risk,0,2026-03-30
C02598,Singapore,38,Male,Free,2025-09-15,240.0,7.0,888.72,4.0,3.0,5.0,12.0,Loyal Customers,0,2026-03-30
C02599,United Kingdom,29,Female,Free,2024-09-04,220.0,6.0,793.87,4.0,3.0,5.0,12.0,Loyal Customers,0,2026-03-30
C02600,Japan,40,Male,Gold,2026-03-30,579.0,6.0,489.53,3.0,3.0,4.0,10.0,Loyal Customers,0,2026-03-30
C02601,India,35,Male,Gold,2024-07-06,841.0,2.0,140.29,2.0,3.0,2.0,7.0,Regular,0,2026-03-30
C02602,Sweden,18,Female,Silver,2024-08-02,441.0,4.0,424.64,3.0,3.0,4.0,10.0,Loyal Customers,1,2026-03-30
C02603,Australia,27,Male,Gold,2024-07-02,139.0,2.0,142.14,5.0,3.0,2.0,10.0,Loyal Customers,0,2026-03-30
C02604,United States,28,Female,Free,2025-12-12,19.0,2.0,264.12,5.0,3.0,3.0,11.0,Loyal Customers,0,2026-03-30
C02605,United States,28,Male,Free,2021-09-30,1476.0,1.0,421.99,1.0,3.0,4.0,8.0,At Risk,0,2026-03-30
C02606,India,28,Female,Platinum,2024-07-29,158.0,5.0,866.03,4.0,3.0,5.0,12.0,Loyal Customers,1,2026-03-30
C02607,United States,42,Male,Free,2025-05-29,,,,,,,,No orders in window,0,2026-03-30
C02608,Japan,44,Male,Free,2026-03-08,1587.0,2.0,212.79,1.0,3.0,2.0,6.0,Regular,1,2026-03-30
C02609,Japan,24,Female,Free,2026-03-14,1417.0,2.0,65.57,1.0,3.0,1.0,5.0,Regular,0,2026-03-30
C02610,India,23,Female,Free,2021-10-19,533.0,7.0,893.74,3.0,3.0,5.0,11.0,Loyal Customers,0,2026-03-30
C02611,Uae,41,Male,Free,2026-02-05,146.0,7.0,736.89,5.0,3.0,5.0,13.0,Loyal Customers,0,2026-03-30
C02612,United States,18,Male,Free,2025-03-13,385.0,2.0,508.86,3.0,3.0,4.0,10.0,Loyal Customers,1,2026-03-30
C02613,India,25,Female,Free,2025-09-16,61.0,6.0,444.68,5.0,3.0,4.0,12.0,Loyal Customers,0,2026-03-30
C02614,United Kingdom,31,Female,Platinum,2025-07-27,578.0,4.0,489.78,3.0,3.0,4.0,10.0,Loyal Customers,0,2026-03-30
C02615,Germany,29,Female,Free,2023-04-16,200.0,2.0,54.17,4.0,3.0,1.0,8.0,Loyal Customers,0,2026-03-30
C02616,United States,31,Male,Silver,2025-09-14,228.0,3.0,311.27,4.0,3.0,3.0,10.0,Loyal Customers,0,2026-03-30
C02617,Germany,52,Female,Silver,2024-04-15,285.0,1.0,161.02,4.0,3.0,2.0,9.0,Loyal Customers,1,2026-03-30
C02618,India,18,Male,Free,2026-02-13,296.0,3.0,134.71,4.0,3.0,1.0,8.0,Loyal Customers,0,2026-03-30
C02619,United Kingdom,22,Male,Free,2023-03-21,,,,,,,,No orders in window,0,2026-03-30
C02620,United States,30,Female,Silver,2024-03-03,274.0,5.0,580.8,4.0,3.0,4.0,11.0,Loyal Customers,0,2026-03-30
C02621,Singapore,25,Male,Free,2025-03-30,83.0,2.0,470.34,5.0,3.0,4.0,12.0,Loyal Customers,0,2026-03-30
C02622,Germany,39,Male,Platinum,2025-09-21,,,,,,,,No orders in window,0,2026-03-30
C02623,United Kingdom,35,Male,Gold,2025-03-30,618.0,1.0,188.87,3.0,3.0,2.0,8.0,Loyal Customers,0,2026-03-30
C02624,France,40,Female,Silver,2025-11-30,1151.0,2.0,138.11,1.0,3.0,1.0,5.0,Regular,0,2026-03-30
C02625,United Kingdom,43,Male,Free,2025-09-04,232.0,2.0,65.36,4.0,3.0,1.0,8.0,Loyal Customers,0,2026-03-30
C02626,South Korea,49,Female,Silver,2023-04-11,872.0,4.0,203.16,2.0,3.0,2.0,7.0,Regular,0,2026-03-30
C02627,France,25,Male,Silver,2025-09-05,62.0,6.0,838.96,5.0,3.0,5.0,13.0,Loyal Customers,0,2026-03-30
C02628,Netherlands,40,Male,Free,2026-01-09,1278.0,3.0,434.6,1.0,3.0,4.0,8.0,At Risk,0,2026-03-30
C02629,United States,44,Female,Gold,2024-05-12,123.0,2.0,190.18,5.0,3.0,2.0,10.0,Loyal Customers,1,2026-03-30
C02630,United States,42,Other,Free,2024-05-05,274.0,5.0,375.15,4.0,3.0,3.0,10.0,Loyal Customers,1,2026-03-30
C02631,Mexico,24,Female,Gold,2025-03-09,95.0,9.0,1037.08,5.0,3.0,5.0,13.0,Loyal Customers,0,2026-03-30
C02632,Germany,48,Male,Free,2021-06-13,,,,,,,,No orders in window,0,2026-03-30
C02633,Germany,35,Female,Silver,2025-11-14,42.0,2.0,89.32,5.0,3.0,1.0,9.0,Loyal Customers,0,2026-03-30
C02634,United Kingdom,28,Female,Free,2023-08-16,187.0,6.0,799.6700000000001,4.0,3.0,5.0,12.0,Loyal Customers,0,2026-03-30
C02635,United Kingdom,41,Female,Platinum,2023-05-12,719.0,3.0,662.52,2.0,3.0,5.0,10.0,At Risk,0,2026-03-30
C02636,Netherlands,35,Male,Gold,2025-03-27,1421.0,3.0,85.55,1.0,3.0,1.0,5.0,Regular,0,2026-03-30
C02637,Canada,30,Female,Platinum,2025-03-06,798.0,3.0,612.3199999999999,2.0,3.0,4.0,9.0,At Risk,0,2026-03-30
C02638,United States,32,Female,Platinum,2022-06-26,654.0,2.0,81.11,2.0,3.0,1.0,6.0,Regular,0,2026-03-30
C02639,United States,34,Male,Free,2018-06-06,265.0,6.0,532.77,4.0,3.0,4.0,11.0,Loyal Customers,0,2026-03-30
C02640,France,33,Male,Silver,2023-09-05,318.0,2.0,292.7,4.0,3.0,3.0,10.0,Loyal Customers,0,2026-03-30
C02641,United States,18,Male,Free,2022-06-26,18.0,4.0,279.08,5.0,3.0,3.0,11.0,Loyal Customers,0,2026-03-30
C02642,Germany,38,Female,Silver,2024-06-03,1132.0,2.0,543.97,1.0,3.0,4.0,8.0,At Risk,0,2026-03-30
C02643,Turkey,41,Male,Free,2024-09-11,66.0,3.0,269.98,5.0,3.0,3.0,11.0,Loyal Customers,0,2026-03-30
C02644,United States,27,Male,Free,2024-09-10,249.0,7.0,662.1899999999999,4.0,3.0,5.0,12.0,Loyal Customers,0,2026-03-30
C02645,United States,34,Female,Free,2026-03-05,,,,,,,,No orders in window,0,2026-03-30
C02646,France,47,Male,Free,2026-03-30,1814.0,1.0,66.35,1.0,3.0,1.0,5.0,Regular,0,2026-03-30
C02647,United Kingdom,38,Female,Free,2024-02-11,2.0,5.0,642.4000000000001,5.0,3.0,5.0,13.0,Loyal Customers,0,2026-03-30
C02648,South Korea,29,Male,Free,2026-01-17,,,,,,,,No orders in window,0,2026-03-30
C02649,Poland,29,Male,Free,2025-07-23,831.0,2.0,115.28,2.0,3.0,1.0,6.0,Regular,0,2026-03-30
C02650,United States,31,Male,Free,2025-04-05,1046.0,4.0,517.04,2.0,3.0,4.0,9.0,At Risk,0,2026-03-30
C02651,Australia,52,Male,Silver,2025-12-12,1126.0,1.0,152.15,1.0,3.0,2.0,6.0,Regular,0,2026-03-30
C02652,United States,31,Female,Free,2023-03-10,1415.0,2.0,186.46,1.0,3.0,2.0,6.0,Regular,0,2026-03-30
C02653,Italy,45,Female,Free,2025-01-11,729.0,6.0,468.04,2.0,3.0,4.0,9.0,At Risk,0,2026-03-30
C02654,Singapore,23,Male,Free,2024-04-18,1326.0,4.0,391.67,1.0,3.0,3.0,7.0,At Risk,0,2026-03-30
C02655,Poland,39,Female,Silver,2026-03-31,600.0,2.0,52.67,3.0,3.0,1.0,7.0,Loyal Customers,0,2026-03-30
C02656,United States,23,Female,Silver,2024-12-10,1103.0,2.0,206.14,1.0,3.0,2.0,6.0,Regular,0,2026-03-30
C02657,United States,26,Female,Gold,2022-07-04,1161.0,4.0,660.95,1.0,3.0,5.0,9.0,At Risk,0,2026-03-30
C02658,United States,31,Female,Free,2017-06-15,1392.0,1.0,160.74,1.0,3.0,2.0,6.0,Regular,0,2026-03-30
C02659,India,45,Male,Silver,2025-07-19,654.0,5.0,393.9,2.0,3.0,3.0,8.0,At Risk,0,2026-03-30
C02660,United States,38,Male,Free,2021-02-23,1217.0,2.0,96.61,1.0,3.0,1.0,5.0,Regular,0,2026-03-30
C02661,Brazil,46,Male,Gold,2024-08-04,299.0,2.0,103.24,4.0,3.0,1.0,8.0,Loyal Customers,0,2026-03-30
C02662,United States,23,Female,Gold,2025-12-21,1351.0,2.0,78.97,1.0,3.0,1.0,5.0,Regular,0,2026-03-30
C02663,Canada,35,Male,Free,2026-01-20,286.0,1.0,120.37,4.0,3.0,1.0,8.0,Loyal Customers,0,2026-03-30
C02664,Singapore,18,Male,Free,2024-05-30,857.0,3.0,161.39,2.0,3.0,2.0,7.0,Regular,0,2026-03-30
C02665,France,42,Female,Free,2024-04-28,775.0,1.0,110.56,2.0,3.0,1.0,6.0,Regular,0,2026-03-30
C02666,South Korea,25,Female,Free,2026-03-13,247.0,5.0,569.7,4.0,3.0,4.0,11.0,Loyal Customers,0,2026-03-30
C02667,Singapore,18,Female,Free,2025-10-27,149.0,2.0,143.74,5.0,3.0,2.0,10.0,Loyal Customers,0,2026-03-30
C02668,India,58,Male,Free,2026-01-15,85.0,3.0,1028.67,5.0,3.0,5.0,13.0,Loyal Customers,0,2026-03-30
C02669,Singapore,26,Female,Silver,2022-09-03,17.0,4.0,400.43,5.0,3.0,3.0,11.0,Loyal Customers,0,2026-03-30
C02670,Germany,25,Male,Free,2024-08-06,720.0,6.0,1009.04,2.0,3.0,5.0,10.0,At Risk,0,2026-03-30
C02671,United States,28,Male,Gold,2023-05-24,1158.0,2.0,101.35,1.0,3.0,1.0,5.0,Regular,0,2026-03-30
C02672,France,25,Female,Platinum,2025-05-11,745.0,2.0,774.1999999999999,2.0,3.0,5.0,10.0,At Risk,0,2026-03-30
C02673,Italy,18,Female,Free,2025-01-08,404.0,7.0,433.39,3.0,3.0,4.0,10.0,Loyal Customers,0,2026-03-30
C02674,Italy,32,Male,Silver,2024-12-17,49.0,6.0,698.79,5.0,3.0,5.0,13.0,Loyal Customers,0,2026-03-30
C02675,United Kingdom,37,Male,Silver,2024-12-14,517.0,4.0,313.23,3.0,3.0,3.0,9.0,Loyal Customers,0,2026-03-30
C02676,United Kingdom,38,Female,Silver,2018-12-04,1889.0,1.0,48.58,1.0,3.0,1.0,5.0,Regular,0,2026-03-30
C02677,Turkey,61,Female,Free,2024-05-18,575.0,4.0,194.73,3.0,3.0,2.0,8.0,Loyal Customers,0,2026-03-30
C02678,Brazil,19,Male,Gold,2024-07-02,104.0,4.0,442.84,5.0,3.0,4.0,12.0,Loyal Customers,0,2026-03-30
C02679,Netherlands,40,Male,Free,2025-09-12,95.0,8.0,779.49,5.0,3.0,5.0,13.0,Loyal Customers,0,2026-03-30
C02680,United States,49,Female,Free,2024-12-12,520.0,4.0,326.14,3.0,3.0,3.0,9.0,Loyal Customers,0,2026-03-30
C02681,India,18,Other,Free,2026-01-04,2272.0,1.0,235.2,1.0,3.0,2.0,6.0,Regular,1,2026-03-30
C02682,Australia,24,Male,Platinum,2025-05-30,727.0,4.0,1063.29,2.0,3.0,5.0,10.0,At Risk,0,2026-03-30
C02683,India,34,Female,Silver,2022-03-20,119.0,4.0,344.52,5.0,3.0,3.0,11.0,Loyal Customers,0,2026-03-30
C02684,United States,48,Female,Free,2025-09-27,515.0,4.0,418.8,3.0,3.0,4.0,10.0,Loyal Customers,0,2026-03-30
C02685,South Korea,29,Female,Free,2025-01-13,564.0,5.0,350.02,3.0,3.0,3.0,9.0,Loyal Customers,0,2026-03-30
C02686,Japan,32,Male,Silver,2025-09-18,91.0,3.0,743.44,5.0,3.0,5.0,13.0,Loyal Customers,0,2026-03-30
C02687,Canada,29,Male,Gold,2026-01-10,1376.0,4.0,157.7,1.0,3.0,2.0,6.0,Regular,0,2026-03-30
C02688,Germany,49,Female,Platinum,2024-04-01,1807.0,1.0,301.97,1.0,3.0,3.0,7.0,At Risk,0,2026-03-30
C02689,Brazil,40,Female,Free,2024-02-19,198.0,3.0,329.28000000000003,4.0,3.0,3.0,10.0,Loyal Customers,0,2026-03-30
C02690,Poland,44,Female,Gold,2025-06-23,700.0,2.0,72.02000000000001,2.0,3.0,1.0,6.0,Regular,0,2026-03-30
C02691,Singapore,30,Male,Gold,2023-04-21,569.0,3.0,579.76,3.0,3.0,4.0,10.0,Loyal Customers,0,2026-03-30
C02692,Japan,18,Male,Platinum,2025-06-15,22.0,4.0,556.1700000000001,5.0,3.0,4.0,12.0,Loyal Customers,0,2026-03-30
C02693,India,45,Female,Free,2025-12-05,81.0,1.0,90.55,5.0,3.0,1.0,9.0,Loyal Customers,0,2026-03-30
C02694,United States,32,Female,Free,2025-10-17,1047.0,2.0,490.89,2.0,3.0,4.0,9.0,At Risk,0,2026-03-30
C02695,South Africa,35,Female,Free,2025-09-03,385.0,3.0,182.22,3.0,3.0,2.0,8.0,Loyal Customers,0,2026-03-30
C02696,United States,42,Female,Platinum,2024-09-06,210.0,4.0,425.18,4.0,3.0,4.0,11.0,Loyal Customers,0,2026-03-30
C02697,United Kingdom,37,Female,Silver,2024-06-06,599.0,3.0,249.19,3.0,3.0,2.0,8.0,Loyal Customers,0,2026-03-30
C02698,South Korea,18,Female,Silver,2026-04-01,207.0,3.0,194.65,4.0,3.0,2.0,9.0,Loyal Customers,0,2026-03-30
C02699,India,18,Male,Gold,2025-10-13,415.0,4.0,1022.86,3.0,3.0,5.0,11.0,Loyal Customers,0,2026-03-30
C02700,United States,45,Male,Free,2025-09-10,42.0,3.0,272.53000000000003,5.0,3.0,3.0,11.0,Loyal Customers,1,2026-03-30
C02701,India,42,Female,Free,2025-05-19,131.0,4.0,378.98,5.0,3.0,3.0,11.0,Loyal Customers,0,2026-03-30
C02702,South Africa,28,Male,Gold,2024-01-31,1676.0,1.0,90.05,1.0,3.0,1.0,5.0,Regular,0,2026-03-30
C02703,Germany,25,Male,Gold,2024-09-30,32.0,3.0,463.99,5.0,3.0,4.0,12.0,Loyal Customers,0,2026-03-30
C02704,India,35,Other,Gold,2025-06-16,961.0,1.0,174.36,2.0,3.0,2.0,7.0,Regular,0,2026-03-30
C02705,United States,32,Female,Free,2026-01-17,1032.0,3.0,429.88,2.0,3.0,4.0,9.0,At Risk,0,2026-03-30
C02706,South Africa,61,Male,Free,2025-09-04,859.0,5.0,536.49,2.0,3.0,4.0,9.0,At Risk,0,2026-03-30
C02707,United States,35,Male,Free,2024-09-16,960.0,4.0,598.16,2.0,3.0,4.0,9.0,At Risk,0,2026-03-30
C02708,Italy,37,Male,Gold,2025-03-01,113.0,6.0,1234.7,5.0,3.0,5.0,13.0,Loyal Customers,0,2026-03-30
C02709,United States,24,Male,Free,2024-12-13,901.0,4.0,991.4199999999998,2.0,3.0,5.0,10.0,At Risk,1,2026-03-30
C02710,United Kingdom,41,Female,Platinum,2025-04-07,78.0,6.0,854.95,5.0,3.0,5.0,13.0,Loyal Customers,1,2026-03-30
C02711,India,20,Male,Gold,2026-03-07,1298.0,4.0,314.54,1.0,3.0,3.0,7.0,At Risk,0,2026-03-30
C02712,Japan,32,Male,Silver,2025-04-12,219.0,4.0,800.3199999999999,4.0,3.0,5.0,12.0,Loyal Customers,0,2026-03-30
C02713,Germany,32,Female,Silver,2026-01-20,5.0,6.0,380.41,5.0,3.0,3.0,11.0,Loyal Customers,0,2026-03-30
C02714,Germany,37,Female,Free,2025-01-05,788.0,2.0,196.48,2.0,3.0,2.0,7.0,Regular,0,2026-03-30
C02715,United States,23,Male,Silver,2026-01-08,217.0,5.0,382.6,4.0,3.0,3.0,10.0,Loyal Customers,0,2026-03-30
C02716,Australia,38,Female,Silver,2025-08-02,1713.0,1.0,35.51,1.0,3.0,1.0,5.0,Regular,0,2026-03-30
C02717,United States,45,Female,Free,2025-04-03,140.0,5.0,1042.27,5.0,3.0,5.0,13.0,Loyal Customers,0,2026-03-30
C02718,Germany,35,Female,Gold,2025-06-12,1761.0,3.0,555.36,1.0,3.0,4.0,8.0,At Risk,1,2026-03-30
C02719,Mexico,42,Female,Gold,2026-02-04,115.0,6.0,751.55,5.0,3.0,5.0,13.0,Loyal Customers,0,2026-03-30
C02720,Spain,59,Female,Silver,2025-12-25,244.0,4.0,300.25,4.0,3.0,3.0,10.0,Loyal Customers,0,2026-03-30
C02721,United Kingdom,53,Female,Silver,2026-01-10,1953.0,1.0,140.25,1.0,3.0,2.0,6.0,Regular,0,2026-03-30
C02722,Brazil,57,Female,Free,2025-09-25,1375.0,1.0,85.03,1.0,3.0,1.0,5.0,Regular,0,2026-03-30
C02723,India,48,Male,Free,2025-01-18,303.0,3.0,299.26,4.0,3.0,3.0,10.0,Loyal Customers,0,2026-03-30
C02724,Brazil,39,Male,Free,2026-01-01,120.0,5.0,230.41,5.0,3.0,2.0,10.0,Loyal Customers,0,2026-03-30
C02725,United States,35,Female,Free,2026-01-11,604.0,5.0,787.1700000000001,3.0,3.0,5.0,11.0,Loyal Customers,0,2026-03-30
C02726,Canada,38,Female,Silver,2025-08-03,,,,,,,,No orders in window,1,2026-03-30
C02727,Italy,31,Male,Free,2023-11-26,36.0,5.0,1097.65,5.0,3.0,5.0,13.0,Loyal Customers,0,2026-03-30
C02728,France,41,Male,Free,2025-03-02,1015.0,4.0,417.98,2.0,3.0,4.0,9.0,At Risk,0,2026-03-30
C02729,Australia,54,Male,Free,2024-01-12,738.0,5.0,398.13,2.0,3.0,3.0,8.0,At Risk,0,2026-03-30
C02730,South Korea,40,Other,Free,2024-12-11,235.0,4.0,337.62,4.0,3.0,3.0,10.0,Loyal Customers,0,2026-03-30
C02731,United States,45,Female,Silver,2024-04-15,1080.0,1.0,231.14,1.0,3.0,2.0,6.0,Regular,0,2026-03-30
C02732,Germany,30,Female,Free,2024-10-21,1443.0,2.0,69.69,1.0,3.0,1.0,5.0,Regular,0,2026-03-30
C02733,United States,49,Female,Gold,2026-02-17,825.0,3.0,364.26,2.0,3.0,3.0,8.0,At Risk,0,2026-03-30
C02734,United Kingdom,29,Female,Free,2026-03-16,37.0,4.0,285.63,5.0,3.0,3.0,11.0,Loyal Customers,0,2026-03-30
C02735,Canada,48,Female,Free,2025-09-15,162.0,7.0,443.21,4.0,3.0,4.0,11.0,Loyal Customers,0,2026-03-30
C02736,Poland,18,Male,Free,2024-12-17,990.0,3.0,496.33,2.0,3.0,4.0,9.0,At Risk,0,2026-03-30
C02737,United Kingdom,21,Other,Silver,2022-05-13,1180.0,1.0,82.4,1.0,3.0,1.0,5.0,Regular,0,2026-03-30
C02738,United Kingdom,38,Female,Free,2025-06-24,32.0,4.0,201.05,5.0,3.0,2.0,10.0,Loyal Customers,0,2026-03-30
C02739,United States,42,Male,Silver,2026-02-20,387.0,4.0,992.12,3.0,3.0,5.0,11.0,Loyal Customers,0,2026-03-30
C02740,United States,23,Female,Free,2024-12-04,1800.0,3.0,319.0,1.0,3.0,3.0,7.0,At Risk,0,2026-03-30
C02741,United States,40,Female,Free,2026-01-02,74.0,6.0,555.6800000000001,5.0,3.0,4.0,12.0,Loyal Customers,0,2026-03-30
C02742,United States,35,Female,Free,2026-01-10,2121.0,1.0,102.19,1.0,3.0,1.0,5.0,Regular,0,2026-03-30
C02743,United Kingdom,45,Male,Silver,2026-02-22,664.0,4.0,578.03,2.0,3.0,4.0,9.0,At Risk,0,2026-03-30
C02744,Spain,49,Male,Gold,2025-02-01,204.0,5.0,952.19,4.0,3.0,5.0,12.0,Loyal Customers,1,2026-03-30
C02745,United Kingdom,34,Male,Free,2025-04-05,770.0,4.0,214.97,2.0,3.0,2.0,7.0,Regular,0,2026-03-30
C02746,India,33,Female,Free,2024-10-26,825.0,2.0,50.89,2.0,3.0,1.0,6.0,Regular,1,2026-03-30
C02747,Brazil,45,Male,Free,2024-11-05,958.0,1.0,30.81,2.0,3.0,1.0,6.0,Regular,0,2026-03-30
C02748,Sweden,44,Female,Silver,2025-07-12,1232.0,3.0,253.78,1.0,3.0,2.0,6.0,Regular,0,2026-03-30
C02749,France,45,Female,Free,2026-01-02,426.0,4.0,1526.1,3.0,3.0,5.0,11.0,Loyal Customers,0,2026-03-30
C02750,India,30,Male,Free,2022-01-10,311.0,4.0,207.02,4.0,3.0,2.0,9.0,Loyal Customers,0,2026-03-30
C02751,Germany,23,Male,Free,2024-10-11,516.0,5.0,399.92,3.0,3.0,3.0,9.0,Loyal Customers,0,2026-03-30
C02752,Australia,45,Male,Free,2026-03-17,635.0,6.0,766.52,2.0,3.0,5.0,10.0,At Risk,0,2026-03-30
C02753,United States,33,Female,Free,2021-12-20,168.0,7.0,730.38,4.0,3.0,5.0,12.0,Loyal Customers,0,2026-03-30
C02754,United States,52,Female,Silver,2025-11-26,788.0,3.0,154.89,2.0,3.0,2.0,7.0,Regular,0,2026-03-30
C02755,United Kingdom,35,Female,Silver,2023-04-13,626.0,5.0,634.91,2.0,3.0,5.0,10.0,At Risk,0,2026-03-30
C02756,United States,24,Male,Free,2024-07-18,163.0,1.0,80.28,4.0,3.0,1.0,8.0,Loyal Customers,0,2026-03-30
C02757,United States,28,Female,Free,2024-10-10,775.0,1.0,273.49,2.0,3.0,3.0,8.0,At Risk,0,2026-03-30
C02758,India,40,Male,Free,2024-02-05,1867.0,1.0,74.54,1.0,3.0,1.0,5.0,Regular,0,2026-03-30
C02759,United Kingdom,43,Male,Free,2025-06-09,,,,,,,,No orders in window,0,2026-03-30
C02760,United States,39,Male,Silver,2025-09-09,199.0,4.0,676.99,4.0,3.0,5.0,12.0,Loyal Customers,0,2026-03-30
C02761,Canada,56,Other,Silver,2021-03-24,291.0,3.0,401.33,4.0,3.0,3.0,10.0,Loyal Customers,0,2026-03-30
C02762,Netherlands,28,Male,Silver,2025-12-12,190.0,2.0,191.64,4.0,3.0,2.0,9.0,Loyal Customers,0,2026-03-30
C02763,United States,36,Male,Free,2025-10-20,862.0,2.0,191.8,2.0,3.0,2.0,7.0,Regular,0,2026-03-30
C02764,Singapore,34,Female,Silver,2024-03-31,754.0,8.0,915.61,2.0,3.0,5.0,10.0,At Risk,0,2026-03-30
C02765,Netherlands,53,Female,Silver,2026-03-16,472.0,2.0,214.56,3.0,3.0,2.0,8.0,Loyal Customers,1,2026-03-30
C02766,United States,25,Male,Silver,2022-08-21,194.0,3.0,1244.0,4.0,3.0,5.0,12.0,Loyal Customers,0,2026-03-30
C02767,Italy,25,Male,Silver,2025-02-25,1045.0,3.0,878.16,2.0,3.0,5.0,10.0,At Risk,0,2026-03-30
C02768,United States,19,Male,Free,2025-07-15,1940.0,1.0,207.84,1.0,3.0,2.0,6.0,Regular,0,2026-03-30
C02769,United States,18,Female,Free,2020-05-20,,,,,,,,No orders in window,0,2026-03-30
C02770,United States,45,Female,Silver,2023-10-21,1467.0,2.0,175.45,1.0,3.0,2.0,6.0,Regular,0,2026-03-30
C02771,United Kingdom,18,Female,Free,2025-04-22,269.0,8.0,1112.16,4.0,3.0,5.0,12.0,Loyal Customers,0,2026-03-30
C02772,Canada,46,Female,Silver,2025-04-25,113.0,3.0,530.86,5.0,3.0,4.0,12.0,Loyal Customers,0,2026-03-30
C02773,France,34,Male,Free,2026-01-24,454.0,1.0,20.16,3.0,3.0,1.0,7.0,Loyal Customers,0,2026-03-30
C02774,Japan,26,Male,Platinum,2025-10-26,776.0,2.0,134.5,2.0,3.0,1.0,6.0,Regular,0,2026-03-30
C02775,United States,36,Male,Free,2024-02-08,199.0,3.0,912.76,4.0,3.0,5.0,12.0,Loyal Customers,1,2026-03-30
C02776,Germany,43,Male,Silver,2026-02-07,624.0,1.0,13.91,3.0,3.0,1.0,7.0,Loyal Customers,0,2026-03-30
C02777,Australia,45,Female,Free,2026-02-23,185.0,2.0,258.37,4.0,3.0,2.0,9.0,Loyal Customers,0,2026-03-30
C02778,Brazil,33,Female,Free,2023-01-05,180.0,5.0,717.6,4.0,3.0,5.0,12.0,Loyal Customers,0,2026-03-30
C02779,United States,30,Male,Free,2025-06-26,115.0,6.0,1121.1,5.0,3.0,5.0,13.0,Loyal Customers,0,2026-03-30
C02780,Canada,30,Female,Free,2023-06-06,327.0,3.0,679.53,4.0,3.0,5.0,12.0,Loyal Customers,0,2026-03-30
C02781,Canada,34,Male,Free,2025-01-11,698.0,3.0,408.49,2.0,3.0,4.0,9.0,At Risk,0,2026-03-30
C02782,United States,45,Female,Gold,2025-12-06,54.0,4.0,996.71,5.0,3.0,5.0,13.0,Loyal Customers,0,2026-03-30
C02783,United Kingdom,31,Female,Silver,2024-09-29,53.0,4.0,315.17,5.0,3.0,3.0,11.0,Loyal Customers,0,2026-03-30
C02784,Italy,40,Male,Free,2025-08-10,936.0,5.0,1425.66,2.0,3.0,5.0,10.0,At Risk,0,2026-03-30
C02785,United States,34,Male,Free,2026-03-24,560.0,2.0,142.47,3.0,3.0,2.0,8.0,Loyal Customers,0,2026-03-30
C02786,Canada,35,Female,Platinum,2026-02-19,1452.0,2.0,436.5,1.0,3.0,4.0,8.0,At Risk,0,2026-03-30
C02787,United Kingdom,18,Female,Free,2025-03-04,323.0,5.0,610.68,4.0,3.0,4.0,11.0,Loyal Customers,0,2026-03-30
C02788,India,32,Female,Free,2023-02-12,771.0,3.0,520.0,2.0,3.0,4.0,9.0,At Risk,0,2026-03-30
C02789,Germany,18,Male,Gold,2022-12-29,621.0,3.0,261.08,3.0,3.0,3.0,9.0,Loyal Customers,0,2026-03-30
C02790,Japan,37,Female,Gold,2025-09-04,1126.0,1.0,210.63,1.0,3.0,2.0,6.0,Regular,0,2026-03-30
C02791,United States,47,Male,Silver,2026-03-15,794.0,6.0,1084.17,2.0,3.0,5.0,10.0,At Risk,0,2026-03-30
C02792,Australia,42,Male,Silver,2025-02-07,345.0,1.0,66.5,4.0,3.0,1.0,8.0,Loyal Customers,0,2026-03-30
C02793,France,39,Female,Platinum,2026-03-09,334.0,6.0,2154.87,4.0,3.0,5.0,12.0,Loyal Customers,0,2026-03-30
C02794,Australia,18,Male,Free,2023-10-02,123.0,3.0,267.11,5.0,3.0,3.0,11.0,Loyal Customers,0,2026-03-30
C02795,Germany,46,Female,Silver,2024-10-27,593.0,4.0,276.05999999999995,3.0,3.0,3.0,9.0,Loyal Customers,0,2026-03-30
C02796,United States,34,Male,Free,2023-06-24,659.0,1.0,76.93,2.0,3.0,1.0,6.0,Regular,0,2026-03-30
C02797,Mexico,33,Male,Free,2021-07-16,557.0,4.0,526.53,3.0,3.0,4.0,10.0,Loyal Customers,0,2026-03-30
C02798,United States,23,Other,Free,2023-05-22,125.0,5.0,578.87,5.0,3.0,4.0,12.0,Loyal Customers,0,2026-03-30
C02799,United States,47,Male,Free,2023-07-08,405.0,3.0,157.3,3.0,3.0,2.0,8.0,Loyal Customers,0,2026-03-30
C02800,Spain,59,Female,Silver,2026-01-02,384.0,1.0,188.76,3.0,3.0,2.0,8.0,Loyal Customers,0,2026-03-30
C02801,Turkey,21,Male,Gold,2026-03-26,966.0,4.0,368.25,2.0,3.0,3.0,8.0,At Risk,0,2026-03-30
C02802,Singapore,37,Male,Free,2025-05-06,1632.0,3.0,392.96,1.0,3.0,3.0,7.0,At Risk,0,2026-03-30
C02803,United Kingdom,32,Female,Silver,2025-06-07,1786.0,1.0,61.14,1.0,3.0,1.0,5.0,Regular,0,2026-03-30
C02804,United Kingdom,46,Female,Silver,2023-03-11,358.0,4.0,1715.01,3.0,3.0,5.0,11.0,Loyal Customers,1,2026-03-30
C02805,United States,69,Male,Gold,2026-03-02,25.0,4.0,917.71,5.0,3.0,5.0,13.0,Loyal Customers,0,2026-03-30
C02806,United States,38,Male,Free,2025-11-29,572.0,6.0,435.33,3.0,3.0,4.0,10.0,Loyal Customers,0,2026-03-30
C02807,United States,28,Male,Platinum,2025-08-02,212.0,5.0,331.19,4.0,3.0,3.0,10.0,Loyal Customers,0,2026-03-30
C02808,Canada,46,Male,Gold,2023-05-20,934.0,3.0,173.58999999999995,2.0,3.0,2.0,7.0,Regular,0,2026-03-30
C02809,Poland,39,Female,Gold,2022-12-14,100.0,3.0,320.25,5.0,3.0,3.0,11.0,Loyal Customers,0,2026-03-30
C02810,France,36,Female,Gold,2023-07-09,268.0,4.0,444.06,4.0,3.0,4.0,11.0,Loyal Customers,1,2026-03-30
C02811,Germany,38,Male,Platinum,2024-04-24,15.0,3.0,214.29,5.0,3.0,2.0,10.0,Loyal Customers,0,2026-03-30
C02812,South Africa,28,Female,Silver,2025-11-03,828.0,2.0,452.13,2.0,3.0,4.0,9.0,At Risk,0,2026-03-30
C02813,Germany,45,Female,Free,2025-03-25,226.0,3.0,547.11,4.0,3.0,4.0,11.0,Loyal Customers,0,2026-03-30
C02814,Germany,23,Female,Free,2024-08-24,56.0,2.0,584.28,5.0,3.0,4.0,12.0,Loyal Customers,0,2026-03-30
C02815,Brazil,38,Female,Gold,2025-07-16,1134.0,2.0,522.57,1.0,3.0,4.0,8.0,At Risk,0,2026-03-30
C02816,Mexico,43,Male,Silver,2026-03-08,1328.0,3.0,448.92,1.0,3.0,4.0,8.0,At Risk,0,2026-03-30
C02817,United States,54,Female,Platinum,2021-10-18,530.0,4.0,634.52,3.0,3.0,5.0,11.0,Loyal Customers,0,2026-03-30
C02818,Brazil,21,Male,Free,2023-10-20,539.0,3.0,472.22,3.0,3.0,4.0,10.0,Loyal Customers,0,2026-03-30
C02819,Brazil,45,Male,Gold,2024-08-20,,,,,,,,No orders in window,0,2026-03-30
C02820,France,37,Female,Free,2025-08-16,6.0,4.0,1000.04,5.0,3.0,5.0,13.0,Loyal Customers,0,2026-03-30
C02821,United States,47,Male,Free,2022-04-26,2.0,1.0,35.92,5.0,3.0,1.0,9.0,Loyal Customers,0,2026-03-30
C02822,Japan,32,Male,Silver,2021-04-10,400.0,4.0,787.37,3.0,3.0,5.0,11.0,Loyal Customers,0,2026-03-30
C02823,United Kingdom,42,Other,Gold,2023-09-22,277.0,3.0,1239.59,4.0,3.0,5.0,12.0,Loyal Customers,0,2026-03-30
C02824,Mexico,22,Male,Silver,2014-03-26,1522.0,2.0,216.67,1.0,3.0,2.0,6.0,Regular,0,2026-03-30
C02825,United States,42,Female,Silver,2025-11-23,78.0,3.0,664.6600000000001,5.0,3.0,5.0,13.0,Loyal Customers,0,2026-03-30
C02826,India,27,Female,Silver,2021-09-06,,,,,,,,No orders in window,1,2026-03-30
C02827,France,57,Male,Silver,2026-03-29,37.0,5.0,356.02,5.0,3.0,3.0,11.0,Loyal Customers,0,2026-03-30
C02828,United Kingdom,20,Female,Free,2023-10-11,1160.0,1.0,271.1,1.0,3.0,3.0,7.0,At Risk,0,2026-03-30
C02829,Singapore,42,Female,Free,2026-01-14,826.0,5.0,432.97,2.0,3.0,4.0,9.0,At Risk,0,2026-03-30
C02830,United States,47,Male,Silver,2025-12-15,507.0,3.0,349.9,3.0,3.0,3.0,9.0,Loyal Customers,0,2026-03-30
C02831,United States,38,Female,Free,2025-02-20,616.0,3.0,188.17,3.0,3.0,2.0,8.0,Loyal Customers,0,2026-03-30
C02832,United States,29,Female,Free,2025-05-03,297.0,2.0,149.48000000000002,4.0,3.0,2.0,9.0,Loyal Customers,0,2026-03-30
C02833,Brazil,18,Female,Silver,2024-04-12,,,,,,,,No orders in window,0,2026-03-30
C02834,France,63,Male,Silver,2026-03-05,2024.0,1.0,207.14,1.0,3.0,2.0,6.0,Regular,0,2026-03-30
C02835,United States,27,Male,Silver,2024-10-01,,,,,,,,No orders in window,0,2026-03-30
C02836,Canada,18,Female,Free,2025-05-30,581.0,4.0,376.61,3.0,3.0,3.0,9.0,Loyal Customers,0,2026-03-30
C02837,United States,31,Female,Free,2026-01-01,2163.0,1.0,187.17,1.0,3.0,2.0,6.0,Regular,0,2026-03-30
C02838,United States,37,Male,Gold,2025-01-28,597.0,1.0,48.33,3.0,3.0,1.0,7.0,Loyal Customers,0,2026-03-30
C02839,Mexico,37,Female,Gold,2024-07-05,878.0,3.0,74.3,2.0,3.0,1.0,6.0,Regular,0,2026-03-30
C02840,United Kingdom,37,Male,Silver,2024-02-02,86.0,3.0,231.41,5.0,3.0,2.0,10.0,Loyal Customers,0,2026-03-30
C02841,United States,49,Male,Free,2026-01-31,301.0,4.0,862.27,4.0,3.0,5.0,12.0,Loyal Customers,0,2026-03-30
C02842,South Korea,55,Male,Free,2025-06-27,941.0,4.0,238.8,2.0,3.0,2.0,7.0,Regular,0,2026-03-30
C02843,Sweden,37,Male,Free,2025-04-19,719.0,4.0,641.07,2.0,3.0,5.0,10.0,At Risk,0,2026-03-30
C02844,Germany,60,Male,Free,2024-01-05,466.0,4.0,378.99,3.0,3.0,3.0,9.0,Loyal Customers,0,2026-03-30
C02845,United States,38,Male,Silver,2024-03-13,192.0,5.0,398.28,4.0,3.0,3.0,10.0,Loyal Customers,0,2026-03-30
C02846,Canada,54,Female,Platinum,2026-02-21,766.0,3.0,496.94000000000005,2.0,3.0,4.0,9.0,At Risk,0,2026-03-30
C02847,India,46,Other,Silver,2025-03-04,85.0,7.0,1127.44,5.0,3.0,5.0,13.0,Loyal Customers,0,2026-03-30
C02848,Germany,53,Female,Silver,2024-09-21,566.0,2.0,76.03999999999999,3.0,3.0,1.0,7.0,Loyal Customers,0,2026-03-30
C02849,United States,44,Female,Free,2025-12-01,1541.0,4.0,2047.18,1.0,3.0,5.0,9.0,At Risk,0,2026-03-30
C02850,United States,41,Male,Free,2022-11-05,15.0,3.0,191.51,5.0,3.0,2.0,10.0,Loyal Customers,0,2026-03-30
C02851,Italy,44,Female,Silver,2025-11-02,1644.0,2.0,58.77,1.0,3.0,1.0,5.0,Regular,0,2026-03-30
C02852,United States,35,Female,Free,2025-05-23,1475.0,4.0,568.19,1.0,3.0,4.0,8.0,At Risk,0,2026-03-30
C02853,Germany,20,Female,Free,2024-09-29,1055.0,2.0,367.78,2.0,3.0,3.0,8.0,At Risk,0,2026-03-30
C02854,Germany,36,Male,Free,2023-06-16,2100.0,2.0,50.43000000000001,1.0,3.0,1.0,5.0,Regular,0,2026-03-30
C02855,India,18,Female,Platinum,2025-12-09,315.0,4.0,146.97,4.0,3.0,2.0,9.0,Loyal Customers,0,2026-03-30
C02856,United States,40,Male,Gold,2026-01-28,2.0,4.0,549.89,5.0,3.0,4.0,12.0,Loyal Customers,0,2026-03-30
C02857,Germany,38,Female,Platinum,2024-07-27,752.0,3.0,216.01,2.0,3.0,2.0,7.0,Regular,0,2026-03-30
C02858,United States,37,Female,Free,2016-09-19,19.0,6.0,519.73,5.0,3.0,4.0,12.0,Loyal Customers,0,2026-03-30
C02859,United Kingdom,18,Male,Free,2025-10-31,236.0,3.0,190.7,4.0,3.0,2.0,9.0,Loyal Customers,0,2026-03-30
C02860,United States,47,Female,Free,2024-09-10,374.0,7.0,616.9399999999999,3.0,3.0,4.0,10.0,Loyal Customers,0,2026-03-30
C02861,United States,52,Female,Free,2024-10-31,628.0,2.0,68.53999999999999,2.0,3.0,1.0,6.0,Regular,0,2026-03-30
C02862,United Kingdom,24,Female,Silver,2023-04-09,1648.0,1.0,128.21,1.0,3.0,1.0,5.0,Regular,0,2026-03-30
C02863,United States,19,Male,Free,2026-03-01,935.0,2.0,413.58,2.0,3.0,4.0,9.0,At Risk,0,2026-03-30
C02864,United States,45,Female,Platinum,2019-05-08,2002.0,1.0,111.35,1.0,3.0,1.0,5.0,Regular,0,2026-03-30
C02865,Mexico,40,Female,Platinum,2026-02-26,704.0,3.0,359.07,2.0,3.0,3.0,8.0,At Risk,0,2026-03-30
C02866,Australia,34,Male,Free,2025-07-31,127.0,8.0,559.15,5.0,3.0,4.0,12.0,Loyal Customers,1,2026-03-30
C02867,South Korea,22,Female,Free,2022-07-20,85.0,1.0,89.38,5.0,3.0,1.0,9.0,Loyal Customers,0,2026-03-30
C02868,Spain,31,Male,Free,2026-02-10,1503.0,3.0,586.45,1.0,3.0,4.0,8.0,At Risk,0,2026-03-30
C02869,Italy,57,Male,Free,2025-02-22,1607.0,2.0,295.29,1.0,3.0,3.0,7.0,At Risk,0,2026-03-30
C02870,Netherlands,34,Male,Free,2025-03-03,465.0,3.0,156.77,3.0,3.0,2.0,8.0,Loyal Customers,0,2026-03-30
C02871,United States,48,Female,Free,2025-08-23,601.0,4.0,410.58,3.0,3.0,4.0,10.0,Loyal Customers,0,2026-03-30
C02872,Germany,34,Male,Platinum,2025-04-08,449.0,4.0,543.8199999999999,3.0,3.0,4.0,10.0,Loyal Customers,0,2026-03-30
C02873,Spain,24,Male,Free,2023-03-23,1352.0,3.0,137.43,1.0,3.0,1.0,5.0,Regular,0,2026-03-30
C02874,United States,49,Male,Free,2024-12-08,1102.0,3.0,134.45999999999998,1.0,3.0,1.0,5.0,Regular,0,2026-03-30
C02875,Germany,65,Male,Free,2024-10-05,17.0,4.0,902.14,5.0,3.0,5.0,13.0,Loyal Customers,0,2026-03-30
C02876,Japan,38,Male,Free,2025-01-04,152.0,4.0,877.78,5.0,3.0,5.0,13.0,Loyal Customers,0,2026-03-30
C02877,India,39,Female,Gold,2024-10-05,160.0,2.0,35.400000000000006,4.0,3.0,1.0,8.0,Loyal Customers,0,2026-03-30
C02878,Spain,27,Female,Silver,2026-01-09,1055.0,3.0,170.91000000000005,2.0,3.0,2.0,7.0,Regular,0,2026-03-30
C02879,India,39,Female,Free,2024-11-19,550.0,6.0,1179.61,3.0,3.0,5.0,11.0,Loyal Customers,0,2026-03-30
C02880,United States,18,Female,Gold,2025-05-06,275.0,5.0,834.21,4.0,3.0,5.0,12.0,Loyal Customers,0,2026-03-30
C02881,United States,18,Female,Free,2026-01-26,1321.0,5.0,579.47,1.0,3.0,4.0,8.0,At Risk,0,2026-03-30
C02882,Japan,41,Male,Free,2023-09-15,182.0,4.0,598.73,4.0,3.0,4.0,11.0,Loyal Customers,1,2026-03-30
C02883,France,44,Male,Free,2025-12-06,165.0,2.0,305.25,4.0,3.0,3.0,10.0,Loyal Customers,0,2026-03-30
C02884,Turkey,23,Female,Platinum,2025-05-03,528.0,4.0,401.23,3.0,3.0,3.0,9.0,Loyal Customers,0,2026-03-30
C02885,United States,28,Male,Platinum,2026-02-12,603.0,3.0,287.46000000000004,3.0,3.0,3.0,9.0,Loyal Customers,0,2026-03-30
C02886,France,27,Female,Free,2024-12-04,274.0,9.0,1386.01,4.0,3.0,5.0,12.0,Loyal Customers,0,2026-03-30
C02887,Spain,27,Other,Silver,2025-03-30,355.0,3.0,473.18000000000006,3.0,3.0,4.0,10.0,Loyal Customers,0,2026-03-30
C02888,Singapore,49,Male,Free,2025-03-19,415.0,4.0,582.97,3.0,3.0,4.0,10.0,Loyal Customers,0,2026-03-30
C02889,Netherlands,26,Male,Free,2023-04-28,852.0,4.0,566.47,2.0,3.0,4.0,9.0,At Risk,0,2026-03-30
C02890,Spain,30,Female,Free,2021-01-12,434.0,4.0,792.31,3.0,3.0,5.0,11.0,Loyal Customers,0,2026-03-30
C02891,Brazil,18,Male,Free,2026-01-14,4.0,7.0,1673.73,5.0,3.0,5.0,13.0,Loyal Customers,0,2026-03-30
C02892,United Kingdom,56,Female,Free,2023-01-13,450.0,2.0,50.19,3.0,3.0,1.0,7.0,Loyal Customers,0,2026-03-30
C02893,Canada,43,Female,Platinum,2023-08-30,464.0,7.0,712.24,3.0,3.0,5.0,11.0,Loyal Customers,0,2026-03-30
C02894,United States,52,Female,Free,2025-12-01,16.0,5.0,482.21,5.0,3.0,4.0,12.0,Loyal Customers,0,2026-03-30
C02895,United States,37,Male,Silver,2026-03-01,527.0,4.0,165.53,3.0,3.0,2.0,8.0,Loyal Customers,0,2026-03-30
C02896,Australia,18,Male,Platinum,2025-11-12,133.0,3.0,231.04,5.0,3.0,2.0,10.0,Loyal Customers,0,2026-03-30
C02897,India,38,Female,Free,2023-09-07,1311.0,1.0,27.66,1.0,3.0,1.0,5.0,Regular,1,2026-03-30
C02898,United States,47,Female,Free,2024-09-17,1083.0,2.0,481.7,1.0,3.0,4.0,8.0,At Risk,0,2026-03-30
C02899,United Kingdom,40,Female,Platinum,2026-03-12,934.0,2.0,259.74,2.0,3.0,3.0,8.0,At Risk,0,2026-03-30
C02900,United States,59,Female,Free,2025-06-14,224.0,5.0,314.95,4.0,3.0,3.0,10.0,Loyal Customers,0,2026-03-30
C02901,United States,44,Male,Free,2025-05-05,257.0,3.0,150.79000000000002,4.0,3.0,2.0,9.0,Loyal Customers,0,2026-03-30
C02902,United States,36,Male,Gold,2025-12-13,130.0,5.0,329.02,5.0,3.0,3.0,11.0,Loyal Customers,0,2026-03-30
C02903,Canada,32,Male,Free,2025-06-24,646.0,2.0,707.71,2.0,3.0,5.0,10.0,At Risk,0,2026-03-30
C02904,Canada,43,Female,Free,2023-10-21,259.0,3.0,435.7,4.0,3.0,4.0,11.0,Loyal Customers,0,2026-03-30
C02905,Singapore,37,Female,Free,2024-05-12,496.0,4.0,1272.2,3.0,3.0,5.0,11.0,Loyal Customers,0,2026-03-30
C02906,Germany,38,Male,Free,2023-02-18,409.0,3.0,347.91,3.0,3.0,3.0,9.0,Loyal Customers,0,2026-03-30
C02907,United Kingdom,24,Female,Platinum,2026-02-08,943.0,5.0,476.31,2.0,3.0,4.0,9.0,At Risk,0,2026-03-30
C02908,Australia,18,Female,Gold,2024-10-14,100.0,8.0,781.84,5.0,3.0,5.0,13.0,Loyal Customers,0,2026-03-30
C02909,United States,30,Female,Gold,2025-10-02,404.0,3.0,605.67,3.0,3.0,4.0,10.0,Loyal Customers,0,2026-03-30
C02910,United Kingdom,44,Female,Free,2024-02-24,813.0,1.0,77.74,2.0,3.0,1.0,6.0,Regular,0,2026-03-30
C02911,United States,36,Male,Free,2025-01-07,477.0,3.0,115.87,3.0,3.0,1.0,7.0,Loyal Customers,0,2026-03-30
C02912,United Kingdom,31,Female,Free,2024-12-14,209.0,6.0,428.07,4.0,3.0,4.0,11.0,Loyal Customers,0,2026-03-30
C02913,United States,29,Female,Free,2025-04-08,245.0,2.0,198.85,4.0,3.0,2.0,9.0,Loyal Customers,0,2026-03-30
C02914,Mexico,35,Male,Silver,2026-01-09,831.0,4.0,287.56,2.0,3.0,3.0,8.0,At Risk,0,2026-03-30
C02915,United Kingdom,59,Female,Free,2023-08-17,491.0,3.0,345.9,3.0,3.0,3.0,9.0,Loyal Customers,1,2026-03-30
C02916,India,36,Male,Gold,2024-10-26,856.0,2.0,149.96,2.0,3.0,2.0,7.0,Regular,0,2026-03-30
C02917,United States,23,Male,Free,2019-12-06,1607.0,3.0,253.28,1.0,3.0,2.0,6.0,Regular,0,2026-03-30
C02918,United States,29,Male,Free,2026-03-21,288.0,4.0,382.14,4.0,3.0,3.0,10.0,Loyal Customers,0,2026-03-30
C02919,India,41,Male,Free,2025-08-26,444.0,3.0,341.75,3.0,3.0,3.0,9.0,Loyal Customers,0,2026-03-30
C02920,United Kingdom,47,Female,Silver,2024-03-06,93.0,4.0,400.48,5.0,3.0,3.0,11.0,Loyal Customers,0,2026-03-30
C02921,United States,43,Female,Silver,2025-12-05,210.0,3.0,691.0999999999999,4.0,3.0,5.0,12.0,Loyal Customers,1,2026-03-30
C02922,United States,38,Male,Gold,2021-10-14,1309.0,2.0,48.89,1.0,3.0,1.0,5.0,Regular,0,2026-03-30
C02923,Brazil,26,Female,Silver,2025-09-29,34.0,6.0,480.64,5.0,3.0,4.0,12.0,Loyal Customers,0,2026-03-30
C02924,Japan,21,Female,Silver,2023-08-02,624.0,5.0,341.35,3.0,3.0,3.0,9.0,Loyal Customers,0,2026-03-30
C02925,India,44,Male,Platinum,2026-02-27,474.0,4.0,171.32,3.0,3.0,2.0,8.0,Loyal Customers,0,2026-03-30
C02926,United States,51,Male,Silver,2023-11-17,1070.0,3.0,333.37,1.0,3.0,3.0,7.0,At Risk,0,2026-03-30
C02927,Italy,65,Other,Free,2024-01-08,760.0,5.0,392.78,2.0,3.0,3.0,8.0,At Risk,0,2026-03-30
C02928,Poland,36,Female,Silver,2025-01-04,23.0,4.0,574.36,5.0,3.0,4.0,12.0,Loyal Customers,0,2026-03-30
C02929,Sweden,59,Male,Gold,2025-12-23,421.0,4.0,273.24,3.0,3.0,3.0,9.0,Loyal Customers,0,2026-03-30
C02930,Singapore,30,Female,Gold,2025-11-16,164.0,4.0,237.98,4.0,3.0,2.0,9.0,Loyal Customers,0,2026-03-30
C02931,Australia,55,Female,Free,2022-10-17,1893.0,2.0,126.4,1.0,3.0,1.0,5.0,Regular,0,2026-03-30
C02932,United Kingdom,44,Female,Free,2025-06-25,1949.0,3.0,434.76,1.0,3.0,4.0,8.0,At Risk,0,2026-03-30
C02933,United Kingdom,18,Female,Gold,2022-08-23,290.0,6.0,1312.72,4.0,3.0,5.0,12.0,Loyal Customers,0,2026-03-30
C02934,United Kingdom,37,Male,Free,2020-06-08,50.0,4.0,781.11,5.0,3.0,5.0,13.0,Loyal Customers,0,2026-03-30
C02935,India,33,Female,Silver,2026-02-26,32.0,4.0,289.96,5.0,3.0,3.0,11.0,Loyal Customers,0,2026-03-30
C02936,Canada,28,Female,Gold,2025-06-25,106.0,10.0,748.29,5.0,3.0,5.0,13.0,Loyal Customers,0,2026-03-30
C02937,United States,50,Male,Gold,2025-12-23,221.0,3.0,422.05,4.0,3.0,4.0,11.0,Loyal Customers,0,2026-03-30
C02938,United States,24,Male,Free,2025-03-28,274.0,2.0,88.16999999999999,4.0,3.0,1.0,8.0,Loyal Customers,0,2026-03-30
C02939,Sweden,47,Male,Gold,2024-01-04,234.0,3.0,219.53,4.0,3.0,2.0,9.0,Loyal Customers,0,2026-03-30
C02940,United States,18,Female,Free,2024-02-03,236.0,4.0,273.54,4.0,3.0,3.0,10.0,Loyal Customers,0,2026-03-30
C02941,France,43,Female,Free,2024-03-12,22.0,3.0,994.56,5.0,3.0,5.0,13.0,Loyal Customers,0,2026-03-30
C02942,United States,25,Female,Silver,2026-02-05,507.0,4.0,419.04,3.0,3.0,4.0,10.0,Loyal Customers,0,2026-03-30
C02943,India,24,Female,Free,2025-09-30,761.0,2.0,348.88,2.0,3.0,3.0,8.0,At Risk,1,2026-03-30
C02944,United Kingdom,42,Female,Silver,2025-06-10,942.0,3.0,227.01,2.0,3.0,2.0,7.0,Regular,0,2026-03-30
C02945,Australia,32,Female,Silver,2026-03-23,94.0,3.0,602.9300000000001,5.0,3.0,4.0,12.0,Loyal Customers,0,2026-03-30
C02946,France,45,Male,Platinum,2026-03-22,463.0,2.0,263.51,3.0,3.0,3.0,9.0,Loyal Customers,0,2026-03-30
C02947,Canada,55,Male,Free,2024-08-01,329.0,3.0,440.49,4.0,3.0,4.0,11.0,Loyal Customers,0,2026-03-30
C02948,United States,31,Male,Silver,2024-08-10,103.0,5.0,749.7,5.0,3.0,5.0,13.0,Loyal Customers,0,2026-03-30
C02949,United States,36,Female,Free,2025-05-14,580.0,3.0,316.58,3.0,3.0,3.0,9.0,Loyal Customers,0,2026-03-30
C02950,United States,36,Female,Silver,2019-11-25,444.0,2.0,406.33,3.0,3.0,4.0,10.0,Loyal Customers,0,2026-03-30
C02951,Netherlands,18,Female,Free,2026-01-15,241.0,4.0,195.06,4.0,3.0,2.0,9.0,Loyal Customers,0,2026-03-30
C02952,France,37,Female,Silver,2024-02-05,34.0,4.0,367.32,5.0,3.0,3.0,11.0,Loyal Customers,0,2026-03-30
C02953,United States,34,Female,Silver,2020-11-11,836.0,4.0,544.9399999999999,2.0,3.0,4.0,9.0,At Risk,0,2026-03-30
C02954,Australia,40,Male,Free,2023-10-24,983.0,4.0,724.93,2.0,3.0,5.0,10.0,At Risk,0,2026-03-30
C02955,Mexico,35,Female,Free,2026-02-01,945.0,2.0,100.99,2.0,3.0,1.0,6.0,Regular,0,2026-03-30
C02956,India,37,Female,Free,2025-09-23,607.0,6.0,577.5,3.0,3.0,4.0,10.0,Loyal Customers,0,2026-03-30
C02957,France,18,Female,Free,2025-02-05,1199.0,1.0,204.67,1.0,3.0,2.0,6.0,Regular,0,2026-03-30
C02958,United States,35,Male,Silver,2026-03-24,416.0,4.0,373.48,3.0,3.0,3.0,9.0,Loyal Customers,0,2026-03-30
C02959,Uae,30,Male,Free,2022-07-09,409.0,2.0,121.36,3.0,3.0,1.0,7.0,Loyal Customers,0,2026-03-30
C02960,France,53,Male,Free,2025-11-18,833.0,3.0,551.26,2.0,3.0,4.0,9.0,At Risk,0,2026-03-30
C02961,United States,33,Female,Free,2025-07-17,655.0,2.0,209.5,2.0,3.0,2.0,7.0,Regular,1,2026-03-30
C02962,Brazil,40,Female,Free,2020-10-28,543.0,3.0,448.02,3.0,3.0,4.0,10.0,Loyal Customers,0,2026-03-30
C02963,Brazil,44,Male,Silver,2024-12-07,127.0,3.0,457.15,5.0,3.0,4.0,12.0,Loyal Customers,0,2026-03-30
C02964,United Kingdom,26,Female,Platinum,2026-01-04,45.0,3.0,506.48,5.0,3.0,4.0,12.0,Loyal Customers,0,2026-03-30
C02965,United Kingdom,32,Female,Silver,2025-11-25,253.0,2.0,273.04,4.0,3.0,3.0,10.0,Loyal Customers,0,2026-03-30
C02966,United States,49,Female,Free,2024-04-02,,,,,,,,No orders in window,0,2026-03-30
C02967,United States,48,Male,Free,2023-05-24,,,,,,,,No orders in window,0,2026-03-30
C02968,United States,42,Female,Gold,2024-10-11,477.0,5.0,465.34,3.0,3.0,4.0,10.0,Loyal Customers,0,2026-03-30
C02969,Germany,47,Male,Silver,2025-09-16,275.0,3.0,355.39,4.0,3.0,3.0,10.0,Loyal Customers,0,2026-03-30
C02970,France,56,Male,Silver,2025-07-22,794.0,3.0,298.13,2.0,3.0,3.0,8.0,At Risk,0,2026-03-30
C02971,United States,18,Male,Silver,2023-09-21,90.0,4.0,724.03,5.0,3.0,5.0,13.0,Loyal Customers,0,2026-03-30
C02972,Uae,18,Male,Free,2025-11-27,120.0,2.0,311.97,5.0,3.0,3.0,11.0,Loyal Customers,0,2026-03-30
C02973,United States,38,Female,Platinum,2024-03-05,35.0,5.0,663.64,5.0,3.0,5.0,13.0,Loyal Customers,0,2026-03-30
C02974,Germany,24,Female,Free,2025-12-21,359.0,4.0,175.06,3.0,3.0,2.0,8.0,Loyal Customers,0,2026-03-30
C02975,Germany,26,Female,Platinum,2024-06-30,1535.0,1.0,17.85,1.0,3.0,1.0,5.0,Regular,0,2026-03-30
C02976,United States,28,Female,Silver,2026-03-23,245.0,3.0,1314.27,4.0,3.0,5.0,12.0,Loyal Customers,0,2026-03-30
C02977,Mexico,20,Female,Free,2025-04-27,669.0,2.0,75.72999999999999,2.0,3.0,1.0,6.0,Regular,0,2026-03-30
C02978,United States,45,Male,Gold,2026-02-11,32.0,1.0,92.49,5.0,3.0,1.0,9.0,Loyal Customers,0,2026-03-30
C02979,United Kingdom,28,Female,Free,2023-02-14,2029.0,1.0,33.01,1.0,3.0,1.0,5.0,Regular,0,2026-03-30
C02980,United States,37,Other,Free,2023-08-15,1294.0,2.0,97.74,1.0,3.0,1.0,5.0,Regular,0,2026-03-30
C02981,India,50,Male,Silver,2025-09-15,1908.0,1.0,110.94,1.0,3.0,1.0,5.0,Regular,0,2026-03-30
C02982,Poland,60,Male,Gold,2025-04-04,43.0,6.0,641.79,5.0,3.0,5.0,13.0,Loyal Customers,1,2026-03-30
C02983,Canada,30,Female,Free,2026-03-24,29.0,2.0,121.15,5.0,3.0,1.0,9.0,Loyal Customers,0,2026-03-30
C02984,Spain,43,Female,Free,2024-01-07,233.0,6.0,485.63,4.0,3.0,4.0,11.0,Loyal Customers,0,2026-03-30
C02985,South Korea,42,Male,Free,2025-05-05,12.0,5.0,560.76,5.0,3.0,4.0,12.0,Loyal Customers,0,2026-03-30
C02986,United Kingdom,34,Female,Free,2025-05-17,413.0,3.0,306.7,3.0,3.0,3.0,9.0,Loyal Customers,0,2026-03-30
C02987,United States,35,Female,Free,2023-10-26,157.0,3.0,502.50000000000006,4.0,3.0,4.0,11.0,Loyal Customers,0,2026-03-30
C02988,United States,42,Other,Platinum,2023-11-10,107.0,4.0,297.19,5.0,3.0,3.0,11.0,Loyal Customers,0,2026-03-30
C02989,United States,24,Female,Silver,2022-03-24,1173.0,2.0,177.14,1.0,3.0,2.0,6.0,Regular,0,2026-03-30
C02990,United States,48,Female,Gold,2025-04-07,525.0,2.0,177.86,3.0,3.0,2.0,8.0,Loyal Customers,0,2026-03-30
C02991,Brazil,47,Male,Silver,2023-11-23,281.0,4.0,815.6500000000001,4.0,3.0,5.0,12.0,Loyal Customers,0,2026-03-30
C02992,United States,48,Female,Free,2025-07-25,92.0,4.0,237.86,5.0,3.0,2.0,10.0,Loyal Customers,0,2026-03-30
C02993,India,46,Female,Gold,2024-06-26,619.0,3.0,279.64,3.0,3.0,3.0,9.0,Loyal Customers,0,2026-03-30
C02994,Japan,20,Female,Silver,2023-02-16,1373.0,4.0,779.5999999999999,1.0,3.0,5.0,9.0,At Risk,0,2026-03-30
C02995,United States,29,Male,Free,2025-08-26,280.0,4.0,174.52,4.0,3.0,2.0,9.0,Loyal Customers,0,2026-03-30
C02996,Canada,40,Male,Free,2024-11-28,638.0,4.0,614.4,2.0,3.0,4.0,9.0,At Risk,0,2026-03-30
C02997,Italy,42,Other,Free,2025-07-06,513.0,4.0,1283.85,3.0,3.0,5.0,11.0,Loyal Customers,0,2026-03-30
C02998,Australia,41,Male,Silver,2025-09-22,242.0,6.0,865.04,4.0,3.0,5.0,12.0,Loyal Customers,0,2026-03-30
C02999,Japan,22,Male,Free,2025-05-29,340.0,3.0,454.08,4.0,3.0,4.0,11.0,Loyal Customers,0,2026-03-30
C03000,Germany,37,Male,Free,2025-08-11,1342.0,2.0,291.94,1.0,3.0,3.0,7.0,At Risk,0,2026-03-30
C03001,United States,29,Female,Free,2025-02-17,476.0,5.0,573.58,3.0,3.0,4.0,10.0,Loyal Customers,0,2026-03-30
C03002,Singapore,35,Male,Free,2024-01-29,175.0,5.0,627.49,4.0,3.0,5.0,12.0,Loyal Customers,0,2026-03-30
C03003,Japan,27,Male,Free,2024-08-15,355.0,5.0,528.21,3.0,3.0,4.0,10.0,Loyal Customers,0,2026-03-30
C03004,Japan,33,Female,Free,2025-01-30,16.0,8.0,767.0899999999999,5.0,3.0,5.0,13.0,Loyal Customers,0,2026-03-30
C03005,Mexico,36,Female,Free,2024-09-08,1224.0,2.0,128.79000000000002,1.0,3.0,1.0,5.0,Regular,0,2026-03-30
C03006,Australia,28,Female,Gold,2025-03-16,726.0,4.0,431.44,2.0,3.0,4.0,9.0,At Risk,0,2026-03-30
C03007,Poland,31,Male,Free,2022-07-31,172.0,12.0,1060.92,4.0,3.0,5.0,12.0,Loyal Customers,0,2026-03-30
C03008,United Kingdom,32,Male,Silver,2025-02-26,991.0,4.0,189.19,2.0,3.0,2.0,7.0,Regular,1,2026-03-30
C03009,Brazil,36,Male,Silver,2024-11-30,59.0,4.0,191.63,5.0,3.0,2.0,10.0,Loyal Customers,0,2026-03-30
C03010,Canada,32,Female,Free,2025-12-14,483.0,1.0,95.25,3.0,3.0,1.0,7.0,Loyal Customers,0,2026-03-30
C03011,United Kingdom,32,Female,Free,2023-03-20,474.0,3.0,206.62,3.0,3.0,2.0,8.0,Loyal Customers,0,2026-03-30
C03012,United Kingdom,33,Male,Silver,2025-07-05,871.0,3.0,431.22,2.0,3.0,4.0,9.0,At Risk,0,2026-03-30
C03013,India,51,Male,Free,2024-12-04,552.0,3.0,676.09,3.0,3.0,5.0,11.0,Loyal Customers,0,2026-03-30
C03014,United Kingdom,40,Other,Free,2025-04-04,172.0,5.0,600.39,4.0,3.0,4.0,11.0,Loyal Customers,0,2026-03-30
C03015,Australia,40,Female,Silver,2022-07-17,139.0,2.0,308.72,5.0,3.0,3.0,11.0,Loyal Customers,0,2026-03-30
C03016,Sweden,18,Female,Free,2025-12-04,304.0,2.0,116.06,4.0,3.0,1.0,8.0,Loyal Customers,0,2026-03-30
C03017,United States,25,Female,Gold,2024-08-03,,,,,,,,No orders in window,0,2026-03-30
C03018,United Kingdom,18,Female,Platinum,2024-12-12,206.0,2.0,220.5,4.0,3.0,2.0,9.0,Loyal Customers,0,2026-03-30
C03019,United States,52,Female,Free,2024-08-23,1933.0,1.0,36.35,1.0,3.0,1.0,5.0,Regular,1,2026-03-30
C03020,Italy,50,Female,Free,2025-02-19,24.0,4.0,496.67,5.0,3.0,4.0,12.0,Loyal Customers,0,2026-03-30
C03021,United Kingdom,40,Female,Silver,2024-05-22,1198.0,5.0,323.29,1.0,3.0,3.0,7.0,At Risk,0,2026-03-30
C03022,Poland,30,Female,Free,2023-08-18,198.0,2.0,268.14,4.0,3.0,3.0,10.0,Loyal Customers,0,2026-03-30
C03023,Germany,19,Male,Free,2022-03-31,284.0,3.0,248.34,4.0,3.0,2.0,9.0,Loyal Customers,0,2026-03-30
C03024,Mexico,42,Female,Free,2025-10-30,2128.0,2.0,395.62,1.0,3.0,3.0,7.0,At Risk,0,2026-03-30
C03025,Germany,59,Male,Free,2026-03-03,105.0,5.0,643.6600000000001,5.0,3.0,5.0,13.0,Loyal Customers,0,2026-03-30
C03026,United States,23,Female,Free,2024-12-24,651.0,3.0,223.88,2.0,3.0,2.0,7.0,Regular,0,2026-03-30
C03027,United States,39,Female,Gold,2025-03-21,468.0,3.0,178.29,3.0,3.0,2.0,8.0,Loyal Customers,0,2026-03-30
C03028,United States,38,Male,Free,2024-06-04,1326.0,3.0,176.42000000000002,1.0,3.0,2.0,6.0,Regular,0,2026-03-30
C03029,Mexico,39,Female,Free,2023-05-16,113.0,4.0,206.86,5.0,3.0,2.0,10.0,Loyal Customers,0,2026-03-30
C03030,Australia,31,Male,Free,2024-10-23,681.0,2.0,176.14,2.0,3.0,2.0,7.0,Regular,0,2026-03-30
C03031,United States,44,Female,Silver,2025-05-10,243.0,4.0,360.13,4.0,3.0,3.0,10.0,Loyal Customers,0,2026-03-30
C03032,United States,32,Female,Free,2025-10-26,501.0,4.0,694.93,3.0,3.0,5.0,11.0,Loyal Customers,0,2026-03-30
C03033,United States,31,Male,Silver,2019-12-04,255.0,4.0,417.24,4.0,3.0,4.0,11.0,Loyal Customers,0,2026-03-30
C03034,France,18,Male,Free,2025-05-03,37.0,5.0,417.85,5.0,3.0,4.0,12.0,Loyal Customers,0,2026-03-30
C03035,United States,36,Female,Platinum,2026-03-31,432.0,3.0,652.39,3.0,3.0,5.0,11.0,Loyal Customers,0,2026-03-30
C03036,France,27,Male,Silver,2025-10-03,1782.0,1.0,56.81,1.0,3.0,1.0,5.0,Regular,0,2026-03-30
C03037,France,36,Male,Free,2025-09-19,501.0,7.0,1296.3,3.0,3.0,5.0,11.0,Loyal Customers,0,2026-03-30
C03038,Mexico,24,Male,Free,2023-04-14,1673.0,4.0,373.96,1.0,3.0,3.0,7.0,At Risk,0,2026-03-30
C03039,United Kingdom,34,Male,Free,2026-02-21,400.0,2.0,324.67,3.0,3.0,3.0,9.0,Loyal Customers,0,2026-03-30
C03040,United States,18,Female,Silver,2025-09-19,94.0,3.0,173.29,5.0,3.0,2.0,10.0,Loyal Customers,0,2026-03-30
C03041,United Kingdom,34,Male,Free,2025-11-15,428.0,6.0,794.5999999999999,3.0,3.0,5.0,11.0,Loyal Customers,0,2026-03-30
C03042,United States,38,Female,Platinum,2025-10-13,6.0,5.0,458.1700000000001,5.0,3.0,4.0,12.0,Loyal Customers,0,2026-03-30
C03043,United States,49,Male,Silver,2024-02-27,517.0,5.0,679.6099999999999,3.0,3.0,5.0,11.0,Loyal Customers,1,2026-03-30
C03044,Japan,53,Female,Silver,2022-12-22,645.0,8.0,887.62,2.0,3.0,5.0,10.0,At Risk,0,2026-03-30
C03045,Japan,26,Male,Free,2025-07-11,937.0,4.0,297.22,2.0,3.0,3.0,8.0,At Risk,0,2026-03-30
C03046,Germany,31,Male,Silver,2025-01-29,1086.0,2.0,131.96,1.0,3.0,1.0,5.0,Regular,1,2026-03-30
C03047,India,44,Male,Silver,2026-02-02,250.0,4.0,867.6500000000001,4.0,3.0,5.0,12.0,Loyal Customers,0,2026-03-30
C03048,Sweden,29,Female,Silver,2025-06-06,756.0,2.0,182.29,2.0,3.0,2.0,7.0,Regular,0,2026-03-30
C03049,United Kingdom,18,Male,Platinum,2025-04-28,1067.0,4.0,274.33000000000004,1.0,3.0,3.0,7.0,At Risk,0,2026-03-30
C03050,Germany,37,Female,Free,2025-06-24,460.0,7.0,685.47,3.0,3.0,5.0,11.0,Loyal Customers,0,2026-03-30
C03051,United States,44,Male,Free,2026-01-08,489.0,3.0,389.14,3.0,3.0,3.0,9.0,Loyal Customers,0,2026-03-30
C03052,United Kingdom,39,Male,Free,2025-12-30,,,,,,,,No orders in window,0,2026-03-30
C03053,United Kingdom,29,Male,Silver,2024-05-03,350.0,2.0,66.75999999999999,3.0,3.0,1.0,7.0,Loyal Customers,0,2026-03-30
C03054,United States,30,Male,Gold,2024-07-18,684.0,4.0,279.68,2.0,3.0,3.0,8.0,At Risk,0,2026-03-30
C03055,United States,45,Female,Free,2025-12-12,128.0,5.0,555.54,5.0,3.0,4.0,12.0,Loyal Customers,1,2026-03-30
C03056,United States,34,Female,Free,2023-11-02,28.0,5.0,464.37,5.0,3.0,4.0,12.0,Loyal Customers,0,2026-03-30
C03057,Germany,44,Female,Free,2025-02-06,361.0,2.0,164.76,3.0,3.0,2.0,8.0,Loyal Customers,0,2026-03-30
C03058,Germany,19,Female,Free,2024-11-29,1388.0,1.0,25.98,1.0,3.0,1.0,5.0,Regular,0,2026-03-30
C03059,United States,51,Female,Free,2025-03-01,767.0,4.0,512.53,2.0,3.0,4.0,9.0,At Risk,0,2026-03-30
C03060,United States,18,Male,Gold,2025-08-16,20.0,2.0,272.64,5.0,3.0,3.0,11.0,Loyal Customers,1,2026-03-30
C03061,India,32,Male,Platinum,2025-04-14,159.0,3.0,587.98,4.0,3.0,4.0,11.0,Loyal Customers,0,2026-03-30
C03062,Italy,39,Male,Free,2024-09-23,1010.0,1.0,94.86,2.0,3.0,1.0,6.0,Regular,0,2026-03-30
C03063,United Kingdom,25,Male,Free,2024-08-17,116.0,2.0,89.78,5.0,3.0,1.0,9.0,Loyal Customers,0,2026-03-30
C03064,Canada,47,Female,Free,2023-08-08,87.0,2.0,178.01999999999998,5.0,3.0,2.0,10.0,Loyal Customers,0,2026-03-30
C03065,United States,33,Female,Free,2023-10-13,274.0,3.0,474.08,4.0,3.0,4.0,11.0,Loyal Customers,0,2026-03-30
C03066,Germany,18,Male,Platinum,2025-09-21,728.0,4.0,435.26,2.0,3.0,4.0,9.0,At Risk,0,2026-03-30
C03067,United States,37,Male,Gold,2025-02-12,366.0,3.0,203.79,3.0,3.0,2.0,8.0,Loyal Customers,0,2026-03-30
C03068,Germany,21,Male,Gold,2025-01-20,248.0,4.0,542.0,4.0,3.0,4.0,11.0,Loyal Customers,0,2026-03-30
C03069,South Africa,40,Female,Silver,2024-09-12,,,,,,,,No orders in window,0,2026-03-30
C03070,Netherlands,37,Female,Free,2025-11-25,7.0,3.0,386.63,5.0,3.0,3.0,11.0,Loyal Customers,0,2026-03-30
C03071,United Kingdom,43,Female,Free,2024-05-28,388.0,3.0,321.33,3.0,3.0,3.0,9.0,Loyal Customers,0,2026-03-30
C03072,Germany,49,Female,Silver,2024-08-17,129.0,3.0,350.06,5.0,3.0,3.0,11.0,Loyal Customers,0,2026-03-30
C03073,United States,20,Female,Free,2024-04-19,235.0,5.0,261.91,4.0,3.0,3.0,10.0,Loyal Customers,0,2026-03-30
C03074,Germany,30,Male,Free,2025-09-27,803.0,4.0,365.55,2.0,3.0,3.0,8.0,At Risk,0,2026-03-30
C03075,United States,36,Male,Free,2020-11-05,446.0,5.0,512.51,3.0,3.0,4.0,10.0,Loyal Customers,0,2026-03-30
C03076,France,37,Female,Free,2025-03-26,269.0,2.0,116.45,4.0,3.0,1.0,8.0,Loyal Customers,0,2026-03-30
C03077,United Kingdom,56,Female,Free,2025-03-09,311.0,4.0,346.29,4.0,3.0,3.0,10.0,Loyal Customers,0,2026-03-30
C03078,Germany,52,Female,Free,2026-03-28,868.0,1.0,209.72,2.0,3.0,2.0,7.0,Regular,1,2026-03-30
C03079,United States,32,Female,Silver,2024-10-30,1259.0,2.0,102.27,1.0,3.0,1.0,5.0,Regular,0,2026-03-30
C03080,Netherlands,33,Male,Free,2023-08-18,440.0,5.0,1248.6,3.0,3.0,5.0,11.0,Loyal Customers,0,2026-03-30
C03081,India,30,Female,Free,2025-12-29,750.0,2.0,92.2,2.0,3.0,1.0,6.0,Regular,0,2026-03-30
C03082,Canada,18,Male,Silver,2025-11-01,140.0,2.0,195.41000000000005,5.0,3.0,2.0,10.0,Loyal Customers,0,2026-03-30
C03083,United States,38,Male,Free,2023-03-18,284.0,7.0,592.62,4.0,3.0,4.0,11.0,Loyal Customers,0,2026-03-30
C03084,United States,42,Female,Silver,2025-07-25,87.0,3.0,181.81,5.0,3.0,2.0,10.0,Loyal Customers,0,2026-03-30
C03085,United Kingdom,43,Male,Free,2025-09-21,183.0,5.0,716.64,4.0,3.0,5.0,12.0,Loyal Customers,0,2026-03-30
C03086,France,24,Female,Platinum,2026-01-21,441.0,4.0,160.0,3.0,3.0,2.0,8.0,Loyal Customers,0,2026-03-30
C03087,Germany,31,Male,Free,2026-01-06,84.0,3.0,147.07,5.0,3.0,2.0,10.0,Loyal Customers,0,2026-03-30
C03088,United States,21,Male,Silver,2022-10-12,746.0,1.0,42.81,2.0,3.0,1.0,6.0,Regular,1,2026-03-30
C03089,United States,24,Female,Free,2025-05-02,121.0,4.0,617.93,5.0,3.0,4.0,12.0,Loyal Customers,0,2026-03-30
C03090,Germany,30,Female,Free,2024-10-28,563.0,5.0,309.83,3.0,3.0,3.0,9.0,Loyal Customers,0,2026-03-30
C03091,Canada,34,Female,Free,2025-10-04,1521.0,1.0,9.35,1.0,3.0,1.0,5.0,Regular,0,2026-03-30
C03092,Mexico,30,Female,Gold,2023-12-14,39.0,4.0,436.75,5.0,3.0,4.0,12.0,Loyal Customers,1,2026-03-30
C03093,United States,36,Male,Platinum,2026-03-13,1533.0,1.0,35.89,1.0,3.0,1.0,5.0,Regular,0,2026-03-30
C03094,United Kingdom,37,Female,Free,2023-02-18,371.0,3.0,320.85,3.0,3.0,3.0,9.0,Loyal Customers,1,2026-03-30
C03095,Uae,18,Female,Free,2025-09-06,1327.0,3.0,641.13,1.0,3.0,5.0,9.0,At Risk,0,2026-03-30
C03096,Germany,21,Male,Silver,2026-02-18,817.0,2.0,86.8,2.0,3.0,1.0,6.0,Regular,0,2026-03-30
C03097,Brazil,34,Male,Free,2022-03-21,351.0,4.0,310.25,3.0,3.0,3.0,9.0,Loyal Customers,0,2026-03-30
C03098,Germany,37,Male,Free,2024-07-28,195.0,4.0,863.64,4.0,3.0,5.0,12.0,Loyal Customers,0,2026-03-30
C03099,United States,18,Male,Gold,2025-02-14,106.0,3.0,310.81000000000006,5.0,3.0,3.0,11.0,Loyal Customers,0,2026-03-30
C03100,Netherlands,42,Male,Free,2025-04-14,725.0,3.0,258.18,2.0,3.0,2.0,7.0,Regular,0,2026-03-30
C03101,United States,18,Female,Free,2025-12-29,1415.0,2.0,392.54,1.0,3.0,3.0,7.0,At Risk,0,2026-03-30
C03102,United States,40,Male,Gold,2021-02-17,856.0,2.0,42.82,2.0,3.0,1.0,6.0,Regular,1,2026-03-30
C03103,United States,28,Female,Gold,2025-03-07,389.0,8.0,1150.6,3.0,3.0,5.0,11.0,Loyal Customers,0,2026-03-30
C03104,Canada,49,Male,Free,2024-05-04,78.0,3.0,363.82,5.0,3.0,3.0,11.0,Loyal Customers,1,2026-03-30
C03105,Canada,40,Other,Free,2025-05-01,173.0,2.0,111.14,4.0,3.0,1.0,8.0,Loyal Customers,0,2026-03-30
C03106,United States,21,Female,Silver,2024-10-07,170.0,3.0,367.31,4.0,3.0,3.0,10.0,Loyal Customers,1,2026-03-30
C03107,South Korea,43,Female,Free,2025-09-21,294.0,3.0,185.96,4.0,3.0,2.0,9.0,Loyal Customers,0,2026-03-30
C03108,India,35,Male,Free,2024-11-07,305.0,2.0,146.54,4.0,3.0,2.0,9.0,Loyal Customers,0,2026-03-30
C03109,Australia,18,Female,Gold,2023-12-30,274.0,4.0,412.79,4.0,3.0,4.0,11.0,Loyal Customers,0,2026-03-30
C03110,United Kingdom,18,Female,Free,2025-10-05,806.0,2.0,104.56,2.0,3.0,1.0,6.0,Regular,0,2026-03-30
C03111,United States,26,Female,Free,2023-09-04,1382.0,2.0,205.42,1.0,3.0,2.0,6.0,Regular,0,2026-03-30
C03112,Brazil,48,Female,Gold,2026-03-17,6.0,9.0,886.41,5.0,3.0,5.0,13.0,Loyal Customers,0,2026-03-30
C03113,United States,37,Male,Silver,2022-04-09,473.0,5.0,912.77,3.0,3.0,5.0,11.0,Loyal Customers,0,2026-03-30
C03114,United States,48,Female,Free,2022-01-12,278.0,3.0,193.75,4.0,3.0,2.0,9.0,Loyal Customers,1,2026-03-30
C03115,Australia,27,Male,Free,2024-11-09,205.0,2.0,171.62,4.0,3.0,2.0,9.0,Loyal Customers,0,2026-03-30
C03116,South Korea,63,Female,Platinum,2025-10-31,1340.0,2.0,295.04999999999995,1.0,3.0,3.0,7.0,At Risk,0,2026-03-30
C03117,Australia,25,Male,Silver,2023-05-01,,,,,,,,No orders in window,0,2026-03-30
C03118,Canada,28,Female,Free,2026-01-10,1048.0,3.0,866.86,2.0,3.0,5.0,10.0,At Risk,0,2026-03-30
C03119,United States,63,Female,Platinum,2024-02-11,810.0,3.0,248.37,2.0,3.0,2.0,7.0,Regular,0,2026-03-30
C03120,United States,30,Male,Free,2026-03-27,39.0,4.0,424.08,5.0,3.0,4.0,12.0,Loyal Customers,0,2026-03-30
C03121,United Kingdom,35,Male,Silver,2025-12-29,634.0,4.0,498.15,2.0,3.0,4.0,9.0,At Risk,0,2026-03-30
C03122,South Korea,51,Male,Free,2022-07-30,205.0,1.0,27.7,4.0,3.0,1.0,8.0,Loyal Customers,0,2026-03-30
C03123,India,32,Female,Platinum,2025-08-17,382.0,3.0,207.02,3.0,3.0,2.0,8.0,Loyal Customers,0,2026-03-30
C03124,United States,36,Female,Silver,2024-09-07,1039.0,4.0,304.16,2.0,3.0,3.0,8.0,At Risk,0,2026-03-30
C03125,Canada,36,Female,Gold,2026-02-12,38.0,4.0,399.94000000000005,5.0,3.0,3.0,11.0,Loyal Customers,0,2026-03-30
C03126,Canada,32,Male,Free,2025-12-14,946.0,4.0,1087.39,2.0,3.0,5.0,10.0,At Risk,1,2026-03-30
C03127,United Kingdom,18,Male,Free,2025-08-05,334.0,5.0,864.42,4.0,3.0,5.0,12.0,Loyal Customers,0,2026-03-30
C03128,Sweden,54,Male,Silver,2026-01-23,333.0,3.0,155.75,4.0,3.0,2.0,9.0,Loyal Customers,0,2026-03-30
C03129,United States,45,Male,Free,2025-12-03,687.0,8.0,768.84,2.0,3.0,5.0,10.0,At Risk,0,2026-03-30
C03130,United States,23,Female,Silver,2024-12-25,534.0,1.0,60.97,3.0,3.0,1.0,7.0,Loyal Customers,0,2026-03-30
C03131,Mexico,25,Female,Free,2024-12-14,541.0,3.0,337.21,3.0,3.0,3.0,9.0,Loyal Customers,0,2026-03-30
C03132,France,41,Male,Gold,2026-01-05,84.0,4.0,628.81,5.0,3.0,5.0,13.0,Loyal Customers,0,2026-03-30
C03133,United States,40,Male,Silver,2025-07-06,1027.0,2.0,307.76,2.0,3.0,3.0,8.0,At Risk,0,2026-03-30
C03134,United States,40,Male,Free,2025-12-22,482.0,1.0,39.58,3.0,3.0,1.0,7.0,Loyal Customers,0,2026-03-30
C03135,United States,48,Male,Silver,2026-03-06,170.0,1.0,176.68,4.0,3.0,2.0,9.0,Loyal Customers,0,2026-03-30
C03136,United Kingdom,32,Male,Silver,2025-01-11,161.0,2.0,427.42,4.0,3.0,4.0,11.0,Loyal Customers,0,2026-03-30
C03137,United Kingdom,36,Male,Silver,2025-01-04,685.0,3.0,188.41,2.0,3.0,2.0,7.0,Regular,0,2026-03-30
C03138,United States,30,Male,Platinum,2022-11-16,,,,,,,,No orders in window,0,2026-03-30
C03139,Mexico,18,Female,Gold,2025-05-11,825.0,1.0,141.93,2.0,3.0,2.0,7.0,Regular,0,2026-03-30
C03140,Canada,24,Male,Silver,2025-12-04,1354.0,2.0,540.78,1.0,3.0,4.0,8.0,At Risk,0,2026-03-30
C03141,United States,52,Female,Gold,2024-12-08,236.0,3.0,555.83,4.0,3.0,4.0,11.0,Loyal Customers,1,2026-03-30
C03142,United States,27,Female,Free,2025-02-02,,,,,,,,No orders in window,0,2026-03-30
C03143,United States,18,Female,Free,2022-03-26,772.0,3.0,484.8,2.0,3.0,4.0,9.0,At Risk,0,2026-03-30
C03144,France,43,Male,Silver,2023-07-26,684.0,4.0,654.5600000000001,2.0,3.0,5.0,10.0,At Risk,0,2026-03-30
C03145,Netherlands,38,Male,Free,2025-12-16,351.0,3.0,378.4500000000001,3.0,3.0,3.0,9.0,Loyal Customers,0,2026-03-30
C03146,United Kingdom,43,Male,Free,2025-07-05,840.0,3.0,157.91,2.0,3.0,2.0,7.0,Regular,0,2026-03-30
C03147,United States,32,Female,Platinum,2026-02-18,1011.0,2.0,99.58,2.0,3.0,1.0,6.0,Regular,0,2026-03-30
C03148,Germany,18,Male,Silver,2024-12-03,134.0,2.0,345.58000000000004,5.0,3.0,3.0,11.0,Loyal Customers,1,2026-03-30
C03149,Germany,32,Male,Silver,2026-01-09,1013.0,2.0,345.89,2.0,3.0,3.0,8.0,At Risk,1,2026-03-30
C03150,Italy,46,Male,Free,2026-01-16,53.0,6.0,647.4399999999999,5.0,3.0,5.0,13.0,Loyal Customers,0,2026-03-30
C03151,Germany,39,Male,Free,2025-08-24,1849.0,1.0,21.79,1.0,3.0,1.0,5.0,Regular,0,2026-03-30
C03152,Sweden,42,Female,Free,2022-10-10,383.0,3.0,243.67,3.0,3.0,2.0,8.0,Loyal Customers,0,2026-03-30
C03153,Germany,49,Female,Silver,2026-02-27,269.0,7.0,867.3100000000001,4.0,3.0,5.0,12.0,Loyal Customers,0,2026-03-30
C03154,United States,31,Other,Free,2025-12-21,168.0,5.0,757.4,4.0,3.0,5.0,12.0,Loyal Customers,0,2026-03-30
C03155,United Kingdom,30,Female,Free,2026-03-07,628.0,3.0,252.03,2.0,3.0,2.0,7.0,Regular,0,2026-03-30
C03156,Germany,27,Female,Silver,2021-07-28,835.0,2.0,234.89,2.0,3.0,2.0,7.0,Regular,0,2026-03-30
C03157,United Kingdom,19,Male,Gold,2025-12-29,1446.0,3.0,313.69,1.0,3.0,3.0,7.0,At Risk,1,2026-03-30
C03158,Poland,18,Male,Free,2025-12-07,7.0,5.0,1337.66,5.0,3.0,5.0,13.0,Loyal Customers,0,2026-03-30
C03159,India,26,Male,Free,2026-03-03,2275.0,1.0,168.29,1.0,3.0,2.0,6.0,Regular,0,2026-03-30
C03160,Spain,33,Female,Silver,2025-08-02,6.0,3.0,1057.97,5.0,3.0,5.0,13.0,Loyal Customers,0,2026-03-30
C03161,Italy,22,Female,Silver,2025-09-28,641.0,3.0,167.14,2.0,3.0,2.0,7.0,Regular,0,2026-03-30
C03162,United States,35,Female,Free,2025-11-16,,,,,,,,No orders in window,0,2026-03-30
C03163,United States,52,Female,Free,2026-01-04,488.0,6.0,394.04,3.0,3.0,3.0,9.0,Loyal Customers,0,2026-03-30
C03164,France,25,Female,Free,2026-01-26,,,,,,,,No orders in window,0,2026-03-30
C03165,France,42,Male,Free,2022-10-31,520.0,2.0,124.28,3.0,3.0,1.0,7.0,Loyal Customers,0,2026-03-30
C03166,Poland,44,Male,Silver,2026-02-05,97.0,3.0,183.63,5.0,3.0,2.0,10.0,Loyal Customers,0,2026-03-30
C03167,Netherlands,21,Female,Silver,2026-03-18,1004.0,2.0,157.88,2.0,3.0,2.0,7.0,Regular,0,2026-03-30
C03168,United States,18,Male,Gold,2023-05-10,526.0,6.0,730.28,3.0,3.0,5.0,11.0,Loyal Customers,0,2026-03-30
C03169,Spain,18,Male,Free,2021-07-13,124.0,3.0,417.4500000000001,5.0,3.0,4.0,12.0,Loyal Customers,0,2026-03-30
C03170,India,48,Male,Platinum,2019-04-19,210.0,4.0,213.5,4.0,3.0,2.0,9.0,Loyal Customers,0,2026-03-30
C03171,United States,38,Male,Silver,2019-04-18,361.0,2.0,187.76,3.0,3.0,2.0,8.0,Loyal Customers,0,2026-03-30
C03172,United States,48,Male,Free,2025-05-21,351.0,3.0,165.13,3.0,3.0,2.0,8.0,Loyal Customers,0,2026-03-30
C03173,South Korea,32,Male,Free,2023-03-31,909.0,3.0,206.84,2.0,3.0,2.0,7.0,Regular,0,2026-03-30
C03174,Brazil,39,Female,Free,2025-12-25,1368.0,4.0,356.86,1.0,3.0,3.0,7.0,At Risk,0,2026-03-30
C03175,United States,31,Male,Free,2025-12-02,211.0,3.0,750.45,4.0,3.0,5.0,12.0,Loyal Customers,0,2026-03-30
C03176,India,29,Other,Free,2023-12-26,617.0,6.0,1089.78,3.0,3.0,5.0,11.0,Loyal Customers,0,2026-03-30
C03177,France,61,Male,Free,2023-09-22,1435.0,2.0,264.78000000000003,1.0,3.0,3.0,7.0,At Risk,0,2026-03-30
C03178,United States,33,Male,Gold,2020-05-18,1510.0,4.0,475.41,1.0,3.0,4.0,8.0,At Risk,1,2026-03-30
C03179,Germany,32,Female,Silver,2026-02-11,11.0,2.0,80.24,5.0,3.0,1.0,9.0,Loyal Customers,0,2026-03-30
C03180,Germany,31,Female,Free,2025-07-29,1263.0,6.0,436.28,1.0,3.0,4.0,8.0,At Risk,0,2026-03-30
C03181,United States,23,Male,Free,2023-04-03,858.0,1.0,102.51,2.0,3.0,1.0,6.0,Regular,0,2026-03-30
C03182,United States,37,Female,Free,2022-08-06,467.0,1.0,129.68,3.0,3.0,1.0,7.0,Loyal Customers,1,2026-03-30
C03183,United States,24,Female,Free,2016-04-16,533.0,3.0,322.3,3.0,3.0,3.0,9.0,Loyal Customers,1,2026-03-30
C03184,United States,41,Female,Silver,2025-06-14,1483.0,2.0,155.09,1.0,3.0,2.0,6.0,Regular,0,2026-03-30
C03185,Australia,65,Female,Free,2023-09-01,764.0,1.0,18.08,2.0,3.0,1.0,6.0,Regular,0,2026-03-30
C03186,United Kingdom,41,Female,Silver,2023-11-30,131.0,3.0,456.88,5.0,3.0,4.0,12.0,Loyal Customers,1,2026-03-30
C03187,United States,36,Other,Silver,2021-02-23,92.0,6.0,657.59,5.0,3.0,5.0,13.0,Loyal Customers,0,2026-03-30
C03188,United States,18,Male,Free,2023-12-29,,,,,,,,No orders in window,0,2026-03-30
C03189,United States,40,Female,Free,2024-10-18,133.0,1.0,123.0,5.0,3.0,1.0,9.0,Loyal Customers,0,2026-03-30
C03190,Brazil,51,Male,Free,2022-08-05,525.0,4.0,549.8299999999999,3.0,3.0,4.0,10.0,Loyal Customers,0,2026-03-30
C03191,Brazil,46,Male,Free,2024-01-26,155.0,4.0,573.97,4.0,3.0,4.0,11.0,Loyal Customers,0,2026-03-30
C03192,United States,38,Male,Free,2023-07-30,1126.0,4.0,416.17,1.0,3.0,4.0,8.0,At Risk,1,2026-03-30
C03193,Mexico,18,Male,Gold,2023-02-08,1695.0,2.0,48.31,1.0,3.0,1.0,5.0,Regular,1,2026-03-30
C03194,United States,45,Female,Silver,2025-06-20,642.0,5.0,569.38,2.0,3.0,4.0,9.0,At Risk,0,2026-03-30
C03195,Brazil,45,Female,Gold,2023-06-26,272.0,6.0,720.83,4.0,3.0,5.0,12.0,Loyal Customers,0,2026-03-30
C03196,United States,28,Female,Free,2025-12-31,814.0,4.0,1079.1,2.0,3.0,5.0,10.0,At Risk,0,2026-03-30
C03197,Germany,52,Female,Platinum,2024-05-29,519.0,2.0,150.56,3.0,3.0,2.0,8.0,Loyal Customers,1,2026-03-30
C03198,Canada,36,Male,Silver,2025-01-05,81.0,1.0,121.71,5.0,3.0,1.0,9.0,Loyal Customers,0,2026-03-30
C03199,Singapore,34,Female,Silver,2025-04-18,575.0,3.0,329.13,3.0,3.0,3.0,9.0,Loyal Customers,0,2026-03-30
C03200,United Kingdom,45,Female,Silver,2025-10-20,839.0,2.0,169.71,2.0,3.0,2.0,7.0,Regular,1,2026-03-30
C03201,India,36,Female,Free,2024-05-09,1320.0,2.0,246.4,1.0,3.0,2.0,6.0,Regular,0,2026-03-30
C03202,France,31,Male,Gold,2025-05-12,1149.0,3.0,268.51,1.0,3.0,3.0,7.0,At Risk,0,2026-03-30
C03203,United States,60,Other,Free,2023-10-12,206.0,2.0,100.58,4.0,3.0,1.0,8.0,Loyal Customers,0,2026-03-30
C03204,Brazil,29,Male,Free,2024-11-15,450.0,2.0,692.1,3.0,3.0,5.0,11.0,Loyal Customers,0,2026-03-30
C03205,United States,42,Female,Silver,2025-06-02,199.0,2.0,127.95,4.0,3.0,1.0,8.0,Loyal Customers,0,2026-03-30
C03206,Australia,48,Male,Silver,2026-02-08,47.0,5.0,961.95,5.0,3.0,5.0,13.0,Loyal Customers,0,2026-03-30
C03207,United States,45,Male,Gold,2023-11-25,249.0,2.0,491.3,4.0,3.0,4.0,11.0,Loyal Customers,0,2026-03-30
C03208,South Korea,35,Male,Free,2024-05-21,85.0,3.0,226.24,5.0,3.0,2.0,10.0,Loyal Customers,1,2026-03-30
C03209,Brazil,45,Male,Gold,2025-03-14,26.0,8.0,957.99,5.0,3.0,5.0,13.0,Loyal Customers,0,2026-03-30
C03210,France,18,Female,Platinum,2025-02-18,428.0,1.0,87.59,3.0,3.0,1.0,7.0,Loyal Customers,0,2026-03-30
C03211,Mexico,42,Female,Gold,2025-04-25,81.0,4.0,241.82,5.0,3.0,2.0,10.0,Loyal Customers,0,2026-03-30
C03212,Brazil,31,Female,Free,2024-02-05,491.0,2.0,277.22,3.0,3.0,3.0,9.0,Loyal Customers,0,2026-03-30
C03213,United Kingdom,28,Female,Free,2024-10-29,1537.0,1.0,51.1,1.0,3.0,1.0,5.0,Regular,0,2026-03-30
C03214,Netherlands,46,Male,Free,2024-05-30,984.0,4.0,347.63000000000005,2.0,3.0,3.0,8.0,At Risk,0,2026-03-30
C03215,United States,34,Male,Free,2025-09-04,496.0,3.0,240.6,3.0,3.0,2.0,8.0,Loyal Customers,1,2026-03-30
C03216,United States,38,Female,Free,2024-11-09,1455.0,2.0,366.31,1.0,3.0,3.0,7.0,At Risk,0,2026-03-30
C03217,Japan,24,Male,Free,2024-11-07,534.0,3.0,646.4300000000001,3.0,3.0,5.0,11.0,Loyal Customers,0,2026-03-30
C03218,United States,28,Male,Silver,2024-11-29,321.0,5.0,387.99,4.0,3.0,3.0,10.0,Loyal Customers,0,2026-03-30
C03219,United States,38,Female,Free,2024-07-28,392.0,7.0,632.97,3.0,3.0,5.0,11.0,Loyal Customers,0,2026-03-30
C03220,United States,70,Male,Free,2024-01-06,712.0,3.0,137.61,2.0,3.0,1.0,6.0,Regular,0,2026-03-30
C03221,United States,54,Male,Gold,2025-12-10,10.0,4.0,766.22,5.0,3.0,5.0,13.0,Loyal Customers,1,2026-03-30
C03222,Singapore,48,Female,Platinum,2026-03-19,604.0,5.0,386.39,3.0,3.0,3.0,9.0,Loyal Customers,0,2026-03-30
C03223,Canada,46,Female,Silver,2025-11-20,1322.0,2.0,97.64,1.0,3.0,1.0,5.0,Regular,0,2026-03-30
C03224,United States,48,Female,Free,2025-01-23,59.0,3.0,299.2,5.0,3.0,3.0,11.0,Loyal Customers,0,2026-03-30
C03225,United States,26,Male,Free,2025-02-19,653.0,3.0,270.03,2.0,3.0,3.0,8.0,At Risk,0,2026-03-30
C03226,France,70,Female,Free,2023-01-02,475.0,2.0,234.03,3.0,3.0,2.0,8.0,Loyal Customers,0,2026-03-30
C03227,Netherlands,42,Male,Platinum,2023-12-12,1973.0,1.0,136.46,1.0,3.0,1.0,5.0,Regular,0,2026-03-30
C03228,India,56,Male,Silver,2022-03-20,849.0,3.0,294.22,2.0,3.0,3.0,8.0,At Risk,0,2026-03-30
C03229,Germany,41,Female,Silver,2026-02-13,620.0,2.0,109.79,3.0,3.0,1.0,7.0,Loyal Customers,0,2026-03-30
C03230,Canada,33,Male,Free,2026-02-05,1630.0,2.0,115.39,1.0,3.0,1.0,5.0,Regular,0,2026-03-30
C03231,France,48,Female,Free,2026-03-30,132.0,2.0,304.54,5.0,3.0,3.0,11.0,Loyal Customers,0,2026-03-30
C03232,Sweden,40,Female,Silver,2024-09-18,196.0,4.0,457.18,4.0,3.0,4.0,11.0,Loyal Customers,0,2026-03-30
C03233,Turkey,33,Female,Free,2024-03-28,,,,,,,,No orders in window,0,2026-03-30
C03234,Canada,18,Female,Free,2022-08-06,368.0,6.0,628.77,3.0,3.0,5.0,11.0,Loyal Customers,0,2026-03-30
C03235,United Kingdom,57,Female,Gold,2025-04-09,775.0,4.0,315.16,2.0,3.0,3.0,8.0,At Risk,0,2026-03-30
C03236,France,23,Female,Free,2025-06-25,1044.0,4.0,219.84,2.0,3.0,2.0,7.0,Regular,0,2026-03-30
C03237,Brazil,26,Male,Platinum,2025-11-17,806.0,5.0,476.63,2.0,3.0,4.0,9.0,At Risk,0,2026-03-30
C03238,United Kingdom,55,Male,Silver,2023-08-14,1912.0,1.0,78.65,1.0,3.0,1.0,5.0,Regular,0,2026-03-30
C03239,India,67,Female,Free,2025-09-03,415.0,5.0,1113.07,3.0,3.0,5.0,11.0,Loyal Customers,1,2026-03-30
C03240,Australia,41,Female,Silver,2026-02-28,29.0,3.0,208.38,5.0,3.0,2.0,10.0,Loyal Customers,0,2026-03-30
C03241,Sweden,18,Female,Silver,2024-03-08,1688.0,1.0,83.15,1.0,3.0,1.0,5.0,Regular,0,2026-03-30
C03242,India,29,Female,Silver,2024-01-27,490.0,5.0,658.58,3.0,3.0,5.0,11.0,Loyal Customers,0,2026-03-30
C03243,Sweden,36,Male,Free,2023-10-08,854.0,4.0,1179.08,2.0,3.0,5.0,10.0,At Risk,0,2026-03-30
C03244,Canada,44,Male,Free,2016-07-15,612.0,3.0,860.73,3.0,3.0,5.0,11.0,Loyal Customers,0,2026-03-30
C03245,France,32,Male,Free,2022-07-19,718.0,4.0,506.16,2.0,3.0,4.0,9.0,At Risk,0,2026-03-30
C03246,Japan,20,Male,Gold,2026-03-15,562.0,4.0,402.88,3.0,3.0,4.0,10.0,Loyal Customers,0,2026-03-30
C03247,United States,35,Male,Free,2026-01-29,1537.0,1.0,63.75,1.0,3.0,1.0,5.0,Regular,1,2026-03-30
C03248,United States,51,Male,Gold,2022-03-20,616.0,3.0,220.11,3.0,3.0,2.0,8.0,Loyal Customers,0,2026-03-30
C03249,Spain,46,Female,Free,2025-07-01,,,,,,,,No orders in window,0,2026-03-30
C03250,United States,50,Male,Free,2026-01-29,9.0,1.0,31.89,5.0,3.0,1.0,9.0,Loyal Customers,0,2026-03-30
C03251,Australia,24,Female,Free,2021-08-01,2011.0,2.0,353.40000000000003,1.0,3.0,3.0,7.0,At Risk,0,2026-03-30
C03252,Mexico,20,Male,Gold,2025-07-01,239.0,2.0,247.82,4.0,3.0,2.0,9.0,Loyal Customers,0,2026-03-30
C03253,Australia,18,Other,Free,2025-06-15,1491.0,1.0,50.52,1.0,3.0,1.0,5.0,Regular,0,2026-03-30
C03254,Australia,42,Female,Platinum,2025-08-18,54.0,1.0,179.6,5.0,3.0,2.0,10.0,Loyal Customers,0,2026-03-30
C03255,Japan,36,Female,Free,2024-04-22,909.0,1.0,331.8,2.0,3.0,3.0,8.0,At Risk,0,2026-03-30
C03256,United States,21,Female,Free,2025-08-26,347.0,4.0,214.97,4.0,3.0,2.0,9.0,Loyal Customers,0,2026-03-30
C03257,Netherlands,28,Female,Free,2025-04-29,131.0,4.0,278.48,5.0,3.0,3.0,11.0,Loyal Customers,0,2026-03-30
C03258,United Kingdom,29,Male,Silver,2024-05-24,1433.0,3.0,169.31,1.0,3.0,2.0,6.0,Regular,0,2026-03-30
C03259,Italy,32,Female,Silver,2022-02-16,344.0,5.0,613.96,4.0,3.0,4.0,11.0,Loyal Customers,0,2026-03-30
C03260,Japan,30,Female,Gold,2025-02-13,43.0,4.0,361.32,5.0,3.0,3.0,11.0,Loyal Customers,0,2026-03-30
C03261,Mexico,33,Male,Platinum,2021-08-17,498.0,2.0,496.65,3.0,3.0,4.0,10.0,Loyal Customers,1,2026-03-30
C03262,Germany,24,Male,Free,2025-12-30,372.0,5.0,424.97,3.0,3.0,4.0,10.0,Loyal Customers,0,2026-03-30
C03263,Canada,26,Female,Free,2024-11-29,263.0,7.0,611.0,4.0,3.0,4.0,11.0,Loyal Customers,0,2026-03-30
C03264,United States,64,Female,Free,2025-07-15,1342.0,3.0,678.9200000000001,1.0,3.0,5.0,9.0,At Risk,0,2026-03-30
C03265,France,46,Male,Free,2025-02-26,492.0,3.0,213.96,3.0,3.0,2.0,8.0,Loyal Customers,0,2026-03-30
C03266,United States,27,Male,Free,2026-03-18,57.0,4.0,358.71,5.0,3.0,3.0,11.0,Loyal Customers,0,2026-03-30
C03267,United States,33,Male,Platinum,2024-03-17,345.0,3.0,904.28,4.0,3.0,5.0,12.0,Loyal Customers,0,2026-03-30
C03268,Italy,49,Male,Free,2025-12-15,107.0,4.0,1116.07,5.0,3.0,5.0,13.0,Loyal Customers,0,2026-03-30
C03269,South Africa,39,Male,Silver,2024-08-05,,,,,,,,No orders in window,0,2026-03-30
C03270,France,44,Male,Free,2024-03-06,1612.0,2.0,274.44,1.0,3.0,3.0,7.0,At Risk,0,2026-03-30
C03271,United States,45,Male,Silver,2025-09-09,933.0,6.0,1515.13,2.0,3.0,5.0,10.0,At Risk,0,2026-03-30
C03272,Uae,47,Female,Gold,2024-04-26,629.0,2.0,369.03,2.0,3.0,3.0,8.0,At Risk,0,2026-03-30
C03273,United States,18,Female,Silver,2025-01-04,398.0,5.0,623.41,3.0,3.0,5.0,11.0,Loyal Customers,0,2026-03-30
C03274,France,59,Female,Free,2024-02-18,315.0,3.0,992.79,4.0,3.0,5.0,12.0,Loyal Customers,0,2026-03-30
C03275,Sweden,35,Other,Silver,2024-07-13,881.0,3.0,357.52,2.0,3.0,3.0,8.0,At Risk,0,2026-03-30
C03276,France,35,Female,Free,2025-10-10,874.0,7.0,860.8800000000001,2.0,3.0,5.0,10.0,At Risk,1,2026-03-30
C03277,United States,22,Male,Free,2025-10-06,511.0,2.0,169.60000000000002,3.0,3.0,2.0,8.0,Loyal Customers,0,2026-03-30
C03278,Canada,18,Male,Gold,2024-04-21,7.0,3.0,423.62,5.0,3.0,4.0,12.0,Loyal Customers,0,2026-03-30
C03279,India,35,Female,Silver,2026-01-21,1621.0,3.0,178.79,1.0,3.0,2.0,6.0,Regular,0,2026-03-30
C03280,India,33,Male,Free,2026-02-14,141.0,5.0,816.72,5.0,3.0,5.0,13.0,Loyal Customers,0,2026-03-30
C03281,Canada,18,Female,Free,2025-06-11,98.0,4.0,349.1,5.0,3.0,3.0,11.0,Loyal Customers,0,2026-03-30
C03282,Brazil,43,Male,Free,2024-03-29,211.0,3.0,519.53,4.0,3.0,4.0,11.0,Loyal Customers,0,2026-03-30
C03283,India,41,Male,Gold,2025-11-17,340.0,4.0,253.87,4.0,3.0,2.0,9.0,Loyal Customers,0,2026-03-30
C03284,United States,53,Female,Silver,2026-01-21,721.0,3.0,677.86,2.0,3.0,5.0,10.0,At Risk,0,2026-03-30
C03285,United States,27,Female,Gold,2025-07-24,151.0,3.0,254.55,5.0,3.0,2.0,10.0,Loyal Customers,0,2026-03-30
C03286,France,48,Female,Platinum,2022-05-08,990.0,2.0,117.67,2.0,3.0,1.0,6.0,Regular,0,2026-03-30
C03287,United States,31,Male,Free,2023-07-13,1426.0,1.0,144.09,1.0,3.0,2.0,6.0,Regular,0,2026-03-30
C03288,United States,40,Female,Silver,2024-10-19,379.0,1.0,66.6,3.0,3.0,1.0,7.0,Loyal Customers,0,2026-03-30
C03289,United Kingdom,18,Female,Free,2019-01-24,197.0,4.0,374.24,4.0,3.0,3.0,10.0,Loyal Customers,0,2026-03-30
C03290,Spain,40,Female,Gold,2023-10-03,863.0,2.0,459.8200000000001,2.0,3.0,4.0,9.0,At Risk,0,2026-03-30
C03291,India,47,Male,Gold,2025-09-10,496.0,3.0,266.39,3.0,3.0,3.0,9.0,Loyal Customers,0,2026-03-30
C03292,United States,31,Male,Free,2025-07-26,567.0,5.0,581.67,3.0,3.0,4.0,10.0,Loyal Customers,0,2026-03-30
C03293,Spain,31,Female,Free,2021-02-18,485.0,3.0,229.62,3.0,3.0,2.0,8.0,Loyal Customers,0,2026-03-30
C03294,United States,25,Female,Free,2026-02-07,267.0,6.0,733.72,4.0,3.0,5.0,12.0,Loyal Customers,1,2026-03-30
C03295,United States,37,Male,Gold,2023-11-12,1073.0,1.0,169.74,1.0,3.0,2.0,6.0,Regular,0,2026-03-30
C03296,United Kingdom,21,Male,Free,2025-07-10,45.0,3.0,471.52,5.0,3.0,4.0,12.0,Loyal Customers,0,2026-03-30
C03297,India,29,Female,Silver,2016-07-25,88.0,4.0,728.01,5.0,3.0,5.0,13.0,Loyal Customers,0,2026-03-30
C03298,United States,42,Female,Gold,2024-04-28,1535.0,2.0,244.26,1.0,3.0,2.0,6.0,Regular,0,2026-03-30
C03299,Brazil,32,Female,Platinum,2026-01-10,146.0,2.0,84.28999999999999,5.0,3.0,1.0,9.0,Loyal Customers,0,2026-03-30
C03300,Japan,43,Female,Silver,2025-09-26,1085.0,3.0,293.53,1.0,3.0,3.0,7.0,At Risk,0,2026-03-30
C03301,United States,42,Female,Silver,2025-08-09,1112.0,4.0,509.4200000000001,1.0,3.0,4.0,8.0,At Risk,0,2026-03-30
C03302,Singapore,41,Female,Free,2025-07-24,211.0,2.0,398.09,4.0,3.0,3.0,10.0,Loyal Customers,0,2026-03-30
C03303,United Kingdom,35,Female,Free,2024-12-12,206.0,6.0,784.4100000000001,4.0,3.0,5.0,12.0,Loyal Customers,0,2026-03-30
C03304,India,48,Male,Gold,2024-07-28,219.0,2.0,499.36,4.0,3.0,4.0,11.0,Loyal Customers,0,2026-03-30
C03305,United States,18,Male,Free,2025-12-06,758.0,1.0,78.74,2.0,3.0,1.0,6.0,Regular,0,2026-03-30
C03306,Mexico,28,Female,Platinum,2025-05-22,1966.0,1.0,116.57,1.0,3.0,1.0,5.0,Regular,1,2026-03-30
C03307,United States,49,Male,Free,2025-02-07,1171.0,5.0,474.4,1.0,3.0,4.0,8.0,At Risk,0,2026-03-30
C03308,France,38,Female,Free,2024-04-30,1364.0,2.0,102.23,1.0,3.0,1.0,5.0,Regular,0,2026-03-30
C03309,India,49,Female,Free,2024-01-08,728.0,3.0,215.6,2.0,3.0,2.0,7.0,Regular,0,2026-03-30
C03310,United Kingdom,22,Female,Platinum,2025-07-28,588.0,3.0,353.08,3.0,3.0,3.0,9.0,Loyal Customers,0,2026-03-30
C03311,Mexico,36,Female,Free,2025-02-27,383.0,2.0,244.26,3.0,3.0,2.0,8.0,Loyal Customers,0,2026-03-30
C03312,Brazil,67,Female,Gold,2025-07-27,188.0,2.0,194.53,4.0,3.0,2.0,9.0,Loyal Customers,0,2026-03-30
C03313,United States,33,Female,Free,2026-02-04,1737.0,2.0,102.06,1.0,3.0,1.0,5.0,Regular,1,2026-03-30
C03314,Poland,43,Female,Free,2026-01-21,360.0,2.0,899.5699999999999,3.0,3.0,5.0,11.0,Loyal Customers,1,2026-03-30
C03315,United States,29,Female,Silver,2026-01-05,1022.0,3.0,202.51,2.0,3.0,2.0,7.0,Regular,0,2026-03-30
C03316,Poland,36,Female,Gold,2025-11-13,295.0,4.0,331.86,4.0,3.0,3.0,10.0,Loyal Customers,0,2026-03-30
C03317,Canada,30,Male,Gold,2023-09-16,624.0,3.0,123.64,3.0,3.0,1.0,7.0,Loyal Customers,0,2026-03-30
C03318,United States,18,Male,Free,2022-07-19,240.0,4.0,285.56,4.0,3.0,3.0,10.0,Loyal Customers,0,2026-03-30
C03319,Canada,49,Male,Silver,2022-08-30,886.0,6.0,527.93,2.0,3.0,4.0,9.0,At Risk,0,2026-03-30
C03320,Brazil,44,Male,Free,2026-03-27,1127.0,3.0,438.5700000000001,1.0,3.0,4.0,8.0,At Risk,0,2026-03-30
C03321,United Kingdom,61,Male,Gold,2026-03-30,1849.0,2.0,31.94,1.0,3.0,1.0,5.0,Regular,0,2026-03-30
C03322,United States,20,Male,Free,2023-08-18,353.0,3.0,782.36,3.0,3.0,5.0,11.0,Loyal Customers,0,2026-03-30
C03323,Netherlands,36,Male,Free,2025-11-01,39.0,3.0,376.96,5.0,3.0,3.0,11.0,Loyal Customers,0,2026-03-30
C03324,Brazil,50,Male,Free,2025-02-04,75.0,5.0,205.84,5.0,3.0,2.0,10.0,Loyal Customers,0,2026-03-30
C03325,Germany,40,Female,Silver,2026-02-14,166.0,3.0,344.74,4.0,3.0,3.0,10.0,Loyal Customers,0,2026-03-30
C03326,Canada,35,Female,Free,2025-03-13,484.0,4.0,763.71,3.0,3.0,5.0,11.0,Loyal Customers,1,2026-03-30
C03327,Spain,23,Female,Free,2025-11-18,534.0,1.0,41.3,3.0,3.0,1.0,7.0,Loyal Customers,0,2026-03-30
C03328,Germany,29,Female,Silver,2021-03-28,372.0,5.0,709.55,3.0,3.0,5.0,11.0,Loyal Customers,0,2026-03-30
C03329,Mexico,38,Male,Platinum,2021-06-22,516.0,5.0,517.36,3.0,3.0,4.0,10.0,Loyal Customers,0,2026-03-30
C03330,Germany,42,Male,Gold,2024-04-19,186.0,2.0,66.43,4.0,3.0,1.0,8.0,Loyal Customers,0,2026-03-30
C03331,United States,30,Female,Silver,2023-08-04,,,,,,,,No orders in window,0,2026-03-30
C03332,United States,35,Female,Free,2025-04-04,385.0,3.0,178.70999999999998,3.0,3.0,2.0,8.0,Loyal Customers,0,2026-03-30
C03333,India,34,Male,Free,2023-03-29,269.0,5.0,904.36,4.0,3.0,5.0,12.0,Loyal Customers,0,2026-03-30
C03334,Japan,26,Female,Free,2025-08-26,111.0,6.0,363.2,5.0,3.0,3.0,11.0,Loyal Customers,0,2026-03-30
C03335,Brazil,35,Male,Free,2025-08-08,471.0,2.0,261.64,3.0,3.0,3.0,9.0,Loyal Customers,0,2026-03-30
C03336,France,34,Female,Free,2025-10-01,1293.0,2.0,228.45,1.0,3.0,2.0,6.0,Regular,1,2026-03-30
C03337,Spain,49,Female,Gold,2025-06-23,60.0,4.0,180.78,5.0,3.0,2.0,10.0,Loyal Customers,0,2026-03-30
C03338,Netherlands,33,Female,Free,2023-10-09,186.0,5.0,362.54,4.0,3.0,3.0,10.0,Loyal Customers,0,2026-03-30
C03339,Brazil,53,Female,Platinum,2023-06-07,1178.0,3.0,229.5,1.0,3.0,2.0,6.0,Regular,0,2026-03-30
C03340,South Africa,21,Male,Free,2023-12-07,402.0,3.0,930.32,3.0,3.0,5.0,11.0,Loyal Customers,0,2026-03-30
C03341,France,57,Female,Gold,2026-02-01,46.0,6.0,740.0500000000001,5.0,3.0,5.0,13.0,Loyal Customers,0,2026-03-30
C03342,United States,27,Male,Free,2025-12-02,344.0,2.0,158.04,4.0,3.0,2.0,9.0,Loyal Customers,0,2026-03-30
C03343,India,23,Male,Free,2026-02-05,599.0,2.0,163.79999999999998,3.0,3.0,2.0,8.0,Loyal Customers,0,2026-03-30
C03344,Spain,36,Female,Free,2024-12-01,20.0,5.0,331.49,5.0,3.0,3.0,11.0,Loyal Customers,0,2026-03-30
C03345,United States,44,Male,Free,2025-02-07,,,,,,,,No orders in window,0,2026-03-30
C03346,India,51,Female,Free,2017-08-28,230.0,3.0,393.72,4.0,3.0,3.0,10.0,Loyal Customers,0,2026-03-30
C03347,Brazil,33,Male,Gold,2024-08-29,97.0,4.0,368.46,5.0,3.0,3.0,11.0,Loyal Customers,0,2026-03-30
C03348,South Africa,24,Male,Platinum,2024-09-21,686.0,3.0,396.31,2.0,3.0,3.0,8.0,At Risk,0,2026-03-30
C03349,United Kingdom,42,Male,Silver,2026-02-22,588.0,4.0,298.01,3.0,3.0,3.0,9.0,Loyal Customers,0,2026-03-30
C03350,Germany,31,Female,Platinum,2025-09-26,,,,,,,,No orders in window,0,2026-03-30
C03351,Spain,46,Male,Free,2025-10-31,497.0,3.0,109.94,3.0,3.0,1.0,7.0,Loyal Customers,0,2026-03-30
C03352,Mexico,27,Male,Silver,2023-05-07,705.0,4.0,397.97,2.0,3.0,3.0,8.0,At Risk,0,2026-03-30
C03353,Italy,43,Female,Silver,2023-07-27,32.0,2.0,112.13,5.0,3.0,1.0,9.0,Loyal Customers,0,2026-03-30
C03354,United States,30,Female,Free,2026-03-02,317.0,3.0,144.46,4.0,3.0,2.0,9.0,Loyal Customers,0,2026-03-30
C03355,United States,37,Male,Platinum,2026-03-01,1599.0,1.0,249.99,1.0,3.0,2.0,6.0,Regular,1,2026-03-30
C03356,United States,39,Male,Silver,2025-11-23,564.0,4.0,1052.07,3.0,3.0,5.0,11.0,Loyal Customers,0,2026-03-30
C03357,Japan,19,Male,Gold,2025-10-10,307.0,6.0,909.06,4.0,3.0,5.0,12.0,Loyal Customers,0,2026-03-30
C03358,Netherlands,45,Female,Gold,2023-09-09,176.0,3.0,412.18,4.0,3.0,4.0,11.0,Loyal Customers,0,2026-03-30
C03359,Canada,25,Male,Free,2025-12-01,306.0,5.0,1097.29,4.0,3.0,5.0,12.0,Loyal Customers,0,2026-03-30
C03360,United States,52,Female,Silver,2020-05-01,349.0,5.0,820.7,3.0,3.0,5.0,11.0,Loyal Customers,0,2026-03-30
C03361,United States,35,Female,Free,2025-12-27,691.0,2.0,253.33,2.0,3.0,2.0,7.0,Regular,0,2026-03-30
C03362,United Kingdom,44,Male,Free,2024-10-28,1061.0,2.0,36.39,1.0,3.0,1.0,5.0,Regular,0,2026-03-30
C03363,Brazil,36,Male,Silver,2025-12-22,1189.0,4.0,559.31,1.0,3.0,4.0,8.0,At Risk,0,2026-03-30
C03364,Australia,36,Male,Gold,2024-11-19,72.0,3.0,262.98,5.0,3.0,3.0,11.0,Loyal Customers,0,2026-03-30
C03365,Canada,53,Female,Free,2025-09-27,516.0,6.0,878.33,3.0,3.0,5.0,11.0,Loyal Customers,1,2026-03-30
C03366,India,24,Female,Silver,2025-04-26,59.0,2.0,265.07000000000005,5.0,3.0,3.0,11.0,Loyal Customers,0,2026-03-30
C03367,Singapore,24,Female,Silver,2023-04-28,281.0,3.0,432.75,4.0,3.0,4.0,11.0,Loyal Customers,0,2026-03-30
C03368,Canada,41,Male,Free,2024-05-12,66.0,4.0,864.23,5.0,3.0,5.0,13.0,Loyal Customers,0,2026-03-30
C03369,Mexico,24,Female,Gold,2025-08-17,190.0,4.0,317.51,4.0,3.0,3.0,10.0,Loyal Customers,0,2026-03-30
C03370,United Kingdom,33,Female,Free,2025-08-26,651.0,3.0,853.99,2.0,3.0,5.0,10.0,At Risk,0,2026-03-30
C03371,Brazil,33,Female,Platinum,2023-07-16,,,,,,,,No orders in window,0,2026-03-30
C03372,Uae,21,Female,Silver,2020-12-19,396.0,1.0,44.28,3.0,3.0,1.0,7.0,Loyal Customers,0,2026-03-30
C03373,India,33,Female,Free,2023-08-24,167.0,4.0,490.83,4.0,3.0,4.0,11.0,Loyal Customers,0,2026-03-30
C03374,United Kingdom,39,Male,Platinum,2025-10-28,244.0,3.0,122.19,4.0,3.0,1.0,8.0,Loyal Customers,0,2026-03-30
C03375,Australia,35,Male,Free,2026-03-17,1971.0,1.0,129.92,1.0,3.0,1.0,5.0,Regular,0,2026-03-30
C03376,United States,32,Male,Gold,2023-03-15,302.0,2.0,62.14,4.0,3.0,1.0,8.0,Loyal Customers,0,2026-03-30
C03377,Sweden,42,Male,Free,2025-12-24,779.0,3.0,646.6800000000001,2.0,3.0,5.0,10.0,At Risk,0,2026-03-30
C03378,South Africa,43,Female,Free,2024-06-02,383.0,4.0,457.61,3.0,3.0,4.0,10.0,Loyal Customers,0,2026-03-30
C03379,United States,29,Female,Silver,2023-07-16,707.0,2.0,312.08,2.0,3.0,3.0,8.0,At Risk,0,2026-03-30
C03380,United States,42,Female,Free,2023-11-03,721.0,3.0,305.27,2.0,3.0,3.0,8.0,At Risk,0,2026-03-30
C03381,Brazil,49,Female,Silver,2025-06-08,210.0,7.0,537.16,4.0,3.0,4.0,11.0,Loyal Customers,0,2026-03-30
C03382,South Korea,45,Female,Silver,2021-10-28,902.0,3.0,228.23,2.0,3.0,2.0,7.0,Regular,0,2026-03-30
C03383,United States,53,Male,Free,2025-07-05,96.0,3.0,637.67,5.0,3.0,5.0,13.0,Loyal Customers,0,2026-03-30
C03384,Japan,36,Male,Free,2025-02-14,396.0,4.0,640.39,3.0,3.0,5.0,11.0,Loyal Customers,0,2026-03-30
C03385,Turkey,29,Female,Free,2026-03-14,95.0,4.0,443.25,5.0,3.0,4.0,12.0,Loyal Customers,1,2026-03-30
C03386,Australia,34,Male,Gold,2024-10-13,635.0,1.0,65.03,2.0,3.0,1.0,6.0,Regular,1,2026-03-30
C03387,Italy,45,Male,Free,2026-03-24,1436.0,1.0,142.7,1.0,3.0,2.0,6.0,Regular,0,2026-03-30
C03388,United Kingdom,35,Male,Silver,2024-11-27,1690.0,1.0,188.36,1.0,3.0,2.0,6.0,Regular,0,2026-03-30
C03389,United Kingdom,43,Female,Gold,2026-02-01,1349.0,2.0,66.37,1.0,3.0,1.0,5.0,Regular,0,2026-03-30
C03390,Brazil,53,Female,Gold,2025-08-09,37.0,3.0,236.44,5.0,3.0,2.0,10.0,Loyal Customers,0,2026-03-30
C03391,India,35,Male,Silver,2022-02-09,401.0,6.0,406.36,3.0,3.0,4.0,10.0,Loyal Customers,0,2026-03-30
C03392,United States,22,Male,Free,2025-11-26,254.0,6.0,600.38,4.0,3.0,4.0,11.0,Loyal Customers,0,2026-03-30
C03393,Germany,39,Female,Platinum,2025-10-16,480.0,1.0,160.81,3.0,3.0,2.0,8.0,Loyal Customers,0,2026-03-30
C03394,United States,25,Male,Silver,2025-02-24,426.0,2.0,262.21,3.0,3.0,3.0,9.0,Loyal Customers,0,2026-03-30
C03395,Netherlands,27,Female,Free,2025-06-25,838.0,2.0,240.5,2.0,3.0,2.0,7.0,Regular,0,2026-03-30
C03396,United States,18,Female,Free,2025-07-14,37.0,7.0,673.46,5.0,3.0,5.0,13.0,Loyal Customers,0,2026-03-30
C03397,Japan,18,Male,Free,2025-08-18,843.0,3.0,252.02,2.0,3.0,2.0,7.0,Regular,0,2026-03-30
C03398,Spain,18,Male,Silver,2025-11-08,784.0,1.0,62.57,2.0,3.0,1.0,6.0,Regular,0,2026-03-30
C03399,United States,44,Male,Free,2025-10-03,519.0,3.0,276.66,3.0,3.0,3.0,9.0,Loyal Customers,0,2026-03-30
C03400,Netherlands,18,Male,Silver,2023-12-06,286.0,4.0,222.04,4.0,3.0,2.0,9.0,Loyal Customers,0,2026-03-30
C03401,United Kingdom,21,Female,Free,2024-06-14,403.0,3.0,260.32,3.0,3.0,3.0,9.0,Loyal Customers,0,2026-03-30
C03402,India,38,Male,Free,2026-02-12,1995.0,2.0,293.45000000000005,1.0,3.0,3.0,7.0,At Risk,0,2026-03-30
C03403,Italy,25,Female,Gold,2023-01-21,213.0,3.0,347.22,4.0,3.0,3.0,10.0,Loyal Customers,0,2026-03-30
C03404,United States,35,Male,Free,2026-01-10,,,,,,,,No orders in window,0,2026-03-30
C03405,Brazil,50,Female,Free,2024-09-19,1469.0,3.0,186.17,1.0,3.0,2.0,6.0,Regular,0,2026-03-30
C03406,United States,18,Male,Free,2023-10-29,100.0,4.0,292.15,5.0,3.0,3.0,11.0,Loyal Customers,0,2026-03-30
C03407,United States,30,Female,Gold,2026-03-29,55.0,4.0,1342.99,5.0,3.0,5.0,13.0,Loyal Customers,1,2026-03-30
C03408,Germany,42,Male,Platinum,2025-10-17,1656.0,2.0,369.57,1.0,3.0,3.0,7.0,At Risk,1,2026-03-30
C03409,Spain,42,Male,Free,2023-05-21,1437.0,4.0,525.3900000000001,1.0,3.0,4.0,8.0,At Risk,0,2026-03-30
C03410,United Kingdom,28,Male,Free,2026-01-24,282.0,5.0,516.0799999999999,4.0,3.0,4.0,11.0,Loyal Customers,0,2026-03-30
C03411,Canada,31,Female,Platinum,2023-08-04,513.0,3.0,354.73,3.0,3.0,3.0,9.0,Loyal Customers,0,2026-03-30
C03412,South Korea,31,Female,Free,2025-10-05,,,,,,,,No orders in window,0,2026-03-30
C03413,Poland,51,Male,Gold,2026-03-31,966.0,2.0,119.12,2.0,3.0,1.0,6.0,Regular,0,2026-03-30
C03414,Italy,37,Male,Free,2022-10-22,246.0,4.0,358.79,4.0,3.0,3.0,10.0,Loyal Customers,0,2026-03-30
C03415,Mexico,50,Male,Free,2021-06-30,512.0,2.0,391.98,3.0,3.0,3.0,9.0,Loyal Customers,0,2026-03-30
C03416,United Kingdom,34,Female,Free,2026-01-21,1722.0,1.0,26.73,1.0,3.0,1.0,5.0,Regular,0,2026-03-30
C03417,United States,38,Female,Free,2025-03-07,254.0,2.0,157.68,4.0,3.0,2.0,9.0,Loyal Customers,0,2026-03-30
C03418,France,26,Female,Gold,2024-07-02,1729.0,2.0,122.11,1.0,3.0,1.0,5.0,Regular,0,2026-03-30
C03419,Australia,40,Female,Free,2023-09-08,728.0,3.0,787.4300000000001,2.0,3.0,5.0,10.0,At Risk,0,2026-03-30
C03420,Germany,35,Female,Free,2024-10-19,94.0,4.0,338.27,5.0,3.0,3.0,11.0,Loyal Customers,0,2026-03-30
C03421,Brazil,18,Female,Free,2026-02-18,1398.0,2.0,183.58,1.0,3.0,2.0,6.0,Regular,0,2026-03-30
C03422,India,18,Male,Silver,2025-12-17,2257.0,1.0,88.4,1.0,3.0,1.0,5.0,Regular,0,2026-03-30
C03423,United Kingdom,52,Female,Gold,2025-09-22,555.0,4.0,503.03,3.0,3.0,4.0,10.0,Loyal Customers,1,2026-03-30
C03424,India,42,Female,Silver,2026-03-16,940.0,3.0,346.97,2.0,3.0,3.0,8.0,At Risk,0,2026-03-30
C03425,Spain,20,Male,Free,2026-02-13,514.0,4.0,415.68,3.0,3.0,4.0,10.0,Loyal Customers,0,2026-03-30
C03426,India,40,Male,Gold,2025-10-17,82.0,6.0,958.24,5.0,3.0,5.0,13.0,Loyal Customers,1,2026-03-30
C03427,United States,36,Male,Free,2025-07-21,1341.0,4.0,608.74,1.0,3.0,4.0,8.0,At Risk,0,2026-03-30
C03428,United States,30,Male,Gold,2025-08-11,647.0,4.0,330.38,2.0,3.0,3.0,8.0,At Risk,1,2026-03-30
C03429,France,50,Female,Free,2025-07-04,462.0,3.0,275.3,3.0,3.0,3.0,9.0,Loyal Customers,0,2026-03-30
C03430,India,19,Male,Gold,2024-12-03,210.0,3.0,471.9,4.0,3.0,4.0,11.0,Loyal Customers,0,2026-03-30
C03431,Japan,34,Female,Free,2024-05-08,542.0,3.0,264.96000000000004,3.0,3.0,3.0,9.0,Loyal Customers,0,2026-03-30
C03432,United Kingdom,20,Male,Free,2024-04-04,219.0,4.0,447.3,4.0,3.0,4.0,11.0,Loyal Customers,0,2026-03-30
C03433,Germany,23,Male,Silver,2025-09-08,1176.0,4.0,535.34,1.0,3.0,4.0,8.0,At Risk,0,2026-03-30
C03434,United States,29,Female,Silver,2025-06-21,151.0,4.0,300.74,5.0,3.0,3.0,11.0,Loyal Customers,1,2026-03-30
C03435,Japan,22,Male,Free,2026-02-23,679.0,2.0,200.93,2.0,3.0,2.0,7.0,Regular,0,2026-03-30
C03436,Netherlands,51,Male,Platinum,2024-06-26,1000.0,2.0,158.61,2.0,3.0,2.0,7.0,Regular,1,2026-03-30
C03437,India,19,Male,Free,2026-02-18,174.0,1.0,63.9,4.0,3.0,1.0,8.0,Loyal Customers,0,2026-03-30
C03438,France,49,Male,Free,2024-05-05,428.0,2.0,446.92,3.0,3.0,4.0,10.0,Loyal Customers,0,2026-03-30
C03439,United States,34,Female,Silver,2025-08-22,98.0,2.0,70.32000000000001,5.0,3.0,1.0,9.0,Loyal Customers,0,2026-03-30
C03440,Spain,38,Female,Free,2025-12-11,811.0,2.0,212.04,2.0,3.0,2.0,7.0,Regular,0,2026-03-30
C03441,Canada,48,Female,Free,2026-03-23,977.0,4.0,677.19,2.0,3.0,5.0,10.0,At Risk,0,2026-03-30
C03442,Spain,19,Female,Silver,2022-08-04,219.0,5.0,427.96,4.0,3.0,4.0,11.0,Loyal Customers,0,2026-03-30
C03443,India,18,Male,Gold,2025-04-23,1142.0,5.0,561.95,1.0,3.0,4.0,8.0,At Risk,0,2026-03-30
C03444,Germany,39,Female,Free,2019-07-08,789.0,4.0,462.99,2.0,3.0,4.0,9.0,At Risk,0,2026-03-30
C03445,United Kingdom,34,Male,Free,2025-09-16,612.0,2.0,226.73,3.0,3.0,2.0,8.0,Loyal Customers,0,2026-03-30
C03446,Canada,40,Male,Free,2025-03-24,788.0,1.0,21.34,2.0,3.0,1.0,6.0,Regular,0,2026-03-30
C03447,United States,18,Female,Free,2025-11-14,465.0,2.0,84.91,3.0,3.0,1.0,7.0,Loyal Customers,0,2026-03-30
C03448,Australia,41,Female,Gold,2025-08-03,207.0,9.0,1358.78,4.0,3.0,5.0,12.0,Loyal Customers,0,2026-03-30
C03449,United States,32,Male,Free,2026-01-09,1.0,3.0,149.09,5.0,3.0,2.0,10.0,Loyal Customers,0,2026-03-30
C03450,Japan,42,Female,Silver,2025-10-13,66.0,7.0,634.78,5.0,3.0,5.0,13.0,Loyal Customers,0,2026-03-30
C03451,Brazil,20,Male,Free,2025-09-16,1490.0,1.0,37.99,1.0,3.0,1.0,5.0,Regular,1,2026-03-30
C03452,Mexico,48,Male,Silver,2024-11-17,1329.0,2.0,166.38,1.0,3.0,2.0,6.0,Regular,0,2026-03-30
C03453,United States,30,Female,Gold,2021-10-16,850.0,1.0,58.75,2.0,3.0,1.0,6.0,Regular,1,2026-03-30
C03454,France,38,Female,Free,2024-05-21,135.0,8.0,1199.16,5.0,3.0,5.0,13.0,Loyal Customers,0,2026-03-30
C03455,United Kingdom,43,Female,Free,2026-02-18,687.0,2.0,257.4,2.0,3.0,2.0,7.0,Regular,0,2026-03-30
C03456,United Kingdom,45,Female,Free,2020-11-18,302.0,5.0,643.15,4.0,3.0,5.0,12.0,Loyal Customers,0,2026-03-30
C03457,Netherlands,25,Female,Free,2024-04-13,338.0,3.0,669.03,4.0,3.0,5.0,12.0,Loyal Customers,1,2026-03-30
C03458,Singapore,18,Male,Free,2023-11-17,356.0,5.0,259.63,3.0,3.0,3.0,9.0,Loyal Customers,0,2026-03-30
C03459,Turkey,23,Female,Free,2023-10-16,69.0,4.0,370.25,5.0,3.0,3.0,11.0,Loyal Customers,0,2026-03-30
C03460,United States,32,Female,Silver,2025-11-03,60.0,5.0,502.94,5.0,3.0,4.0,12.0,Loyal Customers,0,2026-03-30
C03461,Canada,52,Female,Free,2022-12-24,1051.0,2.0,459.38,2.0,3.0,4.0,9.0,At Risk,0,2026-03-30
C03462,India,46,Female,Gold,2021-08-18,1101.0,2.0,647.47,1.0,3.0,5.0,9.0,At Risk,0,2026-03-30
C03463,United States,37,Female,Free,2025-08-16,634.0,4.0,209.77,2.0,3.0,2.0,7.0,Regular,0,2026-03-30
C03464,United States,24,Female,Free,2026-04-01,1250.0,2.0,163.73000000000002,1.0,3.0,2.0,6.0,Regular,0,2026-03-30
C03465,United Kingdom,35,Female,Free,2026-03-04,636.0,3.0,370.01,2.0,3.0,3.0,8.0,At Risk,0,2026-03-30
C03466,United States,36,Male,Gold,2024-06-13,15.0,3.0,274.35,5.0,3.0,3.0,11.0,Loyal Customers,0,2026-03-30
C03467,United States,29,Male,Platinum,2025-09-18,437.0,1.0,35.06,3.0,3.0,1.0,7.0,Loyal Customers,0,2026-03-30
C03468,United States,23,Female,Free,2024-06-03,358.0,4.0,305.76,3.0,3.0,3.0,9.0,Loyal Customers,1,2026-03-30
C03469,Japan,30,Male,Free,2025-03-09,55.0,2.0,225.12,5.0,3.0,2.0,10.0,Loyal Customers,1,2026-03-30
C03470,United Kingdom,27,Female,Free,2025-07-12,232.0,4.0,662.08,4.0,3.0,5.0,12.0,Loyal Customers,0,2026-03-30
C03471,United Kingdom,32,Female,Gold,2025-04-26,93.0,4.0,476.52,5.0,3.0,4.0,12.0,Loyal Customers,0,2026-03-30
C03472,Japan,19,Female,Gold,2024-07-21,660.0,3.0,341.47,2.0,3.0,3.0,8.0,At Risk,0,2026-03-30
C03473,United Kingdom,46,Female,Gold,2023-08-18,206.0,4.0,693.26,4.0,3.0,5.0,12.0,Loyal Customers,0,2026-03-30
C03474,United States,39,Female,Free,2025-01-19,538.0,8.0,694.62,3.0,3.0,5.0,11.0,Loyal Customers,0,2026-03-30
C03475,United Kingdom,24,Other,Gold,2025-01-22,1541.0,1.0,175.73,1.0,3.0,2.0,6.0,Regular,0,2026-03-30
C03476,United States,27,Female,Silver,2026-03-09,805.0,4.0,198.81,2.0,3.0,2.0,7.0,Regular,1,2026-03-30
C03477,United States,39,Male,Gold,2024-05-31,765.0,5.0,907.26,2.0,3.0,5.0,10.0,At Risk,0,2026-03-30
C03478,Brazil,27,Male,Free,2024-04-28,893.0,5.0,647.33,2.0,3.0,5.0,10.0,At Risk,0,2026-03-30
C03479,South Africa,18,Male,Free,2024-10-21,926.0,4.0,593.74,2.0,3.0,4.0,9.0,At Risk,1,2026-03-30
C03480,United States,34,Female,Silver,2022-09-11,138.0,7.0,621.24,5.0,3.0,4.0,12.0,Loyal Customers,0,2026-03-30
C03481,United States,20,Male,Gold,2025-12-10,73.0,4.0,389.41,5.0,3.0,3.0,11.0,Loyal Customers,0,2026-03-30
C03482,United States,52,Female,Free,2025-11-02,16.0,2.0,641.2800000000001,5.0,3.0,5.0,13.0,Loyal Customers,0,2026-03-30
C03483,India,34,Male,Free,2022-01-19,98.0,2.0,201.65,5.0,3.0,2.0,10.0,Loyal Customers,0,2026-03-30
C03484,Germany,46,Male,Free,2023-10-18,527.0,2.0,138.37,3.0,3.0,1.0,7.0,Loyal Customers,0,2026-03-30
C03485,South Korea,18,Female,Silver,2024-10-24,633.0,7.0,568.69,2.0,3.0,4.0,9.0,At Risk,1,2026-03-30
C03486,South Korea,62,Female,Silver,2025-10-18,974.0,2.0,77.25999999999999,2.0,3.0,1.0,6.0,Regular,0,2026-03-30
C03487,Germany,39,Male,Gold,2025-11-19,342.0,3.0,298.18,4.0,3.0,3.0,10.0,Loyal Customers,0,2026-03-30
C03488,South Korea,18,Male,Free,2024-03-21,910.0,2.0,445.2,2.0,3.0,4.0,9.0,At Risk,0,2026-03-30
C03489,Canada,36,Female,Gold,2020-04-17,484.0,4.0,266.44,3.0,3.0,3.0,9.0,Loyal Customers,0,2026-03-30
C03490,Germany,41,Female,Free,2025-11-19,26.0,3.0,177.02,5.0,3.0,2.0,10.0,Loyal Customers,0,2026-03-30
C03491,United Kingdom,38,Female,Free,2024-07-13,68.0,3.0,476.4,5.0,3.0,4.0,12.0,Loyal Customers,0,2026-03-30
C03492,Japan,26,Female,Free,2026-01-12,1093.0,4.0,378.77,1.0,3.0,3.0,7.0,At Risk,0,2026-03-30
C03493,Brazil,34,Female,Free,2025-08-09,1417.0,3.0,147.13,1.0,3.0,2.0,6.0,Regular,0,2026-03-30
C03494,United States,19,Male,Free,2025-08-15,602.0,3.0,863.72,3.0,3.0,5.0,11.0,Loyal Customers,1,2026-03-30
C03495,United Kingdom,55,Female,Free,2025-06-21,1978.0,1.0,257.07,1.0,3.0,2.0,6.0,Regular,0,2026-03-30
C03496,United States,38,Male,Free,2024-12-28,,,,,,,,No orders in window,0,2026-03-30
C03497,United States,51,Female,Free,2023-08-01,,,,,,,,No orders in window,0,2026-03-30
C03498,United States,33,Male,Silver,2026-03-05,569.0,2.0,165.99,3.0,3.0,2.0,8.0,Loyal Customers,0,2026-03-30
C03499,India,29,Female,Free,2026-01-02,712.0,2.0,177.81,2.0,3.0,2.0,7.0,Regular,0,2026-03-30
C03500,Australia,47,Male,Platinum,2023-08-15,1127.0,1.0,293.28,1.0,3.0,3.0,7.0,At Risk,0,2026-03-30
C03501,Germany,23,Female,Platinum,2026-03-09,424.0,4.0,506.75,3.0,3.0,4.0,10.0,Loyal Customers,1,2026-03-30
C03502,United States,18,Female,Silver,2025-10-20,275.0,4.0,288.47,4.0,3.0,3.0,10.0,Loyal Customers,0,2026-03-30
C03503,United States,49,Female,Free,2025-09-29,458.0,4.0,411.26,3.0,3.0,4.0,10.0,Loyal Customers,0,2026-03-30
C03504,France,23,Male,Free,2025-10-31,638.0,5.0,308.73,2.0,3.0,3.0,8.0,At Risk,0,2026-03-30
C03505,Germany,49,Male,Free,2024-04-16,274.0,8.0,893.41,4.0,3.0,5.0,12.0,Loyal Customers,0,2026-03-30
C03506,Japan,34,Male,Free,2025-05-09,16.0,8.0,824.13,5.0,3.0,5.0,13.0,Loyal Customers,0,2026-03-30
C03507,Japan,35,Male,Free,2026-03-09,773.0,3.0,238.8,2.0,3.0,2.0,7.0,Regular,0,2026-03-30
C03508,Germany,40,Male,Free,2026-02-18,25.0,5.0,1056.4,5.0,3.0,5.0,13.0,Loyal Customers,0,2026-03-30
C03509,United Kingdom,25,Female,Free,2025-05-19,221.0,4.0,2080.77,4.0,3.0,5.0,12.0,Loyal Customers,0,2026-03-30
C03510,United States,36,Male,Silver,2024-07-15,429.0,4.0,477.11,3.0,3.0,4.0,10.0,Loyal Customers,0,2026-03-30
C03511,Germany,21,Male,Free,2023-11-21,1650.0,1.0,107.91,1.0,3.0,1.0,5.0,Regular,0,2026-03-30
C03512,United Kingdom,34,Female,Free,2022-03-23,760.0,3.0,189.04,2.0,3.0,2.0,7.0,Regular,0,2026-03-30
C03513,Germany,31,Female,Gold,2025-08-25,100.0,2.0,52.82,5.0,3.0,1.0,9.0,Loyal Customers,0,2026-03-30
C03514,Netherlands,42,Female,Silver,2025-05-08,110.0,6.0,687.5,5.0,3.0,5.0,13.0,Loyal Customers,0,2026-03-30
C03515,Mexico,66,Male,Gold,2025-04-02,1372.0,3.0,345.43,1.0,3.0,3.0,7.0,At Risk,0,2026-03-30
C03516,United States,50,Female,Platinum,2025-12-24,325.0,6.0,988.84,4.0,3.0,5.0,12.0,Loyal Customers,0,2026-03-30
C03517,France,47,Male,Free,2025-12-29,1561.0,1.0,64.44,1.0,3.0,1.0,5.0,Regular,0,2026-03-30
C03518,India,33,Male,Free,2022-12-04,180.0,1.0,64.76,4.0,3.0,1.0,8.0,Loyal Customers,0,2026-03-30
C03519,Japan,48,Female,Silver,2023-09-17,122.0,5.0,958.05,5.0,3.0,5.0,13.0,Loyal Customers,0,2026-03-30
C03520,Japan,39,Female,Free,2025-07-09,51.0,6.0,548.59,5.0,3.0,4.0,12.0,Loyal Customers,0,2026-03-30
C03521,United States,20,Female,Free,2020-07-12,,,,,,,,No orders in window,0,2026-03-30
C03522,United Kingdom,46,Male,Free,2025-11-27,808.0,3.0,762.59,2.0,3.0,5.0,10.0,At Risk,0,2026-03-30
C03523,Germany,53,Female,Free,2020-07-19,148.0,4.0,1724.96,5.0,3.0,5.0,13.0,Loyal Customers,0,2026-03-30
C03524,Germany,33,Male,Silver,2022-12-25,50.0,6.0,988.16,5.0,3.0,5.0,13.0,Loyal Customers,1,2026-03-30
C03525,United States,52,Male,Free,2026-03-14,90.0,2.0,360.22,5.0,3.0,3.0,11.0,Loyal Customers,0,2026-03-30
C03526,Mexico,33,Male,Free,2023-05-19,1097.0,2.0,154.57,1.0,3.0,2.0,6.0,Regular,0,2026-03-30
C03527,Australia,20,Male,Gold,2024-06-08,1599.0,1.0,105.0,1.0,3.0,1.0,5.0,Regular,0,2026-03-30
C03528,Germany,21,Male,Silver,2025-10-19,345.0,4.0,491.86,4.0,3.0,4.0,11.0,Loyal Customers,0,2026-03-30
C03529,Germany,51,Male,Free,2024-11-25,608.0,1.0,77.17,3.0,3.0,1.0,7.0,Loyal Customers,0,2026-03-30
C03530,Brazil,25,Female,Free,2024-09-08,927.0,1.0,91.57,2.0,3.0,1.0,6.0,Regular,0,2026-03-30
C03531,United Kingdom,43,Female,Free,2024-12-29,565.0,7.0,599.9200000000001,3.0,3.0,4.0,10.0,Loyal Customers,0,2026-03-30
C03532,India,46,Male,Free,2025-09-05,232.0,4.0,364.42,4.0,3.0,3.0,10.0,Loyal Customers,0,2026-03-30
C03533,India,46,Male,Free,2025-10-18,520.0,4.0,414.43,3.0,3.0,4.0,10.0,Loyal Customers,0,2026-03-30
C03534,Australia,47,Female,Platinum,2025-04-23,154.0,4.0,433.95,4.0,3.0,4.0,11.0,Loyal Customers,0,2026-03-30
C03535,India,18,Female,Free,2021-09-20,137.0,4.0,581.48,5.0,3.0,4.0,12.0,Loyal Customers,0,2026-03-30
C03536,United Kingdom,32,Male,Platinum,2022-11-11,560.0,3.0,557.46,3.0,3.0,4.0,10.0,Loyal Customers,0,2026-03-30
C03537,United States,31,Male,Free,2025-09-28,424.0,4.0,353.17,3.0,3.0,3.0,9.0,Loyal Customers,0,2026-03-30
C03538,United States,58,Female,Gold,2023-06-30,663.0,3.0,255.11,2.0,3.0,2.0,7.0,Regular,0,2026-03-30
C03539,Japan,25,Male,Free,2025-12-02,772.0,3.0,377.31,2.0,3.0,3.0,8.0,At Risk,0,2026-03-30
C03540,France,40,Male,Platinum,2025-06-14,84.0,2.0,226.67,5.0,3.0,2.0,10.0,Loyal Customers,0,2026-03-30
C03541,United States,24,Male,Silver,2025-11-29,1448.0,3.0,233.33,1.0,3.0,2.0,6.0,Regular,0,2026-03-30
C03542,France,24,Female,Free,2022-06-26,247.0,3.0,151.45,4.0,3.0,2.0,9.0,Loyal Customers,0,2026-03-30
C03543,United States,37,Male,Gold,2021-07-29,60.0,8.0,1364.95,5.0,3.0,5.0,13.0,Loyal Customers,0,2026-03-30
C03544,United States,36,Female,Silver,2025-08-18,282.0,5.0,541.46,4.0,3.0,4.0,11.0,Loyal Customers,0,2026-03-30
C03545,United States,25,Male,Free,2026-02-08,1056.0,2.0,461.53,2.0,3.0,4.0,9.0,At Risk,0,2026-03-30
C03546,South Korea,21,Female,Free,2025-11-09,626.0,5.0,434.76,2.0,3.0,4.0,9.0,At Risk,0,2026-03-30
C03547,India,20,Male,Free,2022-03-13,367.0,4.0,629.44,3.0,3.0,5.0,11.0,Loyal Customers,0,2026-03-30
C03548,Germany,28,Female,Free,2025-10-01,714.0,3.0,302.27,2.0,3.0,3.0,8.0,At Risk,0,2026-03-30
C03549,South Korea,39,Male,Free,2023-07-08,,,,,,,,No orders in window,0,2026-03-30
C03550,France,23,Male,Gold,2025-11-29,307.0,4.0,285.62,4.0,3.0,3.0,10.0,Loyal Customers,0,2026-03-30
C03551,Canada,46,Female,Silver,2026-02-24,583.0,2.0,237.18,3.0,3.0,2.0,8.0,Loyal Customers,0,2026-03-30
C03552,South Korea,49,Male,Free,2025-03-10,515.0,1.0,88.53,3.0,3.0,1.0,7.0,Loyal Customers,0,2026-03-30
C03553,United States,33,Female,Silver,2023-01-09,208.0,4.0,816.97,4.0,3.0,5.0,12.0,Loyal Customers,0,2026-03-30
C03554,India,25,Female,Silver,2024-12-11,1706.0,2.0,235.39,1.0,3.0,2.0,6.0,Regular,0,2026-03-30
C03555,France,23,Male,Gold,2024-12-16,302.0,4.0,231.24,4.0,3.0,2.0,9.0,Loyal Customers,0,2026-03-30
C03556,United States,27,Male,Platinum,2018-03-18,241.0,2.0,74.83,4.0,3.0,1.0,8.0,Loyal Customers,0,2026-03-30
C03557,United States,22,Female,Free,2024-11-07,259.0,6.0,1388.66,4.0,3.0,5.0,12.0,Loyal Customers,0,2026-03-30
C03558,United States,41,Male,Platinum,2024-12-17,186.0,5.0,699.6800000000001,4.0,3.0,5.0,12.0,Loyal Customers,0,2026-03-30
C03559,Germany,37,Female,Platinum,2021-01-06,1209.0,2.0,120.96,1.0,3.0,1.0,5.0,Regular,0,2026-03-30
C03560,France,37,Male,Free,2025-12-25,481.0,5.0,728.6700000000001,3.0,3.0,5.0,11.0,Loyal Customers,0,2026-03-30
C03561,United States,39,Female,Free,2024-01-18,611.0,2.0,114.48,3.0,3.0,1.0,7.0,Loyal Customers,0,2026-03-30
C03562,Poland,56,Male,Free,2024-06-18,83.0,2.0,201.58,5.0,3.0,2.0,10.0,Loyal Customers,0,2026-03-30
C03563,Japan,42,Male,Silver,2024-07-04,37.0,5.0,527.12,5.0,3.0,4.0,12.0,Loyal Customers,0,2026-03-30
C03564,Australia,32,Male,Gold,2025-12-09,272.0,4.0,2328.23,4.0,3.0,5.0,12.0,Loyal Customers,0,2026-03-30
C03565,Canada,35,Female,Free,2023-11-03,342.0,5.0,387.32,4.0,3.0,3.0,10.0,Loyal Customers,0,2026-03-30
C03566,France,28,Male,Free,2024-09-24,,,,,,,,No orders in window,1,2026-03-30
C03567,Mexico,48,Female,Free,2025-10-30,458.0,2.0,124.83,3.0,3.0,1.0,7.0,Loyal Customers,0,2026-03-30
C03568,Canada,36,Male,Free,2019-11-24,853.0,2.0,639.06,2.0,3.0,5.0,10.0,At Risk,0,2026-03-30
C03569,Germany,48,Male,Silver,2025-09-26,989.0,2.0,298.75,2.0,3.0,3.0,8.0,At Risk,0,2026-03-30
C03570,Brazil,27,Male,Free,2021-10-08,176.0,5.0,452.35,4.0,3.0,4.0,11.0,Loyal Customers,1,2026-03-30
C03571,Turkey,24,Female,Gold,2025-09-13,825.0,3.0,200.55,2.0,3.0,2.0,7.0,Regular,1,2026-03-30
C03572,United Kingdom,45,Female,Silver,2024-02-27,2.0,5.0,2227.29,5.0,3.0,5.0,13.0,Loyal Customers,0,2026-03-30
C03573,United Kingdom,65,Male,Platinum,2024-06-29,1380.0,1.0,28.24,1.0,3.0,1.0,5.0,Regular,0,2026-03-30
C03574,United States,31,Female,Free,2025-11-19,927.0,4.0,585.8299999999999,2.0,3.0,4.0,9.0,At Risk,1,2026-03-30
C03575,South Korea,46,Male,Platinum,2026-03-18,941.0,2.0,101.75,2.0,3.0,1.0,6.0,Regular,0,2026-03-30
C03576,Japan,42,Male,Platinum,2025-05-28,840.0,3.0,509.32,2.0,3.0,4.0,9.0,At Risk,0,2026-03-30
C03577,United States,32,Male,Free,2026-03-15,1685.0,1.0,167.16,1.0,3.0,2.0,6.0,Regular,0,2026-03-30
C03578,United Kingdom,33,Male,Platinum,2024-08-03,676.0,3.0,237.00000000000003,2.0,3.0,2.0,7.0,Regular,0,2026-03-30
C03579,Netherlands,53,Female,Silver,2024-08-18,755.0,1.0,13.09,2.0,3.0,1.0,6.0,Regular,0,2026-03-30
C03580,Germany,46,Male,Silver,2026-02-02,1041.0,3.0,197.11,2.0,3.0,2.0,7.0,Regular,0,2026-03-30
C03581,United States,46,Female,Free,2023-06-03,65.0,6.0,363.07,5.0,3.0,3.0,11.0,Loyal Customers,0,2026-03-30
C03582,Italy,40,Male,Silver,2025-08-10,892.0,4.0,323.61,2.0,3.0,3.0,8.0,At Risk,0,2026-03-30
C03583,France,50,Male,Free,2024-01-17,147.0,8.0,725.01,5.0,3.0,5.0,13.0,Loyal Customers,0,2026-03-30
C03584,Netherlands,43,Male,Free,2019-06-09,164.0,5.0,626.08,4.0,3.0,5.0,12.0,Loyal Customers,0,2026-03-30
C03585,Canada,18,Female,Free,2025-07-18,372.0,7.0,678.2,3.0,3.0,5.0,11.0,Loyal Customers,0,2026-03-30
C03586,United States,41,Female,Gold,2025-05-31,3.0,3.0,314.17,5.0,3.0,3.0,11.0,Loyal Customers,0,2026-03-30
C03587,Germany,56,Male,Platinum,2023-07-24,1450.0,1.0,668.43,1.0,3.0,5.0,9.0,At Risk,0,2026-03-30
C03588,Japan,29,Male,Free,2021-04-12,409.0,1.0,177.02,3.0,3.0,2.0,8.0,Loyal Customers,0,2026-03-30
C03589,Turkey,25,Female,Gold,2025-01-28,30.0,2.0,248.29,5.0,3.0,2.0,10.0,Loyal Customers,0,2026-03-30
C03590,Spain,30,Female,Free,2023-09-19,2049.0,1.0,134.45,1.0,3.0,1.0,5.0,Regular,0,2026-03-30
C03591,Germany,32,Male,Gold,2021-07-18,1432.0,2.0,116.17000000000002,1.0,3.0,1.0,5.0,Regular,0,2026-03-30
C03592,Mexico,32,Male,Free,2024-07-23,1084.0,2.0,95.74,1.0,3.0,1.0,5.0,Regular,0,2026-03-30
C03593,France,29,Female,Free,2025-07-03,286.0,2.0,276.33,4.0,3.0,3.0,10.0,Loyal Customers,0,2026-03-30
C03594,Australia,35,Male,Free,2025-09-26,1144.0,1.0,88.81,1.0,3.0,1.0,5.0,Regular,0,2026-03-30
C03595,United States,36,Female,Free,2026-02-23,123.0,2.0,308.53,5.0,3.0,3.0,11.0,Loyal Customers,0,2026-03-30
C03596,Germany,25,Male,Free,2025-04-08,885.0,5.0,335.84000000000003,2.0,3.0,3.0,8.0,At Risk,0,2026-03-30
C03597,Netherlands,27,Male,Free,2025-06-23,,,,,,,,No orders in window,0,2026-03-30
C03598,United States,18,Female,Platinum,2025-09-30,1614.0,2.0,612.64,1.0,3.0,4.0,8.0,At Risk,0,2026-03-30
C03599,India,35,Male,Platinum,2025-03-31,195.0,4.0,299.43,4.0,3.0,3.0,10.0,Loyal Customers,0,2026-03-30
C03600,United States,43,Female,Free,2018-05-01,2154.0,1.0,87.31,1.0,3.0,1.0,5.0,Regular,0,2026-03-30
C03601,Australia,34,Female,Free,2025-07-17,12.0,2.0,414.91,5.0,3.0,4.0,12.0,Loyal Customers,0,2026-03-30
C03602,Canada,47,Male,Silver,2025-09-01,1581.0,2.0,28.02,1.0,3.0,1.0,5.0,Regular,0,2026-03-30
C03603,Japan,33,Male,Free,2024-12-17,763.0,1.0,466.28,2.0,3.0,4.0,9.0,At Risk,0,2026-03-30
C03604,United States,18,Female,Free,2023-03-13,,,,,,,,No orders in window,0,2026-03-30
C03605,France,45,Male,Platinum,2026-01-07,1029.0,2.0,301.5,2.0,3.0,3.0,8.0,At Risk,0,2026-03-30
C03606,United States,18,Male,Free,2024-11-04,1627.0,3.0,547.0200000000001,1.0,3.0,4.0,8.0,At Risk,0,2026-03-30
C03607,Brazil,39,Male,Silver,2024-08-19,477.0,4.0,1085.49,3.0,3.0,5.0,11.0,Loyal Customers,0,2026-03-30
C03608,Brazil,50,Male,Platinum,2025-05-11,859.0,1.0,67.01,2.0,3.0,1.0,6.0,Regular,0,2026-03-30
C03609,United States,58,Male,Free,2022-12-28,531.0,3.0,276.52,3.0,3.0,3.0,9.0,Loyal Customers,0,2026-03-30
C03610,United States,34,Female,Free,2021-12-26,352.0,5.0,1068.77,3.0,3.0,5.0,11.0,Loyal Customers,0,2026-03-30
C03611,Brazil,44,Female,Free,2024-12-08,368.0,3.0,766.47,3.0,3.0,5.0,11.0,Loyal Customers,1,2026-03-30
C03612,Mexico,35,Male,Free,2025-11-09,1020.0,3.0,80.36,2.0,3.0,1.0,6.0,Regular,1,2026-03-30
C03613,United States,52,Female,Gold,2025-09-08,669.0,1.0,41.2,2.0,3.0,1.0,6.0,Regular,0,2026-03-30
C03614,United Kingdom,47,Male,Free,2024-01-11,264.0,5.0,156.44,4.0,3.0,2.0,9.0,Loyal Customers,0,2026-03-30
C03615,South Korea,56,Male,Free,2025-11-28,342.0,1.0,62.6,4.0,3.0,1.0,8.0,Loyal Customers,0,2026-03-30
C03616,United States,47,Female,Free,2025-07-21,954.0,2.0,130.59,2.0,3.0,1.0,6.0,Regular,0,2026-03-30
C03617,India,38,Female,Free,2024-05-17,1078.0,1.0,53.46,1.0,3.0,1.0,5.0,Regular,0,2026-03-30
C03618,Brazil,41,Male,Free,2025-03-23,608.0,2.0,279.85,3.0,3.0,3.0,9.0,Loyal Customers,0,2026-03-30
C03619,France,34,Male,Silver,2026-03-26,55.0,3.0,249.61,5.0,3.0,2.0,10.0,Loyal Customers,0,2026-03-30
C03620,Canada,40,Female,Gold,2025-06-19,32.0,3.0,215.88,5.0,3.0,2.0,10.0,Loyal Customers,0,2026-03-30
C03621,Brazil,38,Male,Free,2019-08-06,131.0,3.0,352.48,5.0,3.0,3.0,11.0,Loyal Customers,0,2026-03-30
C03622,United States,26,Female,Free,2025-02-08,662.0,5.0,990.15,2.0,3.0,5.0,10.0,At Risk,0,2026-03-30
C03623,France,30,Male,Free,2026-01-07,308.0,4.0,565.99,4.0,3.0,4.0,11.0,Loyal Customers,0,2026-03-30
C03624,Mexico,18,Female,Free,2022-09-29,477.0,4.0,458.26,3.0,3.0,4.0,10.0,Loyal Customers,1,2026-03-30
C03625,United Kingdom,50,Male,Free,2026-01-07,597.0,2.0,256.46000000000004,3.0,3.0,2.0,8.0,Loyal Customers,0,2026-03-30
C03626,United States,38,Female,Free,2023-06-25,428.0,5.0,874.45,3.0,3.0,5.0,11.0,Loyal Customers,0,2026-03-30
C03627,Germany,22,Female,Free,2024-05-06,215.0,6.0,554.29,4.0,3.0,4.0,11.0,Loyal Customers,0,2026-03-30
C03628,South Korea,18,Female,Silver,2024-01-20,224.0,5.0,289.77,4.0,3.0,3.0,10.0,Loyal Customers,0,2026-03-30
C03629,United States,40,Female,Silver,2025-07-14,131.0,3.0,529.03,5.0,3.0,4.0,12.0,Loyal Customers,0,2026-03-30
C03630,India,41,Female,Gold,2025-12-06,805.0,2.0,260.98,2.0,3.0,3.0,8.0,At Risk,0,2026-03-30
C03631,India,21,Female,Free,2025-12-28,519.0,3.0,295.36,3.0,3.0,3.0,9.0,Loyal Customers,0,2026-03-30
C03632,United Kingdom,35,Female,Silver,2023-06-04,1794.0,2.0,63.29,1.0,3.0,1.0,5.0,Regular,0,2026-03-30
C03633,Italy,31,Male,Gold,2025-05-31,1121.0,2.0,86.17,1.0,3.0,1.0,5.0,Regular,0,2026-03-30
C03634,United States,36,Male,Free,2025-09-25,464.0,3.0,358.19,3.0,3.0,3.0,9.0,Loyal Customers,0,2026-03-30
C03635,Mexico,53,Male,Free,2025-09-06,686.0,2.0,106.66,2.0,3.0,1.0,6.0,Regular,0,2026-03-30
C03636,Singapore,41,Male,Free,2024-02-14,877.0,2.0,129.94,2.0,3.0,1.0,6.0,Regular,0,2026-03-30
C03637,United States,27,Female,Gold,2026-01-12,611.0,1.0,69.31,3.0,3.0,1.0,7.0,Loyal Customers,0,2026-03-30
C03638,India,31,Male,Silver,2024-08-09,35.0,3.0,340.24,5.0,3.0,3.0,11.0,Loyal Customers,0,2026-03-30
C03639,Germany,34,Female,Free,2024-01-12,391.0,2.0,509.35,3.0,3.0,4.0,10.0,Loyal Customers,0,2026-03-30
C03640,United States,33,Female,Free,2026-01-18,624.0,3.0,167.89,3.0,3.0,2.0,8.0,Loyal Customers,0,2026-03-30
C03641,France,47,Male,Free,2023-07-28,142.0,4.0,390.62,5.0,3.0,3.0,11.0,Loyal Customers,1,2026-03-30
C03642,Singapore,35,Male,Silver,2025-09-17,296.0,7.0,834.26,4.0,3.0,5.0,12.0,Loyal Customers,0,2026-03-30
C03643,United States,37,Male,Free,2026-03-09,120.0,3.0,188.55,5.0,3.0,2.0,10.0,Loyal Customers,0,2026-03-30
C03644,Germany,31,Male,Free,2025-05-13,154.0,2.0,143.10000000000002,4.0,3.0,2.0,9.0,Loyal Customers,0,2026-03-30
C03645,United Kingdom,37,Male,Gold,2025-08-11,1567.0,3.0,121.83,1.0,3.0,1.0,5.0,Regular,0,2026-03-30
C03646,United States,19,Male,Free,2023-10-04,10.0,2.0,84.24,5.0,3.0,1.0,9.0,Loyal Customers,0,2026-03-30
C03647,France,31,Female,Silver,2025-11-21,,,,,,,,No orders in window,0,2026-03-30
C03648,France,44,Other,Silver,2024-07-26,194.0,5.0,564.0600000000001,4.0,3.0,4.0,11.0,Loyal Customers,0,2026-03-30
C03649,India,29,Female,Silver,2026-02-19,122.0,5.0,469.54,5.0,3.0,4.0,12.0,Loyal Customers,0,2026-03-30
C03650,Mexico,52,Female,Silver,2025-03-19,704.0,3.0,212.9,2.0,3.0,2.0,7.0,Regular,0,2026-03-30
C03651,Brazil,35,Male,Free,2025-09-21,97.0,4.0,399.26,5.0,3.0,3.0,11.0,Loyal Customers,0,2026-03-30
C03652,Mexico,33,Male,Free,2026-01-15,1006.0,2.0,137.23000000000002,2.0,3.0,1.0,6.0,Regular,0,2026-03-30
C03653,Germany,60,Female,Free,2018-07-21,803.0,1.0,107.84,2.0,3.0,1.0,6.0,Regular,0,2026-03-30
C03654,India,54,Female,Silver,2023-08-14,436.0,2.0,315.04999999999995,3.0,3.0,3.0,9.0,Loyal Customers,0,2026-03-30
C03655,Germany,43,Male,Free,2022-10-11,279.0,1.0,86.44,4.0,3.0,1.0,8.0,Loyal Customers,0,2026-03-30
C03656,United Kingdom,32,Female,Free,2025-11-05,267.0,4.0,318.37,4.0,3.0,3.0,10.0,Loyal Customers,0,2026-03-30
C03657,United States,23,Male,Platinum,2024-06-05,105.0,4.0,848.4300000000001,5.0,3.0,5.0,13.0,Loyal Customers,1,2026-03-30
C03658,Germany,46,Female,Silver,2024-07-06,1408.0,1.0,34.75,1.0,3.0,1.0,5.0,Regular,0,2026-03-30
C03659,France,20,Male,Gold,2025-03-28,189.0,9.0,1273.17,4.0,3.0,5.0,12.0,Loyal Customers,0,2026-03-30
C03660,United States,59,Female,Platinum,2026-02-04,173.0,3.0,281.63,4.0,3.0,3.0,10.0,Loyal Customers,0,2026-03-30
C03661,United Kingdom,18,Female,Free,2024-11-30,357.0,2.0,161.84,3.0,3.0,2.0,8.0,Loyal Customers,0,2026-03-30
C03662,United States,47,Male,Gold,2023-09-21,835.0,2.0,114.18,2.0,3.0,1.0,6.0,Regular,0,2026-03-30
C03663,Brazil,64,Female,Free,2025-06-18,602.0,4.0,345.43,3.0,3.0,3.0,9.0,Loyal Customers,0,2026-03-30
C03664,United Kingdom,42,Female,Free,2025-12-05,110.0,3.0,360.0,5.0,3.0,3.0,11.0,Loyal Customers,0,2026-03-30
C03665,Japan,27,Female,Free,2022-01-27,144.0,5.0,541.7,5.0,3.0,4.0,12.0,Loyal Customers,0,2026-03-30
C03666,Italy,43,Female,Silver,2026-02-13,114.0,3.0,1735.7499999999998,5.0,3.0,5.0,13.0,Loyal Customers,0,2026-03-30
C03667,Brazil,47,Female,Free,2025-07-26,26.0,5.0,304.04,5.0,3.0,3.0,11.0,Loyal Customers,0,2026-03-30
C03668,United States,54,Female,Free,2025-05-27,1698.0,2.0,47.75,1.0,3.0,1.0,5.0,Regular,0,2026-03-30
C03669,Germany,40,Female,Silver,2025-11-14,180.0,4.0,3002.72,4.0,3.0,5.0,12.0,Loyal Customers,0,2026-03-30
C03670,Mexico,49,Female,Free,2025-08-15,653.0,2.0,327.68,2.0,3.0,3.0,8.0,At Risk,0,2026-03-30
C03671,United States,29,Male,Gold,2025-05-25,1142.0,2.0,132.96,1.0,3.0,1.0,5.0,Regular,0,2026-03-30
C03672,United Kingdom,27,Male,Free,2024-03-07,73.0,3.0,208.59,5.0,3.0,2.0,10.0,Loyal Customers,0,2026-03-30
C03673,United States,29,Male,Gold,2025-11-11,,,,,,,,No orders in window,0,2026-03-30
C03674,United Kingdom,49,Female,Free,2025-09-09,331.0,6.0,1307.07,4.0,3.0,5.0,12.0,Loyal Customers,0,2026-03-30
C03675,Brazil,40,Female,Free,2024-05-06,426.0,6.0,511.58,3.0,3.0,4.0,10.0,Loyal Customers,0,2026-03-30
C03676,United States,18,Female,Free,2023-11-20,491.0,6.0,703.53,3.0,3.0,5.0,11.0,Loyal Customers,0,2026-03-30
C03677,United States,37,Female,Platinum,2023-11-01,54.0,5.0,1638.9700000000005,5.0,3.0,5.0,13.0,Loyal Customers,0,2026-03-30
C03678,United States,22,Male,Silver,2023-02-03,476.0,2.0,222.9,3.0,3.0,2.0,8.0,Loyal Customers,0,2026-03-30
C03679,Australia,36,Female,Platinum,2023-12-20,1270.0,4.0,224.74,1.0,3.0,2.0,6.0,Regular,0,2026-03-30
C03680,United States,41,Male,Silver,2024-05-01,905.0,3.0,740.1700000000001,2.0,3.0,5.0,10.0,At Risk,0,2026-03-30
C03681,India,44,Female,Free,2025-05-21,1233.0,2.0,289.01,1.0,3.0,3.0,7.0,At Risk,0,2026-03-30
C03682,United States,26,Male,Platinum,2023-10-21,1609.0,1.0,149.75,1.0,3.0,2.0,6.0,Regular,0,2026-03-30
C03683,Mexico,25,Female,Silver,2025-11-10,204.0,6.0,1480.34,4.0,3.0,5.0,12.0,Loyal Customers,0,2026-03-30
C03684,France,29,Female,Platinum,2023-04-14,892.0,2.0,105.05,2.0,3.0,1.0,6.0,Regular,0,2026-03-30
C03685,United States,55,Male,Free,2023-11-09,647.0,5.0,1202.87,2.0,3.0,5.0,10.0,At Risk,0,2026-03-30
C03686,United States,40,Male,Free,2025-10-14,552.0,2.0,95.99,3.0,3.0,1.0,7.0,Loyal Customers,0,2026-03-30
C03687,United States,26,Male,Free,2019-03-29,562.0,3.0,535.99,3.0,3.0,4.0,10.0,Loyal Customers,0,2026-03-30
C03688,United States,58,Female,Free,2023-12-10,,,,,,,,No orders in window,0,2026-03-30
C03689,Brazil,30,Female,Free,2025-07-09,26.0,5.0,544.5,5.0,3.0,4.0,12.0,Loyal Customers,0,2026-03-30
C03690,United States,38,Female,Free,2022-06-23,2176.0,1.0,259.47,1.0,3.0,2.0,6.0,Regular,0,2026-03-30
C03691,United Kingdom,34,Other,Gold,2026-03-29,1727.0,1.0,442.53,1.0,3.0,4.0,8.0,At Risk,0,2026-03-30
C03692,United States,33,Male,Free,2026-01-23,385.0,3.0,279.6,3.0,3.0,3.0,9.0,Loyal Customers,0,2026-03-30
C03693,Brazil,47,Female,Silver,2025-08-12,1377.0,2.0,169.32999999999998,1.0,3.0,2.0,6.0,Regular,0,2026-03-30
C03694,United States,29,Male,Gold,2025-02-12,441.0,5.0,528.3199999999999,3.0,3.0,4.0,10.0,Loyal Customers,0,2026-03-30
C03695,United Kingdom,21,Female,Silver,2026-02-08,1071.0,3.0,609.11,1.0,3.0,4.0,8.0,At Risk,0,2026-03-30
C03696,United States,41,Male,Silver,2025-05-03,259.0,6.0,1943.87,4.0,3.0,5.0,12.0,Loyal Customers,0,2026-03-30
C03697,Canada,34,Male,Free,2024-07-09,529.0,5.0,587.96,3.0,3.0,4.0,10.0,Loyal Customers,0,2026-03-30
C03698,Canada,62,Female,Free,2026-02-19,106.0,8.0,934.68,5.0,3.0,5.0,13.0,Loyal Customers,0,2026-03-30
C03699,Mexico,30,Male,Silver,2026-03-31,511.0,6.0,555.03,3.0,3.0,4.0,10.0,Loyal Customers,0,2026-03-30
C03700,Poland,32,Female,Platinum,2024-05-27,498.0,2.0,399.49,3.0,3.0,3.0,9.0,Loyal Customers,0,2026-03-30
C03701,United States,53,Female,Free,2025-10-05,847.0,4.0,582.81,2.0,3.0,4.0,9.0,At Risk,0,2026-03-30
C03702,India,32,Male,Silver,2023-12-16,313.0,4.0,311.22,4.0,3.0,3.0,10.0,Loyal Customers,0,2026-03-30
C03703,Australia,37,Male,Gold,2024-04-28,1232.0,4.0,453.1,1.0,3.0,4.0,8.0,At Risk,0,2026-03-30
C03704,India,43,Male,Silver,2025-12-28,18.0,4.0,292.58,5.0,3.0,3.0,11.0,Loyal Customers,0,2026-03-30
C03705,India,33,Female,Silver,2024-05-16,220.0,7.0,1092.41,4.0,3.0,5.0,12.0,Loyal Customers,0,2026-03-30
C03706,United States,25,Female,Gold,2025-06-05,1016.0,2.0,186.43,2.0,3.0,2.0,7.0,Regular,0,2026-03-30
C03707,Italy,23,Female,Free,2025-07-11,781.0,4.0,901.68,2.0,3.0,5.0,10.0,At Risk,0,2026-03-30
C03708,Canada,44,Male,Free,2025-11-26,713.0,11.0,2076.39,2.0,3.0,5.0,10.0,At Risk,0,2026-03-30
C03709,United Kingdom,48,Female,Gold,2024-09-20,384.0,3.0,163.77,3.0,3.0,2.0,8.0,Loyal Customers,0,2026-03-30
C03710,United Kingdom,46,Female,Free,2024-01-27,338.0,3.0,252.4,4.0,3.0,2.0,9.0,Loyal Customers,0,2026-03-30
C03711,Sweden,51,Male,Silver,2026-02-10,112.0,4.0,1521.8,5.0,3.0,5.0,13.0,Loyal Customers,0,2026-03-30
C03712,United States,57,Male,Free,2025-07-02,2184.0,1.0,220.72,1.0,3.0,2.0,6.0,Regular,0,2026-03-30
C03713,Australia,32,Female,Silver,2024-02-13,470.0,5.0,251.33,3.0,3.0,2.0,8.0,Loyal Customers,0,2026-03-30
C03714,Brazil,23,Male,Platinum,2025-11-29,328.0,6.0,1278.9,4.0,3.0,5.0,12.0,Loyal Customers,0,2026-03-30
C03715,United States,54,Female,Silver,2024-05-07,9.0,6.0,510.41,5.0,3.0,4.0,12.0,Loyal Customers,0,2026-03-30
C03716,India,48,Male,Free,2022-02-02,154.0,4.0,207.71,4.0,3.0,2.0,9.0,Loyal Customers,0,2026-03-30
C03717,Italy,20,Male,Free,2025-11-11,1522.0,2.0,610.4,1.0,3.0,4.0,8.0,At Risk,0,2026-03-30
C03718,Germany,44,Male,Silver,2026-01-24,,,,,,,,No orders in window,0,2026-03-30
C03719,United Kingdom,30,Female,Free,2025-07-18,112.0,3.0,856.31,5.0,3.0,5.0,13.0,Loyal Customers,0,2026-03-30
C03720,Canada,40,Male,Gold,2026-02-22,1400.0,1.0,54.07,1.0,3.0,1.0,5.0,Regular,1,2026-03-30
C03721,United States,39,Female,Gold,2025-12-23,113.0,5.0,885.44,5.0,3.0,5.0,13.0,Loyal Customers,1,2026-03-30
C03722,United Kingdom,54,Female,Free,2024-11-05,1174.0,6.0,1012.57,1.0,3.0,5.0,9.0,At Risk,0,2026-03-30
C03723,Germany,52,Female,Free,2026-02-23,474.0,3.0,521.67,3.0,3.0,4.0,10.0,Loyal Customers,0,2026-03-30
C03724,Japan,45,Male,Free,2023-08-27,270.0,3.0,480.32,4.0,3.0,4.0,11.0,Loyal Customers,0,2026-03-30
C03725,Australia,18,Female,Silver,2024-11-14,757.0,1.0,170.69,2.0,3.0,2.0,7.0,Regular,0,2026-03-30
C03726,France,35,Female,Gold,2024-06-25,552.0,4.0,232.47,3.0,3.0,2.0,8.0,Loyal Customers,0,2026-03-30
C03727,India,50,Male,Free,2019-08-10,1012.0,3.0,341.0,2.0,3.0,3.0,8.0,At Risk,0,2026-03-30
C03728,United Kingdom,56,Male,Gold,2024-06-03,83.0,7.0,416.87,5.0,3.0,4.0,12.0,Loyal Customers,0,2026-03-30
C03729,Mexico,18,Male,Silver,2025-02-09,761.0,3.0,180.5,2.0,3.0,2.0,7.0,Regular,0,2026-03-30
C03730,Brazil,24,Female,Gold,2017-05-26,859.0,4.0,330.91,2.0,3.0,3.0,8.0,At Risk,0,2026-03-30
C03731,United States,55,Female,Free,2023-05-14,142.0,3.0,405.46,5.0,3.0,4.0,12.0,Loyal Customers,0,2026-03-30
C03732,Australia,39,Female,Platinum,2025-03-21,493.0,4.0,219.93,3.0,3.0,2.0,8.0,Loyal Customers,0,2026-03-30
C03733,Brazil,42,Female,Gold,2025-09-19,1783.0,4.0,179.38,1.0,3.0,2.0,6.0,Regular,0,2026-03-30
C03734,Spain,28,Female,Free,2025-11-06,299.0,5.0,755.74,4.0,3.0,5.0,12.0,Loyal Customers,0,2026-03-30
C03735,Sweden,58,Male,Free,2026-01-08,90.0,4.0,415.48,5.0,3.0,4.0,12.0,Loyal Customers,0,2026-03-30
C03736,United States,48,Male,Gold,2025-03-16,739.0,3.0,1393.89,2.0,3.0,5.0,10.0,At Risk,0,2026-03-30
C03737,Poland,18,Male,Gold,2025-04-22,675.0,4.0,447.74,2.0,3.0,4.0,9.0,At Risk,0,2026-03-30
C03738,United States,30,Female,Free,2018-11-30,1447.0,2.0,73.63,1.0,3.0,1.0,5.0,Regular,0,2026-03-30
C03739,United States,48,Male,Free,2026-03-27,849.0,3.0,249.86,2.0,3.0,2.0,7.0,Regular,0,2026-03-30
C03740,United States,30,Male,Silver,2024-11-02,203.0,1.0,224.24,4.0,3.0,2.0,9.0,Loyal Customers,0,2026-03-30
C03741,United Kingdom,37,Male,Free,2022-06-01,84.0,2.0,181.3,5.0,3.0,2.0,10.0,Loyal Customers,0,2026-03-30
C03742,Uae,41,Female,Free,2023-12-10,1746.0,1.0,49.78,1.0,3.0,1.0,5.0,Regular,0,2026-03-30
C03743,Mexico,30,Female,Free,2024-08-24,677.0,5.0,839.75,2.0,3.0,5.0,10.0,At Risk,0,2026-03-30
C03744,Australia,33,Female,Free,2025-11-16,1487.0,1.0,33.36,1.0,3.0,1.0,5.0,Regular,1,2026-03-30
C03745,United States,29,Female,Free,2024-07-11,822.0,1.0,54.26,2.0,3.0,1.0,6.0,Regular,0,2026-03-30
C03746,Mexico,32,Female,Gold,2021-08-16,1416.0,1.0,131.49,1.0,3.0,1.0,5.0,Regular,0,2026-03-30
C03747,Brazil,64,Male,Free,2020-07-27,16.0,6.0,382.8,5.0,3.0,3.0,11.0,Loyal Customers,0,2026-03-30
C03748,United States,25,Male,Gold,2025-05-31,1233.0,2.0,332.89,1.0,3.0,3.0,7.0,At Risk,0,2026-03-30
C03749,Mexico,41,Female,Free,2024-05-16,15.0,4.0,602.3499999999999,5.0,3.0,4.0,12.0,Loyal Customers,0,2026-03-30
C03750,Germany,27,Other,Free,2025-02-03,68.0,4.0,299.18,5.0,3.0,3.0,11.0,Loyal Customers,0,2026-03-30
C03751,Singapore,36,Male,Free,2025-02-08,327.0,4.0,294.26,4.0,3.0,3.0,10.0,Loyal Customers,0,2026-03-30
C03752,United States,44,Other,Free,2024-08-26,722.0,3.0,297.38,2.0,3.0,3.0,8.0,At Risk,0,2026-03-30
C03753,Australia,39,Male,Platinum,2024-10-19,281.0,5.0,632.25,4.0,3.0,5.0,12.0,Loyal Customers,0,2026-03-30
C03754,United States,30,Male,Free,2026-02-26,120.0,2.0,135.64999999999998,5.0,3.0,1.0,9.0,Loyal Customers,0,2026-03-30
C03755,United States,30,Male,Free,2025-01-24,1537.0,2.0,456.81,1.0,3.0,4.0,8.0,At Risk,0,2026-03-30
C03756,United Kingdom,38,Female,Gold,2025-10-18,402.0,5.0,841.01,3.0,3.0,5.0,11.0,Loyal Customers,0,2026-03-30
C03757,Canada,18,Female,Free,2024-08-08,41.0,3.0,316.26,5.0,3.0,3.0,11.0,Loyal Customers,0,2026-03-30
C03758,Mexico,18,Male,Silver,2025-03-22,419.0,5.0,407.01,3.0,3.0,4.0,10.0,Loyal Customers,1,2026-03-30
C03759,United Kingdom,46,Male,Free,2023-01-16,2132.0,1.0,56.42,1.0,3.0,1.0,5.0,Regular,0,2026-03-30
C03760,Japan,25,Male,Free,2025-05-16,567.0,9.0,895.24,3.0,3.0,5.0,11.0,Loyal Customers,0,2026-03-30
C03761,United States,35,Male,Free,2021-10-18,14.0,3.0,226.94,5.0,3.0,2.0,10.0,Loyal Customers,0,2026-03-30
C03762,Australia,47,Male,Free,2025-12-08,377.0,7.0,1525.71,3.0,3.0,5.0,11.0,Loyal Customers,0,2026-03-30
C03763,United States,35,Female,Silver,2023-11-28,1171.0,3.0,389.54,1.0,3.0,3.0,7.0,At Risk,0,2026-03-30
C03764,United States,23,Female,Free,2021-10-02,1354.0,2.0,44.31,1.0,3.0,1.0,5.0,Regular,0,2026-03-30
C03765,India,29,Female,Free,2025-11-06,157.0,4.0,173.69,4.0,3.0,2.0,9.0,Loyal Customers,0,2026-03-30
C03766,Brazil,18,Female,Free,2024-11-05,128.0,3.0,379.31,5.0,3.0,3.0,11.0,Loyal Customers,0,2026-03-30
C03767,Germany,57,Female,Free,2024-09-10,1091.0,1.0,371.11,1.0,3.0,3.0,7.0,At Risk,0,2026-03-30
C03768,South Korea,33,Male,Free,2023-10-30,,,,,,,,No orders in window,0,2026-03-30
C03769,United States,35,Female,Free,2025-08-13,276.0,3.0,399.88,4.0,3.0,3.0,10.0,Loyal Customers,0,2026-03-30
C03770,Japan,37,Male,Silver,2024-03-15,382.0,4.0,462.82,3.0,3.0,4.0,10.0,Loyal Customers,0,2026-03-30
C03771,United States,29,Female,Free,2024-12-14,160.0,4.0,1855.15,4.0,3.0,5.0,12.0,Loyal Customers,0,2026-03-30
C03772,United States,53,Male,Free,2025-07-30,927.0,2.0,40.82,2.0,3.0,1.0,6.0,Regular,0,2026-03-30
C03773,Canada,40,Female,Free,2026-02-07,488.0,5.0,502.23,3.0,3.0,4.0,10.0,Loyal Customers,0,2026-03-30
C03774,United Kingdom,18,Female,Gold,2024-09-08,498.0,3.0,195.05,3.0,3.0,2.0,8.0,Loyal Customers,1,2026-03-30
C03775,United States,49,Female,Free,2024-07-30,1723.0,3.0,1310.6899999999998,1.0,3.0,5.0,9.0,At Risk,0,2026-03-30
C03776,United States,36,Female,Silver,2024-11-13,2260.0,1.0,247.05,1.0,3.0,2.0,6.0,Regular,0,2026-03-30
C03777,United States,40,Female,Free,2024-10-27,994.0,2.0,237.86,2.0,3.0,2.0,7.0,Regular,0,2026-03-30
C03778,India,30,Female,Platinum,2025-03-28,639.0,5.0,590.9,2.0,3.0,4.0,9.0,At Risk,0,2026-03-30
C03779,Canada,19,Female,Free,2024-11-17,598.0,3.0,197.1,3.0,3.0,2.0,8.0,Loyal Customers,0,2026-03-30
C03780,India,36,Male,Free,2026-02-15,964.0,3.0,264.81,2.0,3.0,3.0,8.0,At Risk,0,2026-03-30
C03781,Italy,28,Male,Free,2024-09-09,47.0,4.0,271.41,5.0,3.0,3.0,11.0,Loyal Customers,0,2026-03-30
C03782,India,18,Female,Silver,2026-01-03,1434.0,2.0,171.8,1.0,3.0,2.0,6.0,Regular,0,2026-03-30
C03783,United States,35,Female,Silver,2026-03-09,1283.0,1.0,140.38,1.0,3.0,2.0,6.0,Regular,0,2026-03-30
C03784,United States,31,Male,Free,2025-01-24,1036.0,5.0,363.98,2.0,3.0,3.0,8.0,At Risk,0,2026-03-30
C03785,United Kingdom,33,Female,Free,2025-03-16,890.0,4.0,435.28,2.0,3.0,4.0,9.0,At Risk,0,2026-03-30
C03786,Brazil,40,Female,Free,2026-01-15,415.0,2.0,194.08,3.0,3.0,2.0,8.0,Loyal Customers,0,2026-03-30
C03787,United States,25,Male,Free,2024-08-31,1762.0,2.0,869.11,1.0,3.0,5.0,9.0,At Risk,0,2026-03-30
C03788,United States,32,Male,Free,2024-12-31,,,,,,,,No orders in window,0,2026-03-30
C03789,United Kingdom,48,Female,Free,2025-07-23,48.0,8.0,884.65,5.0,3.0,5.0,13.0,Loyal Customers,0,2026-03-30
C03790,India,49,Female,Free,2024-09-22,886.0,3.0,511.43,2.0,3.0,4.0,9.0,At Risk,0,2026-03-30
C03791,Uae,41,Female,Free,2026-01-13,864.0,2.0,580.72,2.0,3.0,4.0,9.0,At Risk,0,2026-03-30
C03792,United States,34,Male,Free,2023-12-02,827.0,5.0,332.65,2.0,3.0,3.0,8.0,At Risk,0,2026-03-30
C03793,France,52,Male,Silver,2023-09-05,636.0,3.0,547.41,2.0,3.0,4.0,9.0,At Risk,0,2026-03-30
C03794,Brazil,56,Female,Platinum,2025-06-01,317.0,4.0,881.73,4.0,3.0,5.0,12.0,Loyal Customers,0,2026-03-30
C03795,United States,33,Male,Free,2025-12-29,1190.0,2.0,235.65,1.0,3.0,2.0,6.0,Regular,0,2026-03-30
C03796,United States,26,Male,Free,2025-03-20,325.0,4.0,319.62,4.0,3.0,3.0,10.0,Loyal Customers,0,2026-03-30
C03797,Canada,24,Male,Gold,2023-10-23,180.0,4.0,306.93,4.0,3.0,3.0,10.0,Loyal Customers,0,2026-03-30
C03798,India,36,Female,Platinum,2023-12-17,82.0,7.0,594.29,5.0,3.0,4.0,12.0,Loyal Customers,0,2026-03-30
C03799,United States,43,Female,Free,2026-02-27,327.0,3.0,402.68,4.0,3.0,4.0,11.0,Loyal Customers,1,2026-03-30
C03800,Mexico,32,Male,Free,2024-03-15,1005.0,3.0,115.05,2.0,3.0,1.0,6.0,Regular,0,2026-03-30
C03801,France,66,Female,Silver,2024-04-28,528.0,4.0,245.46,3.0,3.0,2.0,8.0,Loyal Customers,0,2026-03-30
C03802,United States,38,Other,Free,2026-02-12,,,,,,,,No orders in window,0,2026-03-30
C03803,Japan,62,Male,Gold,2023-03-05,79.0,5.0,471.76,5.0,3.0,4.0,12.0,Loyal Customers,0,2026-03-30
C03804,India,18,Male,Gold,2024-08-04,909.0,4.0,698.74,2.0,3.0,5.0,10.0,At Risk,0,2026-03-30
C03805,India,42,Female,Silver,2022-03-04,590.0,2.0,242.17,3.0,3.0,2.0,8.0,Loyal Customers,0,2026-03-30
C03806,South Africa,37,Female,Silver,2026-03-17,370.0,5.0,682.44,3.0,3.0,5.0,11.0,Loyal Customers,0,2026-03-30
C03807,United States,37,Male,Free,2025-10-21,41.0,4.0,462.82,5.0,3.0,4.0,12.0,Loyal Customers,0,2026-03-30
C03808,United States,36,Male,Free,2022-07-07,914.0,6.0,417.91,2.0,3.0,4.0,9.0,At Risk,0,2026-03-30
C03809,Turkey,30,Female,Silver,2025-05-07,909.0,4.0,1331.51,2.0,3.0,5.0,10.0,At Risk,0,2026-03-30
C03810,Poland,35,Male,Silver,2026-02-01,917.0,3.0,621.03,2.0,3.0,4.0,9.0,At Risk,0,2026-03-30
C03811,United States,27,Female,Gold,2026-03-19,1036.0,3.0,763.8600000000001,2.0,3.0,5.0,10.0,At Risk,0,2026-03-30
C03812,Canada,28,Other,Free,2024-06-13,,,,,,,,No orders in window,0,2026-03-30
C03813,Brazil,43,Male,Free,2022-07-22,828.0,3.0,773.49,2.0,3.0,5.0,10.0,At Risk,0,2026-03-30
C03814,India,36,Female,Free,2025-08-12,11.0,5.0,239.11,5.0,3.0,2.0,10.0,Loyal Customers,0,2026-03-30
C03815,India,47,Female,Free,2025-07-05,242.0,3.0,355.56,4.0,3.0,3.0,10.0,Loyal Customers,0,2026-03-30
C03816,United States,25,Female,Gold,2020-09-29,45.0,3.0,147.79000000000002,5.0,3.0,2.0,10.0,Loyal Customers,1,2026-03-30
C03817,United States,25,Female,Free,2025-06-25,138.0,3.0,184.81,5.0,3.0,2.0,10.0,Loyal Customers,0,2026-03-30
C03818,United States,33,Female,Free,2025-07-07,283.0,4.0,868.41,4.0,3.0,5.0,12.0,Loyal Customers,0,2026-03-30
C03819,India,35,Female,Silver,2025-10-08,704.0,5.0,727.52,2.0,3.0,5.0,10.0,At Risk,0,2026-03-30
C03820,United States,26,Female,Free,2025-10-20,1602.0,2.0,467.2,1.0,3.0,4.0,8.0,At Risk,0,2026-03-30
C03821,United States,52,Male,Free,2022-07-15,1411.0,2.0,1124.98,1.0,3.0,5.0,9.0,At Risk,0,2026-03-30
C03822,United Kingdom,47,Female,Free,2022-07-30,542.0,3.0,800.29,3.0,3.0,5.0,11.0,Loyal Customers,0,2026-03-30
C03823,Australia,50,Male,Silver,2023-02-08,617.0,6.0,347.72,3.0,3.0,3.0,9.0,Loyal Customers,0,2026-03-30
C03824,Singapore,25,Male,Platinum,2025-07-26,355.0,2.0,284.39,3.0,3.0,3.0,9.0,Loyal Customers,0,2026-03-30
C03825,United States,50,Male,Free,2025-11-15,394.0,3.0,1091.03,3.0,3.0,5.0,11.0,Loyal Customers,1,2026-03-30
C03826,Canada,26,Male,Free,2025-08-02,346.0,2.0,89.97,4.0,3.0,1.0,8.0,Loyal Customers,0,2026-03-30
C03827,India,46,Female,Free,2024-06-08,823.0,1.0,88.21,2.0,3.0,1.0,6.0,Regular,0,2026-03-30
C03828,United States,45,Male,Gold,2025-11-22,296.0,3.0,152.73000000000002,4.0,3.0,2.0,9.0,Loyal Customers,0,2026-03-30
C03829,India,35,Male,Free,2025-01-25,,,,,,,,No orders in window,0,2026-03-30
C03830,India,33,Female,Silver,2025-12-05,164.0,5.0,1393.38,4.0,3.0,5.0,12.0,Loyal Customers,0,2026-03-30
C03831,United States,48,Male,Free,2024-10-04,924.0,3.0,526.9300000000001,2.0,3.0,4.0,9.0,At Risk,0,2026-03-30
C03832,United States,25,Male,Free,2025-05-22,50.0,6.0,477.7,5.0,3.0,4.0,12.0,Loyal Customers,0,2026-03-30
C03833,United States,37,Female,Free,2022-12-02,754.0,3.0,180.0,2.0,3.0,2.0,7.0,Regular,0,2026-03-30
C03834,United Kingdom,44,Male,Free,2026-03-13,815.0,3.0,89.82,2.0,3.0,1.0,6.0,Regular,0,2026-03-30
C03835,South Korea,37,Female,Free,2026-03-13,425.0,4.0,460.19,3.0,3.0,4.0,10.0,Loyal Customers,0,2026-03-30
C03836,United Kingdom,23,Female,Free,2023-05-29,55.0,6.0,473.12,5.0,3.0,4.0,12.0,Loyal Customers,0,2026-03-30
C03837,United Kingdom,41,Male,Free,2024-08-28,213.0,3.0,670.4,4.0,3.0,5.0,12.0,Loyal Customers,0,2026-03-30
C03838,United States,29,Female,Free,2026-03-11,1261.0,5.0,498.22,1.0,3.0,4.0,8.0,At Risk,0,2026-03-30
C03839,United States,44,Female,Gold,2025-05-29,214.0,3.0,630.45,4.0,3.0,5.0,12.0,Loyal Customers,0,2026-03-30
C03840,Canada,22,Other,Gold,2024-11-16,80.0,2.0,254.72,5.0,3.0,2.0,10.0,Loyal Customers,0,2026-03-30
C03841,Italy,42,Male,Free,2025-02-23,977.0,2.0,187.26,2.0,3.0,2.0,7.0,Regular,0,2026-03-30
C03842,Australia,32,Male,Free,2023-12-18,350.0,3.0,142.69,3.0,3.0,2.0,8.0,Loyal Customers,0,2026-03-30
C03843,United States,24,Female,Free,2025-03-09,492.0,2.0,74.89,3.0,3.0,1.0,7.0,Loyal Customers,0,2026-03-30
C03844,United States,55,Male,Free,2022-09-16,57.0,4.0,397.65,5.0,3.0,3.0,11.0,Loyal Customers,1,2026-03-30
C03845,United States,42,Female,Free,2025-09-11,1608.0,1.0,70.9,1.0,3.0,1.0,5.0,Regular,0,2026-03-30
C03846,Netherlands,28,Female,Gold,2025-09-29,458.0,5.0,272.15,3.0,3.0,3.0,9.0,Loyal Customers,0,2026-03-30
C03847,United States,28,Female,Gold,2024-12-21,1305.0,2.0,165.45000000000002,1.0,3.0,2.0,6.0,Regular,0,2026-03-30
C03848,Italy,41,Female,Silver,2024-03-11,1262.0,3.0,256.84000000000003,1.0,3.0,2.0,6.0,Regular,0,2026-03-30
C03849,Poland,47,Male,Free,2025-04-25,570.0,2.0,283.57,3.0,3.0,3.0,9.0,Loyal Customers,0,2026-03-30
C03850,United Kingdom,39,Female,Silver,2023-10-09,1923.0,1.0,64.96,1.0,3.0,1.0,5.0,Regular,0,2026-03-30
C03851,United States,52,Male,Free,2025-03-28,32.0,2.0,148.75,5.0,3.0,2.0,10.0,Loyal Customers,0,2026-03-30
C03852,Italy,37,Female,Free,2024-03-22,1351.0,1.0,238.97,1.0,3.0,2.0,6.0,Regular,0,2026-03-30
C03853,Canada,24,Female,Free,2025-08-22,295.0,4.0,1020.01,4.0,3.0,5.0,12.0,Loyal Customers,0,2026-03-30
C03854,Germany,26,Female,Gold,2026-02-23,1155.0,3.0,1373.61,1.0,3.0,5.0,9.0,At Risk,0,2026-03-30
C03855,Germany,31,Male,Gold,2025-07-19,117.0,4.0,560.5899999999999,5.0,3.0,4.0,12.0,Loyal Customers,0,2026-03-30
C03856,Germany,18,Female,Free,2023-03-18,464.0,1.0,86.74,3.0,3.0,1.0,7.0,Loyal Customers,0,2026-03-30
C03857,United States,29,Male,Free,2023-12-05,165.0,6.0,537.6899999999999,4.0,3.0,4.0,11.0,Loyal Customers,0,2026-03-30
C03858,Japan,35,Female,Silver,2023-01-09,1493.0,2.0,106.81,1.0,3.0,1.0,5.0,Regular,1,2026-03-30
C03859,United Kingdom,32,Male,Silver,2021-11-01,270.0,3.0,221.61,4.0,3.0,2.0,9.0,Loyal Customers,0,2026-03-30
C03860,Netherlands,34,Female,Free,2026-02-12,27.0,4.0,578.16,5.0,3.0,4.0,12.0,Loyal Customers,1,2026-03-30
C03861,Netherlands,39,Male,Silver,2026-03-24,1076.0,2.0,113.96,1.0,3.0,1.0,5.0,Regular,1,2026-03-30
C03862,Brazil,30,Female,Gold,2023-11-26,174.0,4.0,408.8,4.0,3.0,4.0,11.0,Loyal Customers,0,2026-03-30
C03863,Germany,18,Male,Platinum,2014-11-20,267.0,5.0,951.58,4.0,3.0,5.0,12.0,Loyal Customers,1,2026-03-30
C03864,Brazil,24,Male,Free,2022-07-22,269.0,6.0,751.3,4.0,3.0,5.0,12.0,Loyal Customers,0,2026-03-30
C03865,United States,18,Male,Free,2024-04-13,1100.0,2.0,374.44,1.0,3.0,3.0,7.0,At Risk,0,2026-03-30
C03866,Japan,29,Male,Gold,2025-05-13,445.0,2.0,155.64,3.0,3.0,2.0,8.0,Loyal Customers,0,2026-03-30
C03867,France,55,Female,Gold,2026-03-20,60.0,5.0,647.31,5.0,3.0,5.0,13.0,Loyal Customers,0,2026-03-30
C03868,Brazil,43,Male,Free,2024-10-09,1918.0,1.0,186.69,1.0,3.0,2.0,6.0,Regular,0,2026-03-30
C03869,United States,34,Male,Free,2024-01-01,128.0,5.0,951.65,5.0,3.0,5.0,13.0,Loyal Customers,0,2026-03-30
C03870,United States,46,Male,Free,2024-06-25,1330.0,4.0,469.74,1.0,3.0,4.0,8.0,At Risk,0,2026-03-30
C03871,United Kingdom,46,Male,Gold,2023-01-18,1624.0,2.0,157.61,1.0,3.0,2.0,6.0,Regular,0,2026-03-30
C03872,Brazil,35,Female,Free,2025-06-17,67.0,4.0,459.76,5.0,3.0,4.0,12.0,Loyal Customers,0,2026-03-30
C03873,France,27,Male,Free,2023-05-01,,,,,,,,No orders in window,0,2026-03-30
C03874,United States,49,Male,Free,2025-07-14,1775.0,1.0,200.43,1.0,3.0,2.0,6.0,Regular,0,2026-03-30
C03875,Uae,35,Male,Free,2026-01-26,,,,,,,,No orders in window,0,2026-03-30
C03876,Canada,35,Female,Free,2025-10-30,21.0,5.0,596.28,5.0,3.0,4.0,12.0,Loyal Customers,0,2026-03-30
C03877,United States,38,Female,Silver,2024-06-15,283.0,2.0,78.24000000000001,4.0,3.0,1.0,8.0,Loyal Customers,0,2026-03-30
C03878,France,42,Male,Gold,2023-07-25,316.0,2.0,288.90000000000003,4.0,3.0,3.0,10.0,Loyal Customers,0,2026-03-30
C03879,United States,18,Female,Free,2025-10-11,551.0,4.0,427.97,3.0,3.0,4.0,10.0,Loyal Customers,0,2026-03-30
C03880,United Kingdom,34,Female,Free,2020-09-15,712.0,7.0,616.24,2.0,3.0,4.0,9.0,At Risk,0,2026-03-30
C03881,Singapore,32,Male,Free,2024-10-15,112.0,5.0,720.76,5.0,3.0,5.0,13.0,Loyal Customers,0,2026-03-30
C03882,Spain,37,Female,Free,2024-05-29,317.0,3.0,341.24,4.0,3.0,3.0,10.0,Loyal Customers,0,2026-03-30
C03883,Germany,27,Female,Platinum,2026-01-25,64.0,3.0,340.35,5.0,3.0,3.0,11.0,Loyal Customers,0,2026-03-30
C03884,Japan,40,Male,Free,2025-07-29,750.0,2.0,79.41,2.0,3.0,1.0,6.0,Regular,1,2026-03-30
C03885,Germany,18,Female,Free,2023-10-24,565.0,3.0,213.33,3.0,3.0,2.0,8.0,Loyal Customers,0,2026-03-30
C03886,Netherlands,46,Male,Platinum,2025-08-03,26.0,2.0,136.26,5.0,3.0,1.0,9.0,Loyal Customers,0,2026-03-30
C03887,South Korea,31,Female,Free,2025-07-02,1874.0,2.0,57.11,1.0,3.0,1.0,5.0,Regular,0,2026-03-30
C03888,Singapore,38,Female,Gold,2024-08-31,780.0,3.0,1170.5,2.0,3.0,5.0,10.0,At Risk,0,2026-03-30
C03889,Australia,49,Male,Platinum,2025-09-13,1550.0,3.0,680.09,1.0,3.0,5.0,9.0,At Risk,0,2026-03-30
C03890,Germany,37,Female,Free,2025-07-12,627.0,3.0,646.08,2.0,3.0,5.0,10.0,At Risk,0,2026-03-30
C03891,Netherlands,21,Female,Free,2025-03-28,897.0,3.0,209.8,2.0,3.0,2.0,7.0,Regular,0,2026-03-30
C03892,United Kingdom,38,Male,Free,2025-10-12,53.0,6.0,553.9200000000001,5.0,3.0,4.0,12.0,Loyal Customers,1,2026-03-30
C03893,United States,43,Female,Free,2025-11-16,1197.0,1.0,96.82,1.0,3.0,1.0,5.0,Regular,0,2026-03-30
C03894,United States,18,Male,Gold,2023-12-23,21.0,4.0,488.39,5.0,3.0,4.0,12.0,Loyal Customers,0,2026-03-30
C03895,Germany,44,Female,Gold,2020-03-27,5.0,5.0,1125.43,5.0,3.0,5.0,13.0,Loyal Customers,0,2026-03-30
C03896,France,37,Female,Free,2026-01-13,1878.0,3.0,272.93,1.0,3.0,3.0,7.0,At Risk,0,2026-03-30
C03897,India,31,Female,Silver,2025-10-20,597.0,4.0,339.64,3.0,3.0,3.0,9.0,Loyal Customers,0,2026-03-30
C03898,South Korea,39,Male,Free,2026-01-19,698.0,6.0,385.0,2.0,3.0,3.0,8.0,At Risk,0,2026-03-30
C03899,United States,46,Male,Silver,2025-02-19,316.0,3.0,534.3199999999999,4.0,3.0,4.0,11.0,Loyal Customers,0,2026-03-30
C03900,United Kingdom,34,Male,Free,2025-10-01,159.0,2.0,349.95,4.0,3.0,3.0,10.0,Loyal Customers,0,2026-03-30
C03901,Mexico,32,Male,Platinum,2026-01-26,402.0,6.0,477.04,3.0,3.0,4.0,10.0,Loyal Customers,0,2026-03-30
C03902,Netherlands,33,Female,Silver,2025-12-20,739.0,3.0,1523.19,2.0,3.0,5.0,10.0,At Risk,0,2026-03-30
C03903,Canada,53,Male,Platinum,2026-01-11,862.0,2.0,328.21000000000004,2.0,3.0,3.0,8.0,At Risk,0,2026-03-30
C03904,India,41,Female,Platinum,2025-11-08,1424.0,1.0,83.12,1.0,3.0,1.0,5.0,Regular,0,2026-03-30
C03905,United States,34,Female,Free,2026-02-18,673.0,1.0,103.95,2.0,3.0,1.0,6.0,Regular,0,2026-03-30
C03906,Singapore,45,Female,Silver,2026-02-19,202.0,6.0,985.52,4.0,3.0,5.0,12.0,Loyal Customers,0,2026-03-30
C03907,United States,47,Female,Free,2025-11-13,598.0,4.0,191.84,3.0,3.0,2.0,8.0,Loyal Customers,0,2026-03-30
C03908,Japan,49,Female,Platinum,2025-11-10,88.0,4.0,340.01,5.0,3.0,3.0,11.0,Loyal Customers,0,2026-03-30
C03909,India,31,Male,Free,2025-03-14,143.0,4.0,609.87,5.0,3.0,4.0,12.0,Loyal Customers,0,2026-03-30
C03910,India,36,Female,Silver,2024-10-14,210.0,3.0,1222.99,4.0,3.0,5.0,12.0,Loyal Customers,0,2026-03-30
C03911,Canada,24,Male,Silver,2025-12-26,1462.0,3.0,418.04,1.0,3.0,4.0,8.0,At Risk,0,2026-03-30
C03912,United States,33,Male,Gold,2025-11-26,848.0,3.0,251.67,2.0,3.0,2.0,7.0,Regular,0,2026-03-30
C03913,United States,46,Male,Gold,2025-04-10,594.0,2.0,775.01,3.0,3.0,5.0,11.0,Loyal Customers,0,2026-03-30
C03914,Turkey,18,Female,Gold,2024-08-19,1165.0,3.0,255.27,1.0,3.0,2.0,6.0,Regular,0,2026-03-30
C03915,Australia,38,Female,Free,2024-01-29,125.0,3.0,585.19,5.0,3.0,4.0,12.0,Loyal Customers,0,2026-03-30
C03916,India,21,Male,Silver,2026-01-02,529.0,4.0,805.99,3.0,3.0,5.0,11.0,Loyal Customers,0,2026-03-30
C03917,Canada,45,Male,Platinum,2025-01-12,173.0,3.0,278.07,4.0,3.0,3.0,10.0,Loyal Customers,0,2026-03-30
C03918,United Kingdom,46,Male,Gold,2023-07-25,279.0,2.0,152.87,4.0,3.0,2.0,9.0,Loyal Customers,0,2026-03-30
C03919,United States,27,Male,Silver,2024-12-19,298.0,5.0,476.15,4.0,3.0,4.0,11.0,Loyal Customers,0,2026-03-30
C03920,United States,39,Female,Free,2026-03-23,2139.0,1.0,86.97,1.0,3.0,1.0,5.0,Regular,0,2026-03-30
C03921,United States,35,Female,Free,2025-02-15,861.0,4.0,372.42,2.0,3.0,3.0,8.0,At Risk,0,2026-03-30
C03922,India,35,Male,Platinum,2025-07-05,172.0,4.0,600.63,4.0,3.0,4.0,11.0,Loyal Customers,0,2026-03-30
C03923,United Kingdom,54,Male,Silver,2024-09-11,672.0,2.0,71.6,2.0,3.0,1.0,6.0,Regular,0,2026-03-30
C03924,Uae,39,Male,Silver,2019-12-06,77.0,2.0,109.3,5.0,3.0,1.0,9.0,Loyal Customers,0,2026-03-30
C03925,Singapore,61,Female,Free,2026-02-05,213.0,2.0,230.26,4.0,3.0,2.0,9.0,Loyal Customers,0,2026-03-30
C03926,Germany,18,Male,Silver,2025-09-25,290.0,2.0,155.46,4.0,3.0,2.0,9.0,Loyal Customers,0,2026-03-30
C03927,France,34,Other,Free,2025-12-13,410.0,3.0,407.34,3.0,3.0,4.0,10.0,Loyal Customers,0,2026-03-30
C03928,United States,30,Male,Free,2023-08-10,296.0,1.0,87.12,4.0,3.0,1.0,8.0,Loyal Customers,0,2026-03-30
C03929,Australia,18,Female,Silver,2023-07-18,911.0,2.0,1022.42,2.0,3.0,5.0,10.0,At Risk,0,2026-03-30
C03930,United States,40,Female,Free,2025-01-09,828.0,2.0,266.63,2.0,3.0,3.0,8.0,At Risk,0,2026-03-30
C03931,Canada,35,Female,Free,2024-04-13,1067.0,2.0,246.5,1.0,3.0,2.0,6.0,Regular,0,2026-03-30
C03932,Germany,30,Male,Free,2025-04-09,1072.0,5.0,263.65,1.0,3.0,3.0,7.0,At Risk,0,2026-03-30
C03933,United States,30,Female,Free,2025-09-23,195.0,3.0,632.32,4.0,3.0,5.0,12.0,Loyal Customers,0,2026-03-30
C03934,United States,19,Male,Free,2026-02-24,77.0,3.0,515.84,5.0,3.0,4.0,12.0,Loyal Customers,0,2026-03-30
C03935,India,18,Male,Free,2025-12-27,61.0,4.0,632.13,5.0,3.0,5.0,13.0,Loyal Customers,0,2026-03-30
C03936,Poland,39,Male,Silver,2024-11-15,466.0,3.0,537.51,3.0,3.0,4.0,10.0,Loyal Customers,0,2026-03-30
C03937,France,18,Female,Free,2023-07-31,463.0,2.0,105.61,3.0,3.0,1.0,7.0,Loyal Customers,0,2026-03-30
C03938,India,21,Male,Silver,2025-07-20,404.0,4.0,377.76,3.0,3.0,3.0,9.0,Loyal Customers,0,2026-03-30
C03939,Japan,49,Female,Gold,2025-03-08,197.0,4.0,601.1,4.0,3.0,4.0,11.0,Loyal Customers,0,2026-03-30
C03940,Spain,32,Male,Free,2025-07-31,813.0,4.0,542.76,2.0,3.0,4.0,9.0,At Risk,0,2026-03-30
C03941,United States,52,Female,Silver,2024-06-10,904.0,5.0,322.37,2.0,3.0,3.0,8.0,At Risk,0,2026-03-30
C03942,Germany,28,Male,Gold,2023-09-03,1148.0,3.0,527.97,1.0,3.0,4.0,8.0,At Risk,0,2026-03-30
C03943,India,32,Female,Free,2022-10-30,750.0,3.0,671.5,2.0,3.0,5.0,10.0,At Risk,1,2026-03-30
C03944,United States,28,Male,Free,2024-07-08,263.0,4.0,382.65,4.0,3.0,3.0,10.0,Loyal Customers,0,2026-03-30
C03945,Italy,18,Male,Free,2025-09-27,284.0,3.0,345.53000000000003,4.0,3.0,3.0,10.0,Loyal Customers,0,2026-03-30
C03946,United States,29,Female,Silver,2026-03-14,2002.0,2.0,129.64,1.0,3.0,1.0,5.0,Regular,0,2026-03-30
C03947,United States,18,Female,Gold,2026-01-29,647.0,4.0,522.9399999999999,2.0,3.0,4.0,9.0,At Risk,0,2026-03-30
C03948,Germany,36,Other,Silver,2024-08-31,298.0,3.0,305.11,4.0,3.0,3.0,10.0,Loyal Customers,0,2026-03-30
C03949,Germany,19,Male,Platinum,2025-07-26,107.0,5.0,1050.14,5.0,3.0,5.0,13.0,Loyal Customers,0,2026-03-30
C03950,Germany,19,Male,Free,2025-11-19,108.0,4.0,1143.73,5.0,3.0,5.0,13.0,Loyal Customers,0,2026-03-30
C03951,South Africa,34,Male,Platinum,2025-11-23,1369.0,2.0,364.89,1.0,3.0,3.0,7.0,At Risk,0,2026-03-30
C03952,United States,44,Other,Silver,2022-09-19,99.0,5.0,296.14,5.0,3.0,3.0,11.0,Loyal Customers,0,2026-03-30
C03953,Canada,53,Male,Free,2025-09-29,1624.0,1.0,23.74,1.0,3.0,1.0,5.0,Regular,0,2026-03-30
C03954,United States,26,Female,Silver,2025-03-04,444.0,3.0,251.32,3.0,3.0,2.0,8.0,Loyal Customers,0,2026-03-30
C03955,Germany,34,Male,Free,2026-02-04,1540.0,2.0,109.71,1.0,3.0,1.0,5.0,Regular,0,2026-03-30
C03956,Australia,55,Female,Free,2025-01-06,45.0,4.0,229.86,5.0,3.0,2.0,10.0,Loyal Customers,0,2026-03-30
C03957,India,49,Male,Free,2021-08-20,936.0,3.0,667.31,2.0,3.0,5.0,10.0,At Risk,0,2026-03-30
C03958,United Kingdom,36,Female,Gold,2025-01-22,1996.0,2.0,90.75,1.0,3.0,1.0,5.0,Regular,0,2026-03-30
C03959,United Kingdom,41,Male,Silver,2025-08-10,284.0,5.0,292.25,4.0,3.0,3.0,10.0,Loyal Customers,0,2026-03-30
C03960,United Kingdom,18,Female,Platinum,2025-03-29,824.0,4.0,493.84,2.0,3.0,4.0,9.0,At Risk,0,2026-03-30
C03961,Germany,40,Female,Free,2025-01-26,488.0,6.0,553.21,3.0,3.0,4.0,10.0,Loyal Customers,0,2026-03-30
C03962,Germany,18,Female,Gold,2024-08-03,402.0,4.0,472.44,3.0,3.0,4.0,10.0,Loyal Customers,0,2026-03-30
C03963,Germany,39,Female,Silver,2025-10-14,6.0,6.0,404.56,5.0,3.0,4.0,12.0,Loyal Customers,0,2026-03-30
C03964,Sweden,64,Male,Silver,2024-11-06,110.0,2.0,135.52,5.0,3.0,1.0,9.0,Loyal Customers,0,2026-03-30
C03965,Japan,26,Male,Free,2022-09-27,13.0,3.0,312.35,5.0,3.0,3.0,11.0,Loyal Customers,0,2026-03-30
C03966,Mexico,26,Female,Free,2025-05-05,763.0,2.0,527.49,2.0,3.0,4.0,9.0,At Risk,1,2026-03-30
C03967,United States,43,Female,Free,2023-07-04,1621.0,2.0,181.56,1.0,3.0,2.0,6.0,Regular,0,2026-03-30
C03968,Brazil,18,Male,Free,2021-09-28,1254.0,1.0,56.18,1.0,3.0,1.0,5.0,Regular,1,2026-03-30
C03969,Australia,32,Male,Free,2025-03-29,351.0,7.0,286.85,3.0,3.0,3.0,9.0,Loyal Customers,0,2026-03-30
C03970,Germany,23,Female,Gold,2025-10-09,254.0,4.0,369.42,4.0,3.0,3.0,10.0,Loyal Customers,0,2026-03-30
C03971,India,54,Female,Free,2025-11-14,172.0,3.0,270.45,4.0,3.0,3.0,10.0,Loyal Customers,0,2026-03-30
C03972,Germany,50,Female,Gold,2026-03-28,441.0,2.0,123.17,3.0,3.0,1.0,7.0,Loyal Customers,0,2026-03-30
C03973,United States,18,Male,Gold,2025-01-12,298.0,2.0,164.25,4.0,3.0,2.0,9.0,Loyal Customers,0,2026-03-30
C03974,United States,45,Male,Silver,2024-11-12,747.0,2.0,280.49,2.0,3.0,3.0,8.0,At Risk,0,2026-03-30
C03975,United Kingdom,54,Female,Free,2025-04-05,606.0,1.0,84.2,3.0,3.0,1.0,7.0,Loyal Customers,0,2026-03-30
C03976,Germany,46,Female,Free,2026-02-25,246.0,4.0,1162.19,4.0,3.0,5.0,12.0,Loyal Customers,0,2026-03-30
C03977,United Kingdom,30,Female,Silver,2024-04-08,,,,,,,,No orders in window,0,2026-03-30
C03978,Germany,24,Female,Free,2025-11-26,715.0,1.0,29.96,2.0,3.0,1.0,6.0,Regular,0,2026-03-30
C03979,India,21,Female,Free,2022-05-28,498.0,1.0,83.53,3.0,3.0,1.0,7.0,Loyal Customers,0,2026-03-30
C03980,United States,44,Female,Gold,2025-09-20,398.0,9.0,1162.02,3.0,3.0,5.0,11.0,Loyal Customers,0,2026-03-30
C03981,France,43,Female,Gold,2024-10-30,963.0,2.0,91.71,2.0,3.0,1.0,6.0,Regular,0,2026-03-30
C03982,United Kingdom,32,Male,Free,2021-04-07,468.0,4.0,567.65,3.0,3.0,4.0,10.0,Loyal Customers,0,2026-03-30
C03983,Japan,26,Female,Free,2022-12-31,361.0,5.0,1112.53,3.0,3.0,5.0,11.0,Loyal Customers,0,2026-03-30
C03984,Uae,37,Female,Free,2021-05-01,37.0,3.0,314.43,5.0,3.0,3.0,11.0,Loyal Customers,0,2026-03-30
C03985,United States,40,Male,Free,2024-02-13,1119.0,7.0,585.53,1.0,3.0,4.0,8.0,At Risk,0,2026-03-30
C03986,Canada,29,Male,Free,2025-09-06,409.0,4.0,788.63,3.0,3.0,5.0,11.0,Loyal Customers,0,2026-03-30
C03987,Brazil,45,Male,Free,2025-07-05,565.0,2.0,301.12,3.0,3.0,3.0,9.0,Loyal Customers,0,2026-03-30
C03988,United States,30,Female,Gold,2022-05-25,406.0,4.0,215.02,3.0,3.0,2.0,8.0,Loyal Customers,0,2026-03-30
C03989,United States,32,Male,Free,2022-10-31,890.0,3.0,736.86,2.0,3.0,5.0,10.0,At Risk,1,2026-03-30
C03990,United States,23,Male,Free,2025-08-30,257.0,7.0,1473.41,4.0,3.0,5.0,12.0,Loyal Customers,0,2026-03-30
C03991,Australia,39,Female,Free,2026-01-29,147.0,5.0,410.59,5.0,3.0,4.0,12.0,Loyal Customers,0,2026-03-30
C03992,Brazil,46,Female,Free,2025-06-15,297.0,4.0,354.08000000000004,4.0,3.0,3.0,10.0,Loyal Customers,0,2026-03-30
C03993,Sweden,32,Male,Free,2025-06-05,108.0,4.0,461.01,5.0,3.0,4.0,12.0,Loyal Customers,0,2026-03-30
C03994,Mexico,28,Male,Platinum,2025-07-04,40.0,5.0,166.81,5.0,3.0,2.0,10.0,Loyal Customers,0,2026-03-30
C03995,France,49,Female,Free,2023-02-17,1319.0,1.0,221.69,1.0,3.0,2.0,6.0,Regular,0,2026-03-30
C03996,India,44,Female,Free,2024-07-10,1242.0,2.0,267.55,1.0,3.0,3.0,7.0,At Risk,0,2026-03-30
C03997,France,34,Male,Free,2025-06-14,336.0,5.0,322.74,4.0,3.0,3.0,10.0,Loyal Customers,0,2026-03-30
C03998,Germany,32,Male,Free,2025-12-17,441.0,2.0,140.93,3.0,3.0,2.0,8.0,Loyal Customers,0,2026-03-30
C03999,United States,35,Female,Free,2025-12-12,1137.0,1.0,338.35,1.0,3.0,3.0,7.0,At Risk,0,2026-03-30
C04000,Singapore,42,Female,Gold,2024-07-29,269.0,3.0,1078.97,4.0,3.0,5.0,12.0,Loyal Customers,0,2026-03-30
C04001,India,34,Male,Free,2025-09-22,553.0,3.0,180.8,3.0,3.0,2.0,8.0,Loyal Customers,0,2026-03-30
C04002,United States,18,Female,Free,2025-03-25,95.0,4.0,395.42,5.0,3.0,3.0,11.0,Loyal Customers,0,2026-03-30
C04003,India,18,Male,Free,2025-12-23,5.0,2.0,248.66,5.0,3.0,2.0,10.0,Loyal Customers,0,2026-03-30
C04004,United Kingdom,28,Male,Free,2025-11-20,278.0,7.0,418.52,4.0,3.0,4.0,11.0,Loyal Customers,0,2026-03-30
C04005,United Kingdom,24,Female,Free,2025-08-16,940.0,3.0,333.33000000000004,2.0,3.0,3.0,8.0,At Risk,0,2026-03-30
C04006,United Kingdom,46,Male,Free,2025-09-05,1083.0,1.0,19.41,1.0,3.0,1.0,5.0,Regular,0,2026-03-30
C04007,United Kingdom,36,Female,Silver,2025-11-06,1755.0,3.0,275.09,1.0,3.0,3.0,7.0,At Risk,1,2026-03-30
C04008,Germany,18,Male,Free,2020-11-29,258.0,3.0,171.11,4.0,3.0,2.0,9.0,Loyal Customers,0,2026-03-30
C04009,United States,39,Female,Free,2025-04-04,861.0,4.0,380.85,2.0,3.0,3.0,8.0,At Risk,0,2026-03-30
C04010,United States,28,Female,Silver,2025-06-20,121.0,6.0,1058.09,5.0,3.0,5.0,13.0,Loyal Customers,0,2026-03-30
C04011,Canada,23,Female,Silver,2024-05-10,551.0,4.0,443.5,3.0,3.0,4.0,10.0,Loyal Customers,0,2026-03-30
C04012,Germany,28,Male,Free,2024-08-25,238.0,3.0,273.17,4.0,3.0,3.0,10.0,Loyal Customers,0,2026-03-30
C04013,India,26,Female,Silver,2022-10-27,377.0,1.0,265.8,3.0,3.0,3.0,9.0,Loyal Customers,0,2026-03-30
C04014,South Africa,22,Male,Free,2025-08-17,1597.0,1.0,132.65,1.0,3.0,1.0,5.0,Regular,0,2026-03-30
C04015,Canada,24,Female,Silver,2021-09-17,769.0,4.0,207.62,2.0,3.0,2.0,7.0,Regular,0,2026-03-30
C04016,United States,49,Female,Platinum,2025-04-17,726.0,6.0,249.07,2.0,3.0,2.0,7.0,Regular,0,2026-03-30
C04017,Mexico,34,Female,Gold,2025-12-10,62.0,5.0,544.9300000000001,5.0,3.0,4.0,12.0,Loyal Customers,0,2026-03-30
C04018,Singapore,54,Female,Free,2023-05-19,247.0,3.0,549.37,4.0,3.0,4.0,11.0,Loyal Customers,0,2026-03-30
C04019,Germany,21,Female,Silver,2023-10-13,1499.0,1.0,51.48,1.0,3.0,1.0,5.0,Regular,0,2026-03-30
C04020,Germany,43,Female,Silver,2024-06-10,212.0,3.0,282.28,4.0,3.0,3.0,10.0,Loyal Customers,1,2026-03-30
C04021,United States,45,Female,Free,2024-04-04,1257.0,2.0,505.22,1.0,3.0,4.0,8.0,At Risk,0,2026-03-30
C04022,United States,37,Female,Free,2025-02-08,37.0,4.0,504.76,5.0,3.0,4.0,12.0,Loyal Customers,0,2026-03-30
C04023,United States,29,Other,Free,2022-10-19,176.0,2.0,256.36,4.0,3.0,2.0,9.0,Loyal Customers,0,2026-03-30
C04024,Germany,18,Female,Gold,2026-03-10,175.0,3.0,451.5,4.0,3.0,4.0,11.0,Loyal Customers,0,2026-03-30
C04025,Japan,63,Female,Free,2026-01-27,823.0,2.0,166.28,2.0,3.0,2.0,7.0,Regular,1,2026-03-30
C04026,Turkey,36,Female,Platinum,2025-08-25,2004.0,1.0,11.39,1.0,3.0,1.0,5.0,Regular,0,2026-03-30
C04027,Brazil,42,Male,Free,2024-08-04,,,,,,,,No orders in window,0,2026-03-30
C04028,Japan,26,Female,Free,2025-08-10,,,,,,,,No orders in window,0,2026-03-30
C04029,United Kingdom,25,Male,Free,2025-03-02,561.0,5.0,471.66,3.0,3.0,4.0,10.0,Loyal Customers,0,2026-03-30
C04030,United Kingdom,39,Male,Free,2026-03-26,1470.0,2.0,544.74,1.0,3.0,4.0,8.0,At Risk,0,2026-03-30
C04031,India,32,Other,Silver,2023-09-15,177.0,5.0,212.88,4.0,3.0,2.0,9.0,Loyal Customers,0,2026-03-30
C04032,United States,43,Male,Free,2025-06-03,108.0,5.0,813.22,5.0,3.0,5.0,13.0,Loyal Customers,0,2026-03-30
C04033,Australia,40,Male,Free,2020-12-12,,,,,,,,No orders in window,0,2026-03-30
C04034,Netherlands,36,Male,Free,2025-12-01,1816.0,2.0,289.18,1.0,3.0,3.0,7.0,At Risk,0,2026-03-30
C04035,United States,32,Male,Free,2025-05-01,408.0,4.0,384.83,3.0,3.0,3.0,9.0,Loyal Customers,0,2026-03-30
C04036,Germany,31,Male,Free,2025-05-29,,,,,,,,No orders in window,0,2026-03-30
C04037,United States,53,Male,Silver,2025-12-13,444.0,5.0,976.02,3.0,3.0,5.0,11.0,Loyal Customers,0,2026-03-30
C04038,United States,23,Male,Free,2024-11-24,459.0,2.0,513.73,3.0,3.0,4.0,10.0,Loyal Customers,0,2026-03-30
C04039,United Kingdom,18,Female,Silver,2024-10-21,2114.0,2.0,126.96,1.0,3.0,1.0,5.0,Regular,0,2026-03-30
C04040,United States,61,Female,Gold,2024-12-22,85.0,6.0,719.0600000000001,5.0,3.0,5.0,13.0,Loyal Customers,1,2026-03-30
C04041,France,29,Female,Gold,2025-05-18,1034.0,4.0,533.63,2.0,3.0,4.0,9.0,At Risk,0,2026-03-30
C04042,Japan,30,Female,Free,2023-08-09,270.0,5.0,441.4500000000001,4.0,3.0,4.0,11.0,Loyal Customers,1,2026-03-30
C04043,India,21,Male,Silver,2025-07-04,1121.0,1.0,55.71,1.0,3.0,1.0,5.0,Regular,1,2026-03-30
C04044,Netherlands,18,Female,Free,2025-10-20,216.0,6.0,876.76,4.0,3.0,5.0,12.0,Loyal Customers,0,2026-03-30
C04045,United States,21,Male,Free,2022-01-02,90.0,2.0,242.52,5.0,3.0,2.0,10.0,Loyal Customers,0,2026-03-30
C04046,India,37,Female,Platinum,2025-04-11,104.0,5.0,561.47,5.0,3.0,4.0,12.0,Loyal Customers,0,2026-03-30
C04047,United States,36,Female,Gold,2023-03-28,713.0,2.0,512.21,2.0,3.0,4.0,9.0,At Risk,0,2026-03-30
C04048,United States,37,Male,Silver,2025-03-31,1258.0,3.0,340.69,1.0,3.0,3.0,7.0,At Risk,0,2026-03-30
C04049,United States,23,Female,Gold,2021-12-13,1142.0,2.0,375.22,1.0,3.0,3.0,7.0,At Risk,0,2026-03-30
C04050,United States,44,Female,Silver,2020-03-26,2205.0,3.0,644.49,1.0,3.0,5.0,9.0,At Risk,0,2026-03-30
C04051,France,26,Male,Gold,2021-12-19,116.0,4.0,187.42,5.0,3.0,2.0,10.0,Loyal Customers,0,2026-03-30
C04052,Brazil,55,Male,Free,2024-07-07,433.0,1.0,267.59,3.0,3.0,3.0,9.0,Loyal Customers,0,2026-03-30
C04053,Canada,38,Female,Free,2025-10-13,88.0,1.0,86.41,5.0,3.0,1.0,9.0,Loyal Customers,0,2026-03-30
C04054,France,21,Male,Silver,2024-10-24,397.0,2.0,80.84,3.0,3.0,1.0,7.0,Loyal Customers,0,2026-03-30
C04055,Canada,40,Female,Silver,2025-12-19,2124.0,1.0,213.63,1.0,3.0,2.0,6.0,Regular,0,2026-03-30
C04056,Mexico,45,Female,Free,2025-09-03,1180.0,1.0,34.04,1.0,3.0,1.0,5.0,Regular,0,2026-03-30
C04057,Australia,51,Male,Free,2023-08-07,982.0,2.0,70.3,2.0,3.0,1.0,6.0,Regular,0,2026-03-30
C04058,India,45,Female,Silver,2023-10-23,1228.0,1.0,38.73,1.0,3.0,1.0,5.0,Regular,0,2026-03-30
C04059,United States,36,Female,Free,2023-09-09,310.0,3.0,343.02,4.0,3.0,3.0,10.0,Loyal Customers,0,2026-03-30
C04060,United States,30,Female,Free,2022-10-17,642.0,4.0,399.52,2.0,3.0,3.0,8.0,At Risk,1,2026-03-30
C04061,United States,30,Male,Platinum,2024-08-09,1280.0,2.0,114.41,1.0,3.0,1.0,5.0,Regular,0,2026-03-30
C04062,United States,60,Male,Free,2025-12-08,91.0,6.0,834.4300000000001,5.0,3.0,5.0,13.0,Loyal Customers,0,2026-03-30
C04063,Canada,33,Male,Silver,2024-10-12,1655.0,3.0,218.32,1.0,3.0,2.0,6.0,Regular,0,2026-03-30
C04064,Poland,28,Female,Free,2025-09-09,858.0,1.0,198.34,2.0,3.0,2.0,7.0,Regular,0,2026-03-30
C04065,Brazil,21,Female,Free,2024-11-24,182.0,3.0,191.85,4.0,3.0,2.0,9.0,Loyal Customers,0,2026-03-30
C04066,South Korea,40,Female,Free,2026-03-25,458.0,3.0,428.12,3.0,3.0,4.0,10.0,Loyal Customers,0,2026-03-30
C04067,India,37,Female,Free,2025-05-26,906.0,3.0,316.09000000000003,2.0,3.0,3.0,8.0,At Risk,1,2026-03-30
C04068,United States,49,Female,Free,2024-02-11,320.0,5.0,1095.15,4.0,3.0,5.0,12.0,Loyal Customers,0,2026-03-30
C04069,United Kingdom,48,Male,Free,2020-01-16,10.0,5.0,570.01,5.0,3.0,4.0,12.0,Loyal Customers,0,2026-03-30
C04070,India,41,Male,Free,2026-03-08,593.0,4.0,912.32,3.0,3.0,5.0,11.0,Loyal Customers,1,2026-03-30
C04071,United Kingdom,48,Female,Free,2025-05-26,1022.0,2.0,146.66,2.0,3.0,2.0,7.0,Regular,0,2026-03-30
C04072,United States,49,Male,Free,2025-06-20,785.0,2.0,383.0,2.0,3.0,3.0,8.0,At Risk,0,2026-03-30
C04073,Brazil,44,Male,Free,2025-01-27,1167.0,1.0,138.99,1.0,3.0,1.0,5.0,Regular,0,2026-03-30
C04074,India,30,Other,Free,2022-12-28,958.0,2.0,1439.4599999999998,2.0,3.0,5.0,10.0,At Risk,0,2026-03-30
C04075,Turkey,42,Male,Silver,2021-09-15,279.0,2.0,598.18,4.0,3.0,4.0,11.0,Loyal Customers,0,2026-03-30
C04076,United States,31,Female,Free,2024-09-01,391.0,2.0,141.12,3.0,3.0,2.0,8.0,Loyal Customers,0,2026-03-30
C04077,India,35,Female,Free,2026-02-13,574.0,7.0,614.85,3.0,3.0,4.0,10.0,Loyal Customers,0,2026-03-30
C04078,United States,40,Male,Free,2024-05-30,1168.0,1.0,156.43,1.0,3.0,2.0,6.0,Regular,1,2026-03-30
C04079,Uae,63,Female,Free,2024-04-15,797.0,3.0,260.9,2.0,3.0,3.0,8.0,At Risk,1,2026-03-30
C04080,Singapore,45,Male,Free,2024-01-07,756.0,2.0,35.69,2.0,3.0,1.0,6.0,Regular,0,2026-03-30
C04081,United States,40,Male,Free,2025-11-02,1523.0,1.0,44.54,1.0,3.0,1.0,5.0,Regular,0,2026-03-30
C04082,Singapore,32,Female,Free,2021-11-17,439.0,3.0,242.49,3.0,3.0,2.0,8.0,Loyal Customers,0,2026-03-30
C04083,Australia,45,Male,Free,2026-01-03,26.0,3.0,117.42,5.0,3.0,1.0,9.0,Loyal Customers,0,2026-03-30
C04084,United States,42,Female,Gold,2022-05-12,871.0,1.0,144.18,2.0,3.0,2.0,7.0,Regular,0,2026-03-30
C04085,Netherlands,35,Female,Free,2025-10-22,307.0,3.0,354.37,4.0,3.0,3.0,10.0,Loyal Customers,0,2026-03-30
C04086,Netherlands,39,Female,Gold,2025-10-16,2206.0,1.0,34.39,1.0,3.0,1.0,5.0,Regular,0,2026-03-30
C04087,France,48,Female,Free,2023-10-26,653.0,5.0,1218.02,2.0,3.0,5.0,10.0,At Risk,0,2026-03-30
C04088,South Africa,38,Female,Silver,2026-03-19,894.0,4.0,184.32,2.0,3.0,2.0,7.0,Regular,0,2026-03-30
C04089,Mexico,43,Male,Free,2024-01-15,1777.0,1.0,46.1,1.0,3.0,1.0,5.0,Regular,0,2026-03-30
C04090,United States,44,Male,Platinum,2024-08-28,83.0,1.0,101.61,5.0,3.0,1.0,9.0,Loyal Customers,0,2026-03-30
C04091,Spain,35,Female,Free,2026-02-07,198.0,6.0,606.0,4.0,3.0,4.0,11.0,Loyal Customers,0,2026-03-30
C04092,United Kingdom,22,Male,Free,2023-03-06,176.0,6.0,854.09,4.0,3.0,5.0,12.0,Loyal Customers,0,2026-03-30
C04093,United States,32,Female,Free,2025-09-26,500.0,2.0,539.9200000000001,3.0,3.0,4.0,10.0,Loyal Customers,0,2026-03-30
C04094,United Kingdom,28,Female,Platinum,2022-07-25,312.0,2.0,124.09,4.0,3.0,1.0,8.0,Loyal Customers,0,2026-03-30
C04095,South Africa,53,Other,Gold,2026-03-01,666.0,2.0,196.24,2.0,3.0,2.0,7.0,Regular,0,2026-03-30
C04096,France,37,Male,Free,2024-05-04,449.0,3.0,536.79,3.0,3.0,4.0,10.0,Loyal Customers,0,2026-03-30
C04097,United States,29,Female,Free,2024-04-18,670.0,4.0,423.89,2.0,3.0,4.0,9.0,At Risk,0,2026-03-30
C04098,Germany,37,Female,Platinum,2021-12-19,388.0,2.0,210.67,3.0,3.0,2.0,8.0,Loyal Customers,0,2026-03-30
C04099,United States,57,Male,Gold,2024-01-11,1107.0,2.0,663.48,1.0,3.0,5.0,9.0,At Risk,0,2026-03-30
C04100,India,18,Female,Free,2026-03-24,239.0,5.0,953.09,4.0,3.0,5.0,12.0,Loyal Customers,0,2026-03-30
C04101,United States,41,Male,Free,2023-12-30,768.0,3.0,218.81,2.0,3.0,2.0,7.0,Regular,0,2026-03-30
C04102,United States,27,Female,Free,2024-01-26,301.0,4.0,541.15,4.0,3.0,4.0,11.0,Loyal Customers,0,2026-03-30
C04103,Singapore,54,Female,Free,2025-10-21,216.0,5.0,291.38,4.0,3.0,3.0,10.0,Loyal Customers,0,2026-03-30
C04104,United Kingdom,20,Female,Silver,2025-07-02,460.0,3.0,453.05000000000007,3.0,3.0,4.0,10.0,Loyal Customers,0,2026-03-30
C04105,United States,37,Female,Gold,2025-10-08,50.0,4.0,428.89,5.0,3.0,4.0,12.0,Loyal Customers,0,2026-03-30
C04106,Spain,22,Female,Silver,2023-04-18,940.0,4.0,641.35,2.0,3.0,5.0,10.0,At Risk,0,2026-03-30
C04107,Australia,45,Female,Free,2025-05-12,1183.0,1.0,23.8,1.0,3.0,1.0,5.0,Regular,0,2026-03-30
C04108,Canada,27,Male,Silver,2021-09-14,224.0,5.0,544.55,4.0,3.0,4.0,11.0,Loyal Customers,0,2026-03-30
C04109,United States,38,Female,Silver,2023-11-20,83.0,4.0,306.85,5.0,3.0,3.0,11.0,Loyal Customers,0,2026-03-30
C04110,Brazil,37,Female,Free,2024-12-11,950.0,3.0,285.71000000000004,2.0,3.0,3.0,8.0,At Risk,0,2026-03-30
C04111,United Kingdom,50,Male,Free,2025-10-05,52.0,7.0,686.4,5.0,3.0,5.0,13.0,Loyal Customers,0,2026-03-30
C04112,France,33,Female,Free,2026-01-26,87.0,6.0,653.28,5.0,3.0,5.0,13.0,Loyal Customers,0,2026-03-30
C04113,Singapore,46,Male,Platinum,2025-12-05,762.0,2.0,75.6,2.0,3.0,1.0,6.0,Regular,0,2026-03-30
C04114,United States,53,Male,Platinum,2025-06-15,342.0,3.0,182.61,4.0,3.0,2.0,9.0,Loyal Customers,0,2026-03-30
C04115,Spain,27,Male,Free,2025-04-15,215.0,5.0,1373.15,4.0,3.0,5.0,12.0,Loyal Customers,0,2026-03-30
C04116,France,44,Female,Silver,2025-12-24,2126.0,1.0,46.97,1.0,3.0,1.0,5.0,Regular,0,2026-03-30
C04117,United States,29,Male,Free,2026-01-24,367.0,4.0,445.05,3.0,3.0,4.0,10.0,Loyal Customers,0,2026-03-30
C04118,South Africa,25,Male,Free,2025-04-13,1128.0,1.0,122.64,1.0,3.0,1.0,5.0,Regular,0,2026-03-30
C04119,India,44,Male,Platinum,2023-07-12,357.0,7.0,484.67,3.0,3.0,4.0,10.0,Loyal Customers,0,2026-03-30
C04120,France,37,Male,Platinum,2025-05-01,109.0,5.0,368.88,5.0,3.0,3.0,11.0,Loyal Customers,0,2026-03-30
C04121,United States,26,Female,Free,2024-12-13,46.0,3.0,273.72,5.0,3.0,3.0,11.0,Loyal Customers,0,2026-03-30
C04122,United States,55,Female,Free,2025-11-21,94.0,3.0,227.8,5.0,3.0,2.0,10.0,Loyal Customers,0,2026-03-30
C04123,South Korea,41,Female,Gold,2022-11-28,240.0,7.0,1121.0,4.0,3.0,5.0,12.0,Loyal Customers,0,2026-03-30
C04124,United States,40,Male,Gold,2025-02-01,158.0,1.0,167.98,4.0,3.0,2.0,9.0,Loyal Customers,0,2026-03-30
C04125,Poland,41,Female,Free,2025-08-21,2260.0,1.0,145.48,1.0,3.0,2.0,6.0,Regular,0,2026-03-30
C04126,United States,47,Male,Silver,2023-08-04,1342.0,2.0,163.2,1.0,3.0,2.0,6.0,Regular,1,2026-03-30
C04127,United States,59,Female,Free,2025-11-14,,,,,,,,No orders in window,0,2026-03-30
C04128,United States,24,Female,Free,2025-09-19,272.0,5.0,525.1700000000001,4.0,3.0,4.0,11.0,Loyal Customers,0,2026-03-30
C04129,United States,39,Female,Free,2025-06-16,119.0,4.0,430.5,5.0,3.0,4.0,12.0,Loyal Customers,0,2026-03-30
C04130,United Kingdom,18,Male,Platinum,2025-04-21,531.0,6.0,441.01,3.0,3.0,4.0,10.0,Loyal Customers,0,2026-03-30
C04131,Germany,26,Other,Platinum,2023-10-20,766.0,3.0,150.26,2.0,3.0,2.0,7.0,Regular,0,2026-03-30
C04132,United States,35,Male,Gold,2026-03-22,2226.0,1.0,101.38,1.0,3.0,1.0,5.0,Regular,0,2026-03-30
C04133,Singapore,33,Female,Silver,2023-09-15,,,,,,,,No orders in window,0,2026-03-30
C04134,South Korea,23,Female,Free,2024-06-25,98.0,7.0,1061.65,5.0,3.0,5.0,13.0,Loyal Customers,0,2026-03-30
C04135,Germany,32,Male,Silver,2025-02-17,275.0,4.0,359.03,4.0,3.0,3.0,10.0,Loyal Customers,0,2026-03-30
C04136,Australia,36,Female,Silver,2025-10-24,374.0,2.0,90.84,3.0,3.0,1.0,7.0,Loyal Customers,0,2026-03-30
C04137,United Kingdom,37,Female,Free,2023-06-11,108.0,8.0,565.24,5.0,3.0,4.0,12.0,Loyal Customers,0,2026-03-30
C04138,Mexico,58,Female,Silver,2025-02-09,18.0,3.0,279.92,5.0,3.0,3.0,11.0,Loyal Customers,0,2026-03-30
C04139,Canada,18,Male,Free,2025-06-12,461.0,4.0,624.1099999999999,3.0,3.0,5.0,11.0,Loyal Customers,0,2026-03-30
C04140,United States,36,Female,Free,2024-12-18,1158.0,1.0,172.35,1.0,3.0,2.0,6.0,Regular,0,2026-03-30
C04141,Australia,18,Female,Free,2024-01-28,221.0,3.0,344.38,4.0,3.0,3.0,10.0,Loyal Customers,0,2026-03-30
C04142,United Kingdom,55,Female,Gold,2024-11-26,227.0,4.0,322.07000000000005,4.0,3.0,3.0,10.0,Loyal Customers,0,2026-03-30
C04143,Netherlands,44,Female,Free,2024-12-06,101.0,3.0,212.74,5.0,3.0,2.0,10.0,Loyal Customers,0,2026-03-30
C04144,India,52,Male,Silver,2025-05-18,129.0,6.0,554.71,5.0,3.0,4.0,12.0,Loyal Customers,0,2026-03-30
C04145,United States,34,Female,Free,2025-05-24,370.0,4.0,297.85,3.0,3.0,3.0,9.0,Loyal Customers,0,2026-03-30
C04146,Spain,29,Female,Silver,2021-05-27,1040.0,7.0,690.25,2.0,3.0,5.0,10.0,At Risk,0,2026-03-30
C04147,Canada,19,Female,Free,2025-07-06,328.0,4.0,465.56,4.0,3.0,4.0,11.0,Loyal Customers,0,2026-03-30
C04148,United States,27,Other,Free,2025-11-15,232.0,3.0,439.72,4.0,3.0,4.0,11.0,Loyal Customers,0,2026-03-30
C04149,United States,22,Female,Gold,2024-05-03,217.0,3.0,120.57,4.0,3.0,1.0,8.0,Loyal Customers,0,2026-03-30
C04150,Canada,46,Male,Free,2024-11-29,835.0,5.0,665.64,2.0,3.0,5.0,10.0,At Risk,0,2026-03-30
C04151,Australia,49,Female,Silver,2025-04-09,262.0,3.0,734.11,4.0,3.0,5.0,12.0,Loyal Customers,0,2026-03-30
C04152,India,74,Female,Free,2024-03-02,204.0,2.0,475.67,4.0,3.0,4.0,11.0,Loyal Customers,0,2026-03-30
C04153,France,32,Male,Free,2024-01-28,19.0,5.0,1011.63,5.0,3.0,5.0,13.0,Loyal Customers,0,2026-03-30
C04154,Australia,33,Female,Free,2024-01-16,345.0,4.0,617.4,4.0,3.0,4.0,11.0,Loyal Customers,0,2026-03-30
C04155,Poland,30,Female,Free,2023-07-18,264.0,2.0,316.33,4.0,3.0,3.0,10.0,Loyal Customers,0,2026-03-30
C04156,United States,18,Male,Free,2024-01-30,29.0,4.0,366.84,5.0,3.0,3.0,11.0,Loyal Customers,0,2026-03-30
C04157,United States,18,Female,Silver,2021-12-25,1400.0,2.0,170.07999999999998,1.0,3.0,2.0,6.0,Regular,0,2026-03-30
C04158,United States,34,Female,Free,2024-09-07,387.0,3.0,824.15,3.0,3.0,5.0,11.0,Loyal Customers,0,2026-03-30
C04159,United States,37,Female,Silver,2024-08-09,601.0,4.0,700.29,3.0,3.0,5.0,11.0,Loyal Customers,0,2026-03-30
C04160,India,18,Male,Free,2025-08-27,5.0,5.0,689.51,5.0,3.0,5.0,13.0,Loyal Customers,0,2026-03-30
C04161,United States,18,Male,Platinum,2022-08-13,731.0,1.0,348.33,2.0,3.0,3.0,8.0,At Risk,0,2026-03-30
C04162,United States,24,Female,Gold,2026-04-01,,,,,,,,No orders in window,0,2026-03-30
C04163,Brazil,54,Male,Silver,2025-02-26,627.0,5.0,595.2,2.0,3.0,4.0,9.0,At Risk,0,2026-03-30
C04164,United States,34,Female,Free,2026-01-23,272.0,7.0,846.1800000000001,4.0,3.0,5.0,12.0,Loyal Customers,0,2026-03-30
C04165,Uae,37,Female,Free,2025-09-22,426.0,2.0,299.41,3.0,3.0,3.0,9.0,Loyal Customers,1,2026-03-30
C04166,India,19,Male,Free,2025-11-21,405.0,2.0,103.71,3.0,3.0,1.0,7.0,Loyal Customers,0,2026-03-30
C04167,United Kingdom,46,Female,Platinum,2023-10-04,1458.0,3.0,298.2,1.0,3.0,3.0,7.0,At Risk,0,2026-03-30
C04168,Germany,31,Male,Gold,2024-11-19,123.0,2.0,80.94,5.0,3.0,1.0,9.0,Loyal Customers,0,2026-03-30
C04169,France,49,Male,Gold,2024-04-08,16.0,3.0,127.3,5.0,3.0,1.0,9.0,Loyal Customers,0,2026-03-30
C04170,South Korea,27,Female,Gold,2020-05-13,127.0,4.0,341.95,5.0,3.0,3.0,11.0,Loyal Customers,0,2026-03-30
C04171,United Kingdom,34,Male,Silver,2024-01-07,636.0,2.0,172.39,2.0,3.0,2.0,7.0,Regular,0,2026-03-30
C04172,South Africa,18,Male,Silver,2024-10-01,580.0,2.0,467.74,3.0,3.0,4.0,10.0,Loyal Customers,0,2026-03-30
C04173,United States,24,Male,Free,2025-12-07,59.0,4.0,560.1,5.0,3.0,4.0,12.0,Loyal Customers,0,2026-03-30
C04174,Brazil,46,Female,Free,2020-04-06,259.0,3.0,260.0,4.0,3.0,3.0,10.0,Loyal Customers,0,2026-03-30
C04175,United States,24,Male,Free,2025-06-26,1035.0,1.0,97.73,2.0,3.0,1.0,6.0,Regular,0,2026-03-30
C04176,United States,33,Female,Free,2024-11-20,376.0,7.0,468.88,3.0,3.0,4.0,10.0,Loyal Customers,0,2026-03-30
C04177,United States,25,Female,Free,2022-06-19,769.0,2.0,151.62,2.0,3.0,2.0,7.0,Regular,0,2026-03-30
C04178,Spain,40,Male,Gold,2022-07-09,271.0,2.0,317.94,4.0,3.0,3.0,10.0,Loyal Customers,0,2026-03-30
C04179,United Kingdom,33,Female,Silver,2026-01-25,1043.0,3.0,319.08,2.0,3.0,3.0,8.0,At Risk,0,2026-03-30
C04180,United States,42,Male,Free,2025-09-25,160.0,4.0,936.63,4.0,3.0,5.0,12.0,Loyal Customers,0,2026-03-30
C04181,United Kingdom,47,Male,Silver,2025-12-27,16.0,6.0,1190.38,5.0,3.0,5.0,13.0,Loyal Customers,0,2026-03-30
C04182,United States,30,Female,Silver,2022-04-13,32.0,4.0,582.5500000000001,5.0,3.0,4.0,12.0,Loyal Customers,0,2026-03-30
C04183,Netherlands,37,Female,Free,2026-03-16,1033.0,3.0,226.75,2.0,3.0,2.0,7.0,Regular,0,2026-03-30
C04184,United States,45,Male,Free,2025-01-26,776.0,6.0,688.89,2.0,3.0,5.0,10.0,At Risk,0,2026-03-30
C04185,Germany,30,Male,Gold,2024-11-11,868.0,2.0,301.29,2.0,3.0,3.0,8.0,At Risk,1,2026-03-30
C04186,Germany,63,Female,Free,2022-03-29,699.0,5.0,774.03,2.0,3.0,5.0,10.0,At Risk,0,2026-03-30
C04187,United States,22,Female,Free,2025-11-23,44.0,5.0,1141.55,5.0,3.0,5.0,13.0,Loyal Customers,1,2026-03-30
C04188,Germany,44,Male,Silver,2026-01-30,1336.0,3.0,613.33,1.0,3.0,4.0,8.0,At Risk,0,2026-03-30
C04189,India,26,Male,Silver,2024-02-17,181.0,1.0,88.24,4.0,3.0,1.0,8.0,Loyal Customers,0,2026-03-30
C04190,Spain,42,Male,Gold,2024-04-26,1090.0,2.0,200.67,1.0,3.0,2.0,6.0,Regular,0,2026-03-30
C04191,Germany,51,Male,Free,2025-05-01,340.0,3.0,404.54,4.0,3.0,4.0,11.0,Loyal Customers,0,2026-03-30
C04192,Uae,55,Male,Free,2023-07-23,1926.0,2.0,425.58,1.0,3.0,4.0,8.0,At Risk,0,2026-03-30
C04193,United States,34,Female,Silver,2023-09-26,1273.0,2.0,80.58,1.0,3.0,1.0,5.0,Regular,0,2026-03-30
C04194,Australia,29,Male,Free,2026-03-07,325.0,4.0,442.62,4.0,3.0,4.0,11.0,Loyal Customers,0,2026-03-30
C04195,Japan,24,Female,Free,2020-05-12,539.0,2.0,271.47,3.0,3.0,3.0,9.0,Loyal Customers,0,2026-03-30
C04196,United States,56,Female,Gold,2018-09-20,1209.0,2.0,187.38,1.0,3.0,2.0,6.0,Regular,0,2026-03-30
C04197,Canada,47,Female,Silver,2023-04-17,203.0,2.0,323.61,4.0,3.0,3.0,10.0,Loyal Customers,0,2026-03-30
C04198,Canada,27,Female,Free,2025-05-15,564.0,4.0,268.24,3.0,3.0,3.0,9.0,Loyal Customers,0,2026-03-30
C04199,Australia,31,Male,Free,2022-12-21,892.0,1.0,60.42,2.0,3.0,1.0,6.0,Regular,0,2026-03-30
C04200,United States,47,Male,Free,2025-08-02,131.0,3.0,631.66,5.0,3.0,5.0,13.0,Loyal Customers,0,2026-03-30
C04201,United States,39,Male,Free,2023-05-02,222.0,6.0,366.23,4.0,3.0,3.0,10.0,Loyal Customers,0,2026-03-30
C04202,United Kingdom,58,Male,Free,2023-01-06,2166.0,1.0,175.97,1.0,3.0,2.0,6.0,Regular,0,2026-03-30
C04203,France,49,Female,Silver,2025-12-16,253.0,1.0,175.44,4.0,3.0,2.0,9.0,Loyal Customers,0,2026-03-30
C04204,United States,20,Female,Silver,2025-05-01,,,,,,,,No orders in window,0,2026-03-30
C04205,United States,24,Female,Free,2024-12-06,594.0,2.0,95.63,3.0,3.0,1.0,7.0,Loyal Customers,0,2026-03-30
C04206,United States,27,Female,Silver,2024-06-25,224.0,7.0,842.41,4.0,3.0,5.0,12.0,Loyal Customers,0,2026-03-30
C04207,Brazil,49,Female,Free,2025-12-19,1671.0,3.0,459.37,1.0,3.0,4.0,8.0,At Risk,0,2026-03-30
C04208,Germany,41,Male,Free,2019-03-04,86.0,3.0,308.23,5.0,3.0,3.0,11.0,Loyal Customers,0,2026-03-30
C04209,Brazil,30,Male,Free,2023-05-24,412.0,3.0,318.11,3.0,3.0,3.0,9.0,Loyal Customers,0,2026-03-30
C04210,India,36,Male,Free,2025-03-01,252.0,4.0,1282.1799999999998,4.0,3.0,5.0,12.0,Loyal Customers,0,2026-03-30
C04211,Germany,32,Female,Free,2025-01-27,837.0,2.0,369.65,2.0,3.0,3.0,8.0,At Risk,0,2026-03-30
C04212,Canada,28,Male,Silver,2025-09-21,176.0,3.0,274.24,4.0,3.0,3.0,10.0,Loyal Customers,1,2026-03-30
C04213,Mexico,20,Female,Gold,2025-04-03,72.0,5.0,581.52,5.0,3.0,4.0,12.0,Loyal Customers,0,2026-03-30
C04214,Netherlands,30,Male,Silver,2024-07-03,528.0,2.0,77.66,3.0,3.0,1.0,7.0,Loyal Customers,0,2026-03-30
C04215,Canada,52,Male,Silver,2024-06-13,1118.0,6.0,578.85,1.0,3.0,4.0,8.0,At Risk,0,2026-03-30
C04216,United States,18,Male,Platinum,2022-09-12,1200.0,3.0,330.18,1.0,3.0,3.0,7.0,At Risk,0,2026-03-30
C04217,United States,43,Female,Free,2026-01-13,831.0,3.0,283.02,2.0,3.0,3.0,8.0,At Risk,0,2026-03-30
C04218,United States,44,Female,Silver,2025-06-13,257.0,4.0,861.28,4.0,3.0,5.0,12.0,Loyal Customers,1,2026-03-30
C04219,France,62,Other,Gold,2024-12-20,520.0,3.0,190.57,3.0,3.0,2.0,8.0,Loyal Customers,0,2026-03-30
C04220,United Kingdom,36,Male,Free,2019-12-25,71.0,8.0,601.98,5.0,3.0,4.0,12.0,Loyal Customers,0,2026-03-30
C04221,South Africa,41,Male,Free,2024-05-10,219.0,6.0,762.01,4.0,3.0,5.0,12.0,Loyal Customers,0,2026-03-30
C04222,United States,18,Male,Free,2022-03-06,952.0,2.0,329.34000000000003,2.0,3.0,3.0,8.0,At Risk,0,2026-03-30
C04223,Germany,25,Female,Platinum,2025-05-27,730.0,3.0,425.67,2.0,3.0,4.0,9.0,At Risk,0,2026-03-30
C04224,Mexico,42,Female,Free,2026-01-14,1331.0,2.0,477.13,1.0,3.0,4.0,8.0,At Risk,0,2026-03-30
C04225,India,32,Male,Free,2024-01-12,1743.0,2.0,40.65,1.0,3.0,1.0,5.0,Regular,0,2026-03-30
C04226,Canada,30,Female,Free,2024-04-01,502.0,3.0,327.71,3.0,3.0,3.0,9.0,Loyal Customers,1,2026-03-30
C04227,Italy,38,Male,Free,2025-07-21,523.0,3.0,218.17,3.0,3.0,2.0,8.0,Loyal Customers,0,2026-03-30
C04228,Singapore,53,Female,Free,2024-07-10,,,,,,,,No orders in window,0,2026-03-30
C04229,Uae,33,Female,Gold,2024-08-15,927.0,5.0,693.05,2.0,3.0,5.0,10.0,At Risk,0,2026-03-30
C04230,Germany,42,Female,Free,2025-03-10,574.0,4.0,509.73,3.0,3.0,4.0,10.0,Loyal Customers,0,2026-03-30
C04231,Japan,48,Male,Silver,2025-12-16,616.0,2.0,1171.44,3.0,3.0,5.0,11.0,Loyal Customers,0,2026-03-30
C04232,United Kingdom,41,Female,Silver,2026-01-02,120.0,6.0,1299.5,5.0,3.0,5.0,13.0,Loyal Customers,0,2026-03-30
C04233,United States,36,Female,Silver,2025-09-27,124.0,5.0,419.51,5.0,3.0,4.0,12.0,Loyal Customers,0,2026-03-30
C04234,Germany,64,Male,Free,2025-04-20,892.0,5.0,749.97,2.0,3.0,5.0,10.0,At Risk,1,2026-03-30
C04235,United States,64,Female,Platinum,2024-06-14,308.0,10.0,1525.0,4.0,3.0,5.0,12.0,Loyal Customers,0,2026-03-30
C04236,United States,22,Male,Free,2025-04-04,988.0,5.0,692.84,2.0,3.0,5.0,10.0,At Risk,0,2026-03-30
C04237,United States,28,Male,Free,2023-06-20,1368.0,1.0,16.65,1.0,3.0,1.0,5.0,Regular,0,2026-03-30
C04238,France,29,Female,Free,2023-08-22,1627.0,1.0,61.3,1.0,3.0,1.0,5.0,Regular,0,2026-03-30
C04239,United Kingdom,47,Male,Free,2025-12-16,237.0,3.0,101.4,4.0,3.0,1.0,8.0,Loyal Customers,0,2026-03-30
C04240,India,18,Female,Free,2025-09-19,640.0,3.0,294.09000000000003,2.0,3.0,3.0,8.0,At Risk,0,2026-03-30
C04241,Canada,45,Female,Free,2019-10-11,1173.0,3.0,471.12,1.0,3.0,4.0,8.0,At Risk,0,2026-03-30
C04242,India,45,Male,Free,2024-04-11,,,,,,,,No orders in window,0,2026-03-30
C04243,South Africa,33,Female,Free,2021-06-20,682.0,2.0,239.24,2.0,3.0,2.0,7.0,Regular,1,2026-03-30
C04244,United Kingdom,51,Female,Gold,2023-12-17,260.0,3.0,116.68,4.0,3.0,1.0,8.0,Loyal Customers,0,2026-03-30
C04245,Brazil,28,Female,Platinum,2022-07-25,243.0,1.0,31.3,4.0,3.0,1.0,8.0,Loyal Customers,0,2026-03-30
C04246,United Kingdom,37,Female,Free,2022-08-18,58.0,4.0,462.4,5.0,3.0,4.0,12.0,Loyal Customers,0,2026-03-30
C04247,Australia,54,Male,Free,2025-09-20,422.0,4.0,229.59,3.0,3.0,2.0,8.0,Loyal Customers,1,2026-03-30
C04248,United Kingdom,47,Other,Free,2025-05-23,442.0,5.0,416.2,3.0,3.0,4.0,10.0,Loyal Customers,0,2026-03-30
C04249,Canada,35,Male,Silver,2022-01-25,440.0,3.0,327.13,3.0,3.0,3.0,9.0,Loyal Customers,0,2026-03-30
C04250,Turkey,30,Female,Silver,2024-03-07,918.0,5.0,454.42,2.0,3.0,4.0,9.0,At Risk,0,2026-03-30
C04251,India,20,Male,Platinum,2023-08-13,161.0,5.0,1070.63,4.0,3.0,5.0,12.0,Loyal Customers,0,2026-03-30
C04252,United States,31,Other,Gold,2024-01-15,48.0,4.0,215.01,5.0,3.0,2.0,10.0,Loyal Customers,0,2026-03-30
C04253,United States,69,Female,Silver,2026-01-16,337.0,3.0,350.43999999999994,4.0,3.0,3.0,10.0,Loyal Customers,0,2026-03-30
C04254,India,24,Female,Free,2024-02-18,515.0,5.0,463.92,3.0,3.0,4.0,10.0,Loyal Customers,0,2026-03-30
C04255,United States,38,Male,Free,2025-02-24,254.0,4.0,600.5,4.0,3.0,4.0,11.0,Loyal Customers,1,2026-03-30
C04256,United States,53,Male,Gold,2025-08-26,363.0,3.0,313.66,3.0,3.0,3.0,9.0,Loyal Customers,0,2026-03-30
C04257,United States,36,Female,Silver,2025-08-07,333.0,4.0,368.05,4.0,3.0,3.0,10.0,Loyal Customers,0,2026-03-30
C04258,United States,27,Male,Free,2026-02-12,754.0,7.0,899.81,2.0,3.0,5.0,10.0,At Risk,0,2026-03-30
C04259,United States,34,Male,Free,2025-04-10,883.0,1.0,41.46,2.0,3.0,1.0,6.0,Regular,0,2026-03-30
C04260,Germany,54,Female,Silver,2025-10-31,1811.0,1.0,129.93,1.0,3.0,1.0,5.0,Regular,0,2026-03-30
C04261,Germany,40,Female,Silver,2025-04-14,1796.0,1.0,25.51,1.0,3.0,1.0,5.0,Regular,0,2026-03-30
C04262,United States,33,Female,Silver,2024-10-03,310.0,4.0,328.11,4.0,3.0,3.0,10.0,Loyal Customers,0,2026-03-30
C04263,United Kingdom,33,Male,Silver,2025-10-15,743.0,2.0,202.67,2.0,3.0,2.0,7.0,Regular,0,2026-03-30
C04264,United States,45,Female,Free,2024-11-10,399.0,2.0,203.34,3.0,3.0,2.0,8.0,Loyal Customers,0,2026-03-30
C04265,United States,33,Female,Free,2025-02-16,764.0,5.0,191.98,2.0,3.0,2.0,7.0,Regular,0,2026-03-30
C04266,Canada,32,Male,Free,2024-10-29,75.0,3.0,447.45,5.0,3.0,4.0,12.0,Loyal Customers,1,2026-03-30
C04267,Brazil,44,Male,Free,2024-09-17,1770.0,3.0,168.73000000000002,1.0,3.0,2.0,6.0,Regular,0,2026-03-30
C04268,Poland,49,Female,Free,2025-11-21,1034.0,4.0,465.81,2.0,3.0,4.0,9.0,At Risk,0,2026-03-30
C04269,Canada,18,Female,Free,2024-05-29,923.0,3.0,342.46,2.0,3.0,3.0,8.0,At Risk,0,2026-03-30
C04270,Germany,27,Male,Free,2025-04-20,23.0,2.0,108.27,5.0,3.0,1.0,9.0,Loyal Customers,0,2026-03-30
C04271,United States,47,Male,Free,2024-12-28,1089.0,4.0,1044.95,1.0,3.0,5.0,9.0,At Risk,0,2026-03-30
C04272,Mexico,28,Male,Silver,2020-02-28,46.0,6.0,450.96,5.0,3.0,4.0,12.0,Loyal Customers,1,2026-03-30
C04273,South Korea,39,Female,Gold,2023-02-08,164.0,1.0,129.73,4.0,3.0,1.0,8.0,Loyal Customers,0,2026-03-30
C04274,India,47,Female,Silver,2026-03-21,1787.0,2.0,156.82,1.0,3.0,2.0,6.0,Regular,0,2026-03-30
C04275,Mexico,18,Female,Free,2026-04-01,458.0,3.0,372.16,3.0,3.0,3.0,9.0,Loyal Customers,0,2026-03-30
C04276,Brazil,41,Female,Free,2025-11-18,359.0,2.0,228.73,3.0,3.0,2.0,8.0,Loyal Customers,0,2026-03-30
C04277,Australia,39,Male,Free,2025-03-08,,,,,,,,No orders in window,0,2026-03-30
C04278,Germany,36,Female,Silver,2025-09-25,427.0,2.0,290.72,3.0,3.0,3.0,9.0,Loyal Customers,0,2026-03-30
C04279,Brazil,45,Male,Gold,2024-10-02,554.0,4.0,431.08,3.0,3.0,4.0,10.0,Loyal Customers,1,2026-03-30
C04280,Japan,35,Male,Free,2024-03-30,870.0,2.0,183.57,2.0,3.0,2.0,7.0,Regular,0,2026-03-30
C04281,South Africa,26,Male,Free,2017-02-22,591.0,2.0,91.93,3.0,3.0,1.0,7.0,Loyal Customers,0,2026-03-30
C04282,United States,34,Female,Silver,2024-11-01,177.0,5.0,491.84,4.0,3.0,4.0,11.0,Loyal Customers,0,2026-03-30
C04283,South Korea,35,Male,Silver,2025-05-05,61.0,6.0,1626.84,5.0,3.0,5.0,13.0,Loyal Customers,0,2026-03-30
C04284,United States,51,Female,Gold,2021-08-09,140.0,1.0,186.78,5.0,3.0,2.0,10.0,Loyal Customers,0,2026-03-30
C04285,United States,21,Male,Free,2025-07-01,19.0,2.0,100.25,5.0,3.0,1.0,9.0,Loyal Customers,0,2026-03-30
C04286,United States,34,Male,Platinum,2023-01-30,406.0,1.0,22.22,3.0,3.0,1.0,7.0,Loyal Customers,1,2026-03-30
C04287,United States,39,Female,Free,2025-07-29,1379.0,2.0,255.89,1.0,3.0,2.0,6.0,Regular,0,2026-03-30
C04288,United States,31,Male,Free,2025-11-25,659.0,2.0,188.88,2.0,3.0,2.0,7.0,Regular,1,2026-03-30
C04289,United Kingdom,32,Male,Platinum,2025-02-19,279.0,4.0,592.42,4.0,3.0,4.0,11.0,Loyal Customers,0,2026-03-30
C04290,Canada,42,Male,Silver,2025-06-29,94.0,3.0,153.88,5.0,3.0,2.0,10.0,Loyal Customers,0,2026-03-30
C04291,Australia,36,Female,Free,2025-02-23,679.0,5.0,1166.41,2.0,3.0,5.0,10.0,At Risk,0,2026-03-30
C04292,France,55,Female,Free,2026-02-01,35.0,3.0,258.98,5.0,3.0,2.0,10.0,Loyal Customers,0,2026-03-30
C04293,United Kingdom,43,Male,Free,2025-03-23,1171.0,3.0,148.0,1.0,3.0,2.0,6.0,Regular,0,2026-03-30
C04294,United Kingdom,18,Female,Gold,2026-01-17,,,,,,,,No orders in window,1,2026-03-30
C04295,Germany,20,Female,Free,2025-06-27,1072.0,2.0,204.85,1.0,3.0,2.0,6.0,Regular,0,2026-03-30
C04296,Mexico,33,Male,Free,2023-06-15,111.0,5.0,351.81,5.0,3.0,3.0,11.0,Loyal Customers,0,2026-03-30
C04297,Canada,31,Female,Silver,2025-09-23,785.0,6.0,422.22,2.0,3.0,4.0,9.0,At Risk,0,2026-03-30
C04298,India,41,Female,Gold,2026-02-28,1621.0,2.0,126.44,1.0,3.0,1.0,5.0,Regular,0,2026-03-30
C04299,India,18,Male,Free,2024-11-23,101.0,4.0,379.12,5.0,3.0,3.0,11.0,Loyal Customers,0,2026-03-30
C04300,Australia,33,Female,Free,2026-03-03,1752.0,2.0,486.88,1.0,3.0,4.0,8.0,At Risk,0,2026-03-30
C04301,Mexico,39,Female,Free,2024-09-11,91.0,3.0,309.66,5.0,3.0,3.0,11.0,Loyal Customers,0,2026-03-30
C04302,France,38,Male,Free,2025-08-14,208.0,3.0,433.59,4.0,3.0,4.0,11.0,Loyal Customers,0,2026-03-30
C04303,India,58,Female,Gold,2025-01-04,143.0,4.0,337.46,5.0,3.0,3.0,11.0,Loyal Customers,0,2026-03-30
C04304,India,51,Male,Free,2025-04-05,403.0,2.0,766.2900000000001,3.0,3.0,5.0,11.0,Loyal Customers,0,2026-03-30
C04305,Brazil,22,Male,Free,2026-02-20,1629.0,2.0,163.0,1.0,3.0,2.0,6.0,Regular,0,2026-03-30
C04306,France,26,Male,Free,2026-03-03,732.0,3.0,144.94,2.0,3.0,2.0,7.0,Regular,0,2026-03-30
C04307,Turkey,42,Female,Free,2025-02-04,823.0,1.0,30.33,2.0,3.0,1.0,6.0,Regular,0,2026-03-30
C04308,United Kingdom,41,Male,Free,2019-01-20,311.0,3.0,213.09,4.0,3.0,2.0,9.0,Loyal Customers,0,2026-03-30
C04309,India,39,Male,Silver,2026-03-25,133.0,4.0,332.21,5.0,3.0,3.0,11.0,Loyal Customers,0,2026-03-30
C04310,South Korea,36,Female,Free,2025-09-09,915.0,5.0,359.33,2.0,3.0,3.0,8.0,At Risk,0,2026-03-30
C04311,Sweden,18,Male,Gold,2022-11-30,573.0,2.0,497.94,3.0,3.0,4.0,10.0,Loyal Customers,0,2026-03-30
C04312,United States,18,Female,Free,2025-02-25,214.0,1.0,449.68,4.0,3.0,4.0,11.0,Loyal Customers,0,2026-03-30
C04313,United States,18,Male,Gold,2025-08-02,273.0,3.0,480.9500000000001,4.0,3.0,4.0,11.0,Loyal Customers,0,2026-03-30
C04314,United States,46,Female,Gold,2023-03-13,72.0,6.0,465.5,5.0,3.0,4.0,12.0,Loyal Customers,1,2026-03-30
C04315,Uae,49,Female,Platinum,2025-12-31,424.0,4.0,1185.33,3.0,3.0,5.0,11.0,Loyal Customers,0,2026-03-30
C04316,United States,57,Female,Free,2025-05-10,1438.0,4.0,741.3199999999999,1.0,3.0,5.0,9.0,At Risk,0,2026-03-30
C04317,Canada,53,Male,Gold,2025-01-19,895.0,1.0,80.27,2.0,3.0,1.0,6.0,Regular,0,2026-03-30
C04318,United States,40,Male,Free,2022-10-14,796.0,1.0,31.3,2.0,3.0,1.0,6.0,Regular,0,2026-03-30
C04319,United States,19,Female,Free,2025-08-03,4.0,3.0,272.45,5.0,3.0,3.0,11.0,Loyal Customers,0,2026-03-30
C04320,Canada,29,Male,Gold,2023-11-12,1263.0,2.0,131.29,1.0,3.0,1.0,5.0,Regular,0,2026-03-30
C04321,India,46,Female,Gold,2025-10-12,1860.0,1.0,72.83,1.0,3.0,1.0,5.0,Regular,0,2026-03-30
C04322,United States,31,Female,Free,2024-09-27,,,,,,,,No orders in window,0,2026-03-30
C04323,United States,37,Female,Free,2023-07-17,867.0,2.0,169.23,2.0,3.0,2.0,7.0,Regular,0,2026-03-30
C04324,United States,29,Female,Free,2020-05-05,36.0,5.0,743.1500000000001,5.0,3.0,5.0,13.0,Loyal Customers,1,2026-03-30
C04325,United States,50,Female,Free,2025-06-15,1450.0,2.0,557.34,1.0,3.0,4.0,8.0,At Risk,0,2026-03-30
C04326,Singapore,18,Other,Free,2025-10-06,43.0,4.0,203.32,5.0,3.0,2.0,10.0,Loyal Customers,0,2026-03-30
C04327,Italy,32,Male,Platinum,2025-11-07,114.0,6.0,488.99,5.0,3.0,4.0,12.0,Loyal Customers,0,2026-03-30
C04328,United States,25,Female,Free,2022-09-17,1032.0,2.0,281.98,2.0,3.0,3.0,8.0,At Risk,0,2026-03-30
C04329,Spain,22,Male,Gold,2025-02-22,1525.0,1.0,157.01,1.0,3.0,2.0,6.0,Regular,0,2026-03-30
C04330,Brazil,30,Female,Free,2025-05-27,511.0,7.0,367.66,3.0,3.0,3.0,9.0,Loyal Customers,0,2026-03-30
C04331,United States,26,Male,Free,2023-07-31,474.0,2.0,245.4,3.0,3.0,2.0,8.0,Loyal Customers,1,2026-03-30
C04332,Singapore,21,Male,Free,2021-07-15,109.0,2.0,181.0,5.0,3.0,2.0,10.0,Loyal Customers,0,2026-03-30
C04333,India,43,Female,Free,2026-03-22,1851.0,1.0,140.99,1.0,3.0,2.0,6.0,Regular,0,2026-03-30
C04334,France,37,Female,Silver,2023-01-05,1673.0,1.0,69.61,1.0,3.0,1.0,5.0,Regular,0,2026-03-30
C04335,Poland,18,Male,Platinum,2025-02-21,138.0,2.0,165.79000000000002,5.0,3.0,2.0,10.0,Loyal Customers,0,2026-03-30
C04336,Italy,49,Male,Free,2025-12-03,477.0,5.0,1261.22,3.0,3.0,5.0,11.0,Loyal Customers,0,2026-03-30
C04337,Brazil,30,Female,Silver,2026-03-19,1813.0,2.0,161.04000000000002,1.0,3.0,2.0,6.0,Regular,0,2026-03-30
C04338,Singapore,48,Male,Gold,2025-03-19,113.0,4.0,484.5,5.0,3.0,4.0,12.0,Loyal Customers,1,2026-03-30
C04339,South Africa,18,Male,Free,2024-11-30,376.0,2.0,860.83,3.0,3.0,5.0,11.0,Loyal Customers,0,2026-03-30
C04340,Japan,31,Male,Free,2025-07-25,1116.0,5.0,464.84,1.0,3.0,4.0,8.0,At Risk,0,2026-03-30
C04341,United States,49,Female,Free,2024-11-16,2029.0,1.0,36.86,1.0,3.0,1.0,5.0,Regular,0,2026-03-30
C04342,Australia,55,Male,Silver,2024-12-14,445.0,2.0,444.39,3.0,3.0,4.0,10.0,Loyal Customers,0,2026-03-30
C04343,Sweden,29,Female,Free,2022-03-10,343.0,2.0,223.36,4.0,3.0,2.0,9.0,Loyal Customers,0,2026-03-30
C04344,India,44,Male,Free,2025-11-19,185.0,3.0,539.6500000000001,4.0,3.0,4.0,11.0,Loyal Customers,0,2026-03-30
C04345,Italy,44,Female,Free,2022-07-12,288.0,4.0,1375.12,4.0,3.0,5.0,12.0,Loyal Customers,0,2026-03-30
C04346,United States,32,Male,Free,2026-02-20,1414.0,2.0,135.47,1.0,3.0,1.0,5.0,Regular,0,2026-03-30
C04347,United States,30,Male,Gold,2022-11-24,94.0,1.0,229.24,5.0,3.0,2.0,10.0,Loyal Customers,0,2026-03-30
C04348,Australia,38,Female,Silver,2025-03-06,156.0,3.0,320.86,4.0,3.0,3.0,10.0,Loyal Customers,0,2026-03-30
C04349,United Kingdom,41,Female,Free,2022-10-31,58.0,4.0,372.05,5.0,3.0,3.0,11.0,Loyal Customers,0,2026-03-30
C04350,India,49,Female,Silver,2024-09-18,195.0,2.0,138.23000000000002,4.0,3.0,1.0,8.0,Loyal Customers,0,2026-03-30
C04351,Japan,33,Male,Free,2019-04-11,28.0,3.0,115.7,5.0,3.0,1.0,9.0,Loyal Customers,1,2026-03-30
C04352,Germany,30,Female,Platinum,2024-03-11,193.0,2.0,451.7,4.0,3.0,4.0,11.0,Loyal Customers,0,2026-03-30
C04353,United Kingdom,31,Female,Free,2023-11-17,,,,,,,,No orders in window,0,2026-03-30
C04354,United States,46,Male,Gold,2024-06-06,219.0,5.0,521.25,4.0,3.0,4.0,11.0,Loyal Customers,0,2026-03-30
C04355,Australia,31,Male,Free,2024-05-13,91.0,5.0,356.93,5.0,3.0,3.0,11.0,Loyal Customers,0,2026-03-30
C04356,United Kingdom,46,Male,Free,2026-02-14,128.0,7.0,727.77,5.0,3.0,5.0,13.0,Loyal Customers,0,2026-03-30
C04357,United States,50,Female,Free,2023-12-19,1301.0,2.0,137.67,1.0,3.0,1.0,5.0,Regular,0,2026-03-30
C04358,India,35,Male,Silver,2026-01-10,1009.0,4.0,407.57,2.0,3.0,4.0,9.0,At Risk,1,2026-03-30
C04359,United States,30,Female,Free,2025-05-14,420.0,5.0,956.66,3.0,3.0,5.0,11.0,Loyal Customers,0,2026-03-30
C04360,United States,33,Female,Free,2026-03-08,1642.0,1.0,214.01,1.0,3.0,2.0,6.0,Regular,0,2026-03-30
C04361,United States,28,Male,Gold,2025-03-19,1195.0,2.0,395.34,1.0,3.0,3.0,7.0,At Risk,0,2026-03-30
C04362,United Kingdom,33,Female,Free,2022-12-14,2170.0,1.0,42.33,1.0,3.0,1.0,5.0,Regular,0,2026-03-30
C04363,United States,37,Male,Gold,2023-11-08,194.0,4.0,473.27,4.0,3.0,4.0,11.0,Loyal Customers,0,2026-03-30
C04364,Brazil,29,Male,Free,2025-10-04,1819.0,1.0,29.61,1.0,3.0,1.0,5.0,Regular,0,2026-03-30
C04365,Australia,32,Female,Free,2025-06-02,477.0,4.0,302.13,3.0,3.0,3.0,9.0,Loyal Customers,0,2026-03-30
C04366,Turkey,25,Female,Free,2026-02-09,531.0,1.0,94.65,3.0,3.0,1.0,7.0,Loyal Customers,0,2026-03-30
C04367,Japan,37,Male,Free,2024-09-27,63.0,4.0,493.65,5.0,3.0,4.0,12.0,Loyal Customers,0,2026-03-30
C04368,India,49,Male,Free,2024-07-29,1006.0,3.0,502.12,2.0,3.0,4.0,9.0,At Risk,0,2026-03-30
C04369,India,33,Male,Free,2025-09-12,1481.0,2.0,234.8,1.0,3.0,2.0,6.0,Regular,0,2026-03-30
C04370,United States,35,Female,Silver,2025-04-01,94.0,5.0,866.39,5.0,3.0,5.0,13.0,Loyal Customers,0,2026-03-30
C04371,United States,39,Female,Free,2024-01-31,1542.0,1.0,128.95,1.0,3.0,1.0,5.0,Regular,0,2026-03-30
C04372,Brazil,25,Female,Free,2026-01-20,32.0,4.0,350.48,5.0,3.0,3.0,11.0,Loyal Customers,0,2026-03-30
C04373,United States,24,Male,Free,2024-09-01,569.0,2.0,108.92,3.0,3.0,1.0,7.0,Loyal Customers,0,2026-03-30
C04374,United States,35,Female,Free,2025-04-02,644.0,2.0,175.08,2.0,3.0,2.0,7.0,Regular,0,2026-03-30
C04375,France,53,Male,Free,2022-01-18,,,,,,,,No orders in window,0,2026-03-30
C04376,United States,52,Male,Silver,2026-01-21,782.0,4.0,893.51,2.0,3.0,5.0,10.0,At Risk,1,2026-03-30
C04377,United Kingdom,32,Male,Free,2024-03-08,853.0,2.0,586.14,2.0,3.0,4.0,9.0,At Risk,0,2026-03-30
C04378,United States,24,Female,Silver,2025-12-24,110.0,1.0,72.42,5.0,3.0,1.0,9.0,Loyal Customers,0,2026-03-30
C04379,United States,24,Female,Free,2024-10-02,995.0,6.0,2454.1,2.0,3.0,5.0,10.0,At Risk,0,2026-03-30
C04380,United States,40,Female,Gold,2025-12-08,6.0,1.0,87.45,5.0,3.0,1.0,9.0,Loyal Customers,0,2026-03-30
C04381,United States,62,Female,Free,2025-04-01,117.0,2.0,126.38,5.0,3.0,1.0,9.0,Loyal Customers,0,2026-03-30
C04382,United States,43,Male,Silver,2024-12-29,944.0,1.0,182.9,2.0,3.0,2.0,7.0,Regular,0,2026-03-30
C04383,Mexico,18,Female,Free,2025-07-12,567.0,2.0,222.0,3.0,3.0,2.0,8.0,Loyal Customers,0,2026-03-30
C04384,United Kingdom,43,Female,Platinum,2026-03-23,1662.0,2.0,134.62,1.0,3.0,1.0,5.0,Regular,0,2026-03-30
C04385,Germany,34,Female,Free,2024-12-09,821.0,2.0,444.42,2.0,3.0,4.0,9.0,At Risk,0,2026-03-30
C04386,United Kingdom,18,Female,Gold,2026-03-23,35.0,1.0,190.4,5.0,3.0,2.0,10.0,Loyal Customers,0,2026-03-30
C04387,Germany,41,Male,Free,2025-09-08,511.0,4.0,613.9200000000001,3.0,3.0,4.0,10.0,Loyal Customers,1,2026-03-30
C04388,United States,39,Male,Free,2025-12-19,121.0,4.0,414.18,5.0,3.0,4.0,12.0,Loyal Customers,0,2026-03-30
C04389,India,44,Female,Free,2026-01-17,7.0,4.0,163.34,5.0,3.0,2.0,10.0,Loyal Customers,0,2026-03-30
C04390,United States,37,Male,Free,2025-06-21,2078.0,2.0,201.1,1.0,3.0,2.0,6.0,Regular,0,2026-03-30
C04391,United Kingdom,29,Female,Gold,2025-05-02,232.0,4.0,591.11,4.0,3.0,4.0,11.0,Loyal Customers,0,2026-03-30
C04392,United States,31,Female,Free,2024-09-18,705.0,5.0,253.24,2.0,3.0,2.0,7.0,Regular,0,2026-03-30
C04393,United Kingdom,31,Male,Free,2022-11-08,912.0,2.0,275.29,2.0,3.0,3.0,8.0,At Risk,0,2026-03-30
C04394,Canada,43,Female,Gold,2025-06-04,834.0,3.0,159.6,2.0,3.0,2.0,7.0,Regular,0,2026-03-30
C04395,South Korea,45,Male,Gold,2023-01-26,1041.0,3.0,574.26,2.0,3.0,4.0,9.0,At Risk,0,2026-03-30
C04396,Germany,28,Male,Free,2024-09-24,700.0,1.0,98.03,2.0,3.0,1.0,6.0,Regular,1,2026-03-30
C04397,United States,28,Male,Silver,2025-09-30,2.0,5.0,971.49,5.0,3.0,5.0,13.0,Loyal Customers,0,2026-03-30
C04398,South Africa,29,Male,Gold,2025-01-09,434.0,5.0,542.52,3.0,3.0,4.0,10.0,Loyal Customers,0,2026-03-30
C04399,United States,40,Male,Silver,2024-07-23,1450.0,1.0,24.93,1.0,3.0,1.0,5.0,Regular,0,2026-03-30
C04400,United States,40,Female,Gold,2023-05-31,274.0,5.0,763.0,4.0,3.0,5.0,12.0,Loyal Customers,0,2026-03-30
C04401,Canada,28,Male,Free,2023-01-03,44.0,3.0,276.92,5.0,3.0,3.0,11.0,Loyal Customers,0,2026-03-30
C04402,Spain,35,Female,Silver,2023-08-31,641.0,4.0,224.7,2.0,3.0,2.0,7.0,Regular,0,2026-03-30
C04403,Australia,56,Female,Gold,2025-10-31,234.0,2.0,75.05,4.0,3.0,1.0,8.0,Loyal Customers,0,2026-03-30
C04404,Canada,29,Male,Gold,2023-06-16,163.0,5.0,501.34,4.0,3.0,4.0,11.0,Loyal Customers,0,2026-03-30
C04405,United States,32,Male,Free,2025-12-03,322.0,3.0,225.91,4.0,3.0,2.0,9.0,Loyal Customers,0,2026-03-30
C04406,Australia,29,Male,Free,2026-03-03,491.0,1.0,208.16,3.0,3.0,2.0,8.0,Loyal Customers,0,2026-03-30
C04407,Canada,37,Female,Platinum,2025-01-17,390.0,3.0,530.12,3.0,3.0,4.0,10.0,Loyal Customers,0,2026-03-30
C04408,Australia,32,Female,Free,2025-03-27,520.0,3.0,1130.96,3.0,3.0,5.0,11.0,Loyal Customers,1,2026-03-30
C04409,United Kingdom,22,Male,Silver,2018-09-04,942.0,2.0,231.1,2.0,3.0,2.0,7.0,Regular,0,2026-03-30
C04410,United States,22,Male,Free,2025-07-04,,,,,,,,No orders in window,0,2026-03-30
C04411,United States,38,Female,Free,2026-02-18,1062.0,4.0,848.15,1.0,3.0,5.0,9.0,At Risk,0,2026-03-30
C04412,Germany,30,Female,Free,2025-05-05,1380.0,1.0,211.09,1.0,3.0,2.0,6.0,Regular,0,2026-03-30
C04413,United States,31,Male,Silver,2024-05-01,,,,,,,,No orders in window,0,2026-03-30
C04414,United States,65,Male,Free,2019-10-11,993.0,1.0,166.61,2.0,3.0,2.0,7.0,Regular,0,2026-03-30
C04415,United States,45,Male,Silver,2017-07-30,376.0,4.0,299.04,3.0,3.0,3.0,9.0,Loyal Customers,0,2026-03-30
C04416,United States,25,Female,Gold,2024-12-14,565.0,3.0,192.44,3.0,3.0,2.0,8.0,Loyal Customers,0,2026-03-30
C04417,United States,18,Male,Free,2025-09-07,335.0,3.0,152.89,4.0,3.0,2.0,9.0,Loyal Customers,0,2026-03-30
C04418,Germany,49,Male,Free,2026-01-20,1290.0,3.0,419.71,1.0,3.0,4.0,8.0,At Risk,0,2026-03-30
C04419,India,45,Female,Silver,2023-04-27,,,,,,,,No orders in window,0,2026-03-30
C04420,Germany,48,Female,Free,2025-08-16,218.0,4.0,1091.22,4.0,3.0,5.0,12.0,Loyal Customers,0,2026-03-30
C04421,Italy,40,Male,Gold,2025-03-06,378.0,6.0,400.34,3.0,3.0,3.0,9.0,Loyal Customers,0,2026-03-30
C04422,India,67,Female,Platinum,2025-01-10,841.0,4.0,185.65,2.0,3.0,2.0,7.0,Regular,0,2026-03-30
C04423,United States,32,Male,Gold,2024-01-09,830.0,4.0,292.0,2.0,3.0,3.0,8.0,At Risk,0,2026-03-30
C04424,Canada,47,Male,Silver,2026-02-17,1323.0,2.0,263.77,1.0,3.0,3.0,7.0,At Risk,0,2026-03-30
C04425,Germany,24,Male,Platinum,2025-06-06,1295.0,2.0,136.13,1.0,3.0,1.0,5.0,Regular,1,2026-03-30
C04426,Australia,34,Male,Silver,2022-06-30,1273.0,4.0,616.79,1.0,3.0,4.0,8.0,At Risk,0,2026-03-30
C04427,Netherlands,34,Female,Free,2025-04-10,558.0,1.0,36.5,3.0,3.0,1.0,7.0,Loyal Customers,0,2026-03-30
C04428,United Kingdom,36,Female,Free,2026-01-30,247.0,4.0,425.74,4.0,3.0,4.0,11.0,Loyal Customers,0,2026-03-30
C04429,South Africa,21,Female,Free,2025-10-01,462.0,3.0,976.04,3.0,3.0,5.0,11.0,Loyal Customers,0,2026-03-30
C04430,United States,45,Other,Platinum,2023-01-01,151.0,1.0,10.48,5.0,3.0,1.0,9.0,Loyal Customers,0,2026-03-30
C04431,South Korea,24,Female,Silver,2025-02-18,193.0,2.0,46.69,4.0,3.0,1.0,8.0,Loyal Customers,0,2026-03-30
C04432,United States,25,Female,Platinum,2025-12-25,675.0,6.0,971.75,2.0,3.0,5.0,10.0,At Risk,0,2026-03-30
C04433,United States,36,Female,Free,2025-12-11,1517.0,1.0,41.8,1.0,3.0,1.0,5.0,Regular,0,2026-03-30
C04434,Brazil,18,Female,Free,2023-01-17,287.0,5.0,1152.03,4.0,3.0,5.0,12.0,Loyal Customers,0,2026-03-30
C04435,India,38,Female,Silver,2018-01-11,848.0,3.0,137.05,2.0,3.0,1.0,6.0,Regular,0,2026-03-30
C04436,India,43,Female,Silver,2024-02-18,814.0,5.0,586.24,2.0,3.0,4.0,9.0,At Risk,0,2026-03-30
C04437,United States,40,Female,Free,2023-10-13,1504.0,2.0,125.79,1.0,3.0,1.0,5.0,Regular,0,2026-03-30
C04438,United Kingdom,31,Male,Gold,2026-02-14,439.0,3.0,812.51,3.0,3.0,5.0,11.0,Loyal Customers,0,2026-03-30
C04439,Netherlands,37,Male,Free,2025-05-22,1160.0,5.0,721.53,1.0,3.0,5.0,9.0,At Risk,0,2026-03-30
C04440,United States,38,Male,Gold,2025-12-10,666.0,4.0,759.56,2.0,3.0,5.0,10.0,At Risk,0,2026-03-30
C04441,Brazil,22,Male,Gold,2024-08-16,755.0,4.0,598.0799999999999,2.0,3.0,4.0,9.0,At Risk,0,2026-03-30
C04442,Uae,56,Male,Free,2026-03-24,325.0,2.0,269.86,4.0,3.0,3.0,10.0,Loyal Customers,0,2026-03-30
C04443,United States,31,Male,Silver,2025-03-16,1253.0,2.0,89.17,1.0,3.0,1.0,5.0,Regular,0,2026-03-30
C04444,Japan,21,Male,Free,2025-07-09,174.0,4.0,587.8000000000001,4.0,3.0,4.0,11.0,Loyal Customers,0,2026-03-30
C04445,United States,18,Male,Gold,2025-02-21,626.0,4.0,428.4,2.0,3.0,4.0,9.0,At Risk,0,2026-03-30
C04446,United Kingdom,32,Male,Gold,2024-10-31,162.0,3.0,1753.1699999999998,4.0,3.0,5.0,12.0,Loyal Customers,0,2026-03-30
C04447,Sweden,30,Male,Gold,2025-08-30,712.0,2.0,253.83,2.0,3.0,2.0,7.0,Regular,0,2026-03-30
C04448,United States,20,Male,Gold,2025-06-24,359.0,6.0,377.59,3.0,3.0,3.0,9.0,Loyal Customers,0,2026-03-30
C04449,South Korea,40,Male,Platinum,2025-10-17,1011.0,3.0,448.01,2.0,3.0,4.0,9.0,At Risk,0,2026-03-30
C04450,Australia,23,Male,Free,2026-02-21,927.0,5.0,887.68,2.0,3.0,5.0,10.0,At Risk,0,2026-03-30
C04451,Australia,23,Male,Free,2024-12-28,1960.0,1.0,115.87,1.0,3.0,1.0,5.0,Regular,0,2026-03-30
C04452,Germany,30,Male,Free,2025-03-20,750.0,7.0,719.32,2.0,3.0,5.0,10.0,At Risk,0,2026-03-30
C04453,Uae,36,Male,Free,2025-08-23,1592.0,2.0,103.14,1.0,3.0,1.0,5.0,Regular,0,2026-03-30
C04454,United Kingdom,18,Male,Free,2017-01-31,407.0,1.0,32.71,3.0,3.0,1.0,7.0,Loyal Customers,1,2026-03-30
C04455,United Kingdom,49,Male,Platinum,2026-02-04,302.0,3.0,303.0,4.0,3.0,3.0,10.0,Loyal Customers,0,2026-03-30
C04456,United States,46,Male,Gold,2026-02-06,304.0,1.0,83.65,4.0,3.0,1.0,8.0,Loyal Customers,0,2026-03-30
C04457,United States,31,Male,Platinum,2025-01-17,468.0,4.0,268.63,3.0,3.0,3.0,9.0,Loyal Customers,0,2026-03-30
C04458,Uae,36,Female,Free,2026-01-13,131.0,4.0,441.65,5.0,3.0,4.0,12.0,Loyal Customers,0,2026-03-30
C04459,Netherlands,38,Female,Free,2023-11-13,2258.0,1.0,287.56,1.0,3.0,3.0,7.0,At Risk,0,2026-03-30
C04460,United Kingdom,28,Male,Silver,2023-05-27,193.0,4.0,733.7,4.0,3.0,5.0,12.0,Loyal Customers,0,2026-03-30
C04461,Japan,34,Female,Gold,2026-01-23,80.0,6.0,365.36,5.0,3.0,3.0,11.0,Loyal Customers,0,2026-03-30
C04462,United States,18,Female,Free,2022-06-03,284.0,5.0,810.75,4.0,3.0,5.0,12.0,Loyal Customers,0,2026-03-30
C04463,Sweden,47,Female,Free,2023-11-12,152.0,3.0,239.1,5.0,3.0,2.0,10.0,Loyal Customers,0,2026-03-30
C04464,Brazil,59,Female,Free,2026-02-26,893.0,5.0,471.59,2.0,3.0,4.0,9.0,At Risk,0,2026-03-30
C04465,United States,48,Female,Silver,2025-11-30,1302.0,2.0,256.81,1.0,3.0,2.0,6.0,Regular,1,2026-03-30
C04466,United States,39,Male,Platinum,2026-03-16,37.0,4.0,430.55,5.0,3.0,4.0,12.0,Loyal Customers,0,2026-03-30
C04467,United States,47,Male,Free,2025-05-31,,,,,,,,No orders in window,0,2026-03-30
C04468,United States,19,Male,Free,2025-12-17,337.0,5.0,475.38,4.0,3.0,4.0,11.0,Loyal Customers,0,2026-03-30
C04469,Germany,21,Other,Free,2023-02-27,577.0,1.0,29.18,3.0,3.0,1.0,7.0,Loyal Customers,1,2026-03-30
C04470,Australia,30,Female,Silver,2025-08-20,551.0,4.0,421.91,3.0,3.0,4.0,10.0,Loyal Customers,0,2026-03-30
C04471,Germany,26,Female,Gold,2024-10-06,288.0,2.0,753.36,4.0,3.0,5.0,12.0,Loyal Customers,0,2026-03-30
C04472,United Kingdom,32,Male,Silver,2024-03-15,382.0,2.0,112.75,3.0,3.0,1.0,7.0,Loyal Customers,0,2026-03-30
C04473,United States,32,Female,Gold,2025-05-31,798.0,3.0,211.03,2.0,3.0,2.0,7.0,Regular,0,2026-03-30
C04474,India,20,Female,Free,2026-02-22,144.0,3.0,278.06,5.0,3.0,3.0,11.0,Loyal Customers,0,2026-03-30
C04475,Uae,47,Male,Free,2023-09-15,644.0,3.0,131.45000000000002,2.0,3.0,1.0,6.0,Regular,0,2026-03-30
C04476,Singapore,39,Female,Free,2026-03-24,200.0,2.0,131.53,4.0,3.0,1.0,8.0,Loyal Customers,0,2026-03-30
C04477,India,32,Female,Silver,2021-03-01,23.0,5.0,264.12,5.0,3.0,3.0,11.0,Loyal Customers,0,2026-03-30
C04478,United Kingdom,22,Female,Silver,2024-02-04,44.0,2.0,163.3,5.0,3.0,2.0,10.0,Loyal Customers,0,2026-03-30
C04479,United States,52,Female,Free,2023-04-14,447.0,3.0,173.04999999999998,3.0,3.0,2.0,8.0,Loyal Customers,1,2026-03-30
C04480,France,40,Female,Silver,2025-07-26,,,,,,,,No orders in window,0,2026-03-30
C04481,United States,31,Female,Gold,2024-09-15,607.0,2.0,525.73,3.0,3.0,4.0,10.0,Loyal Customers,0,2026-03-30
C04482,Canada,37,Male,Gold,2022-04-05,317.0,1.0,31.22,4.0,3.0,1.0,8.0,Loyal Customers,0,2026-03-30
C04483,Mexico,46,Male,Silver,2024-05-08,121.0,4.0,309.0,5.0,3.0,3.0,11.0,Loyal Customers,0,2026-03-30
C04484,Australia,44,Female,Free,2024-04-19,107.0,2.0,443.58,5.0,3.0,4.0,12.0,Loyal Customers,0,2026-03-30
C04485,Netherlands,18,Other,Gold,2025-02-08,715.0,3.0,81.80000000000001,2.0,3.0,1.0,6.0,Regular,0,2026-03-30
C04486,United States,32,Female,Silver,2026-02-11,817.0,1.0,46.9,2.0,3.0,1.0,6.0,Regular,0,2026-03-30
C04487,Uae,40,Female,Silver,2026-01-09,283.0,2.0,186.32,4.0,3.0,2.0,9.0,Loyal Customers,0,2026-03-30
C04488,Brazil,52,Female,Free,2025-05-08,29.0,4.0,503.87,5.0,3.0,4.0,12.0,Loyal Customers,0,2026-03-30
C04489,United States,38,Male,Free,2025-06-26,1096.0,3.0,296.81,1.0,3.0,3.0,7.0,At Risk,0,2026-03-30
C04490,United States,45,Male,Platinum,2025-04-02,380.0,6.0,728.65,3.0,3.0,5.0,11.0,Loyal Customers,0,2026-03-30
C04491,United States,42,Female,Gold,2025-04-30,968.0,5.0,591.85,2.0,3.0,4.0,9.0,At Risk,0,2026-03-30
C04492,United Kingdom,32,Male,Silver,2025-05-09,802.0,1.0,74.61,2.0,3.0,1.0,6.0,Regular,0,2026-03-30
C04493,Netherlands,31,Male,Free,2025-09-03,1095.0,2.0,217.02,1.0,3.0,2.0,6.0,Regular,0,2026-03-30
C04494,Italy,55,Male,Free,2025-04-02,12.0,4.0,353.09,5.0,3.0,3.0,11.0,Loyal Customers,0,2026-03-30
C04495,Canada,32,Female,Free,2025-11-03,503.0,3.0,220.37,3.0,3.0,2.0,8.0,Loyal Customers,0,2026-03-30
C04496,United States,41,Male,Free,2025-03-31,1150.0,4.0,436.11,1.0,3.0,4.0,8.0,At Risk,0,2026-03-30
C04497,United States,35,Male,Gold,2023-10-16,2273.0,1.0,174.18,1.0,3.0,2.0,6.0,Regular,0,2026-03-30
C04498,United States,58,Male,Free,2024-09-28,366.0,7.0,890.62,3.0,3.0,5.0,11.0,Loyal Customers,0,2026-03-30
C04499,India,25,Male,Free,2025-04-06,521.0,4.0,675.8,3.0,3.0,5.0,11.0,Loyal Customers,0,2026-03-30
C04500,United Kingdom,30,Other,Free,2026-02-15,955.0,2.0,48.3,2.0,3.0,1.0,6.0,Regular,0,2026-03-30
C04501,United Kingdom,54,Female,Free,2026-04-01,809.0,2.0,314.67,2.0,3.0,3.0,8.0,At Risk,0,2026-03-30
C04502,Uae,18,Female,Free,2020-09-22,53.0,3.0,724.21,5.0,3.0,5.0,13.0,Loyal Customers,0,2026-03-30
C04503,United States,67,Male,Silver,2025-04-12,35.0,3.0,202.62,5.0,3.0,2.0,10.0,Loyal Customers,0,2026-03-30
C04504,United States,38,Male,Silver,2025-09-27,184.0,4.0,407.22,4.0,3.0,4.0,11.0,Loyal Customers,0,2026-03-30
C04505,United States,45,Male,Free,2025-10-24,758.0,2.0,985.37,2.0,3.0,5.0,10.0,At Risk,0,2026-03-30
C04506,United States,61,Male,Silver,2026-03-22,1045.0,2.0,91.8,2.0,3.0,1.0,6.0,Regular,0,2026-03-30
C04507,United Kingdom,31,Male,Free,2022-04-12,351.0,4.0,473.64,3.0,3.0,4.0,10.0,Loyal Customers,0,2026-03-30
C04508,United States,37,Male,Silver,2026-03-17,,,,,,,,No orders in window,0,2026-03-30
C04509,Canada,37,Male,Free,2023-10-29,76.0,6.0,624.2,5.0,3.0,5.0,13.0,Loyal Customers,0,2026-03-30
C04510,Germany,45,Male,Free,2023-03-05,1111.0,2.0,32.15,1.0,3.0,1.0,5.0,Regular,0,2026-03-30
C04511,United States,35,Male,Silver,2022-12-16,566.0,5.0,471.9500000000001,3.0,3.0,4.0,10.0,Loyal Customers,0,2026-03-30
C04512,United Kingdom,37,Female,Gold,2023-08-26,226.0,2.0,99.39,4.0,3.0,1.0,8.0,Loyal Customers,0,2026-03-30
C04513,South Korea,45,Male,Silver,2023-12-15,357.0,1.0,281.9,3.0,3.0,3.0,9.0,Loyal Customers,0,2026-03-30
C04514,India,27,Female,Free,2025-03-04,783.0,3.0,400.57,2.0,3.0,3.0,8.0,At Risk,0,2026-03-30
C04515,United States,34,Female,Silver,2023-12-29,587.0,2.0,127.67,3.0,3.0,1.0,7.0,Loyal Customers,0,2026-03-30
C04516,Uae,34,Female,Gold,2025-04-18,223.0,4.0,351.71,4.0,3.0,3.0,10.0,Loyal Customers,0,2026-03-30
C04517,Sweden,21,Male,Free,2025-02-22,663.0,3.0,323.99,2.0,3.0,3.0,8.0,At Risk,1,2026-03-30
C04518,Brazil,27,Female,Platinum,2025-09-27,1406.0,2.0,171.13,1.0,3.0,2.0,6.0,Regular,0,2026-03-30
C04519,South Korea,18,Female,Free,2026-03-16,1412.0,1.0,82.79,1.0,3.0,1.0,5.0,Regular,0,2026-03-30
C04520,United States,48,Female,Gold,2023-11-24,549.0,3.0,418.17,3.0,3.0,4.0,10.0,Loyal Customers,1,2026-03-30
C04521,United Kingdom,18,Female,Free,2021-11-18,730.0,3.0,138.42000000000002,2.0,3.0,1.0,6.0,Regular,0,2026-03-30
C04522,United States,25,Female,Silver,2022-06-07,79.0,3.0,501.65,5.0,3.0,4.0,12.0,Loyal Customers,0,2026-03-30
C04523,United States,34,Male,Free,2025-11-06,52.0,4.0,306.61,5.0,3.0,3.0,11.0,Loyal Customers,1,2026-03-30
C04524,United States,39,Female,Gold,2019-09-12,87.0,2.0,136.76,5.0,3.0,1.0,9.0,Loyal Customers,0,2026-03-30
C04525,India,40,Male,Free,2023-11-22,661.0,4.0,268.6,2.0,3.0,3.0,8.0,At Risk,0,2026-03-30
C04526,Australia,41,Male,Silver,2025-07-12,513.0,3.0,567.3100000000001,3.0,3.0,4.0,10.0,Loyal Customers,0,2026-03-30
C04527,Brazil,46,Female,Silver,2018-03-17,34.0,3.0,554.47,5.0,3.0,4.0,12.0,Loyal Customers,0,2026-03-30
C04528,United Kingdom,66,Female,Free,2019-05-03,305.0,5.0,543.17,4.0,3.0,4.0,11.0,Loyal Customers,1,2026-03-30
C04529,Australia,29,Female,Silver,2025-11-02,461.0,2.0,520.5,3.0,3.0,4.0,10.0,Loyal Customers,0,2026-03-30
C04530,South Korea,55,Female,Silver,2025-06-01,569.0,5.0,781.2,3.0,3.0,5.0,11.0,Loyal Customers,0,2026-03-30
C04531,France,34,Female,Platinum,2024-11-06,1509.0,1.0,94.12,1.0,3.0,1.0,5.0,Regular,0,2026-03-30
C04532,Japan,19,Male,Silver,2026-03-09,11.0,5.0,904.66,5.0,3.0,5.0,13.0,Loyal Customers,0,2026-03-30
C04533,United States,34,Female,Free,2020-12-09,144.0,3.0,110.05,5.0,3.0,1.0,9.0,Loyal Customers,0,2026-03-30
C04534,Japan,69,Female,Free,2024-06-05,388.0,1.0,95.8,3.0,3.0,1.0,7.0,Loyal Customers,0,2026-03-30
C04535,United Kingdom,39,Male,Gold,2025-01-27,363.0,1.0,17.73,3.0,3.0,1.0,7.0,Loyal Customers,0,2026-03-30
C04536,United States,18,Female,Free,2023-02-18,1.0,3.0,321.22,5.0,3.0,3.0,11.0,Loyal Customers,0,2026-03-30
C04537,Brazil,35,Female,Silver,2019-08-20,87.0,3.0,215.57,5.0,3.0,2.0,10.0,Loyal Customers,0,2026-03-30
C04538,United States,18,Female,Free,2025-09-09,456.0,4.0,148.55,3.0,3.0,2.0,8.0,Loyal Customers,0,2026-03-30
C04539,United States,36,Male,Free,2018-05-04,,,,,,,,No orders in window,0,2026-03-30
C04540,United States,20,Female,Gold,2021-10-26,691.0,2.0,340.77,2.0,3.0,3.0,8.0,At Risk,0,2026-03-30
C04541,United Kingdom,43,Male,Silver,2026-01-21,596.0,2.0,88.84,3.0,3.0,1.0,7.0,Loyal Customers,0,2026-03-30
C04542,South Korea,29,Male,Platinum,2025-05-19,449.0,5.0,467.13,3.0,3.0,4.0,10.0,Loyal Customers,0,2026-03-30
C04543,Australia,46,Female,Platinum,2026-01-12,1140.0,1.0,32.77,1.0,3.0,1.0,5.0,Regular,0,2026-03-30
C04544,India,45,Male,Free,2026-02-14,287.0,1.0,146.79,4.0,3.0,2.0,9.0,Loyal Customers,0,2026-03-30
C04545,Germany,30,Female,Free,2025-03-12,324.0,2.0,175.64999999999998,4.0,3.0,2.0,9.0,Loyal Customers,0,2026-03-30
C04546,Netherlands,18,Male,Silver,2024-12-05,1194.0,6.0,793.25,1.0,3.0,5.0,9.0,At Risk,0,2026-03-30
C04547,Japan,21,Male,Free,2024-03-01,1526.0,2.0,133.81,1.0,3.0,1.0,5.0,Regular,0,2026-03-30
C04548,Canada,21,Male,Gold,2025-05-03,1033.0,2.0,117.62,2.0,3.0,1.0,6.0,Regular,0,2026-03-30
C04549,Australia,50,Female,Silver,2025-10-31,423.0,1.0,44.74,3.0,3.0,1.0,7.0,Loyal Customers,0,2026-03-30
C04550,United States,36,Female,Gold,2023-11-15,462.0,4.0,849.22,3.0,3.0,5.0,11.0,Loyal Customers,0,2026-03-30
C04551,France,34,Male,Free,2024-07-28,3.0,3.0,431.45,5.0,3.0,4.0,12.0,Loyal Customers,0,2026-03-30
C04552,Canada,27,Male,Free,2025-09-30,1572.0,3.0,217.68,1.0,3.0,2.0,6.0,Regular,1,2026-03-30
C04553,United States,39,Female,Free,2026-01-13,431.0,5.0,192.38,3.0,3.0,2.0,8.0,Loyal Customers,0,2026-03-30
C04554,Brazil,38,Female,Free,2018-11-20,849.0,2.0,174.29000000000002,2.0,3.0,2.0,7.0,Regular,0,2026-03-30
C04555,United Kingdom,48,Male,Gold,2025-08-18,377.0,4.0,240.61,3.0,3.0,2.0,8.0,Loyal Customers,0,2026-03-30
C04556,France,34,Female,Free,2023-11-24,381.0,5.0,673.2,3.0,3.0,5.0,11.0,Loyal Customers,0,2026-03-30
C04557,Brazil,53,Female,Gold,2026-03-15,1328.0,1.0,71.42,1.0,3.0,1.0,5.0,Regular,0,2026-03-30
C04558,United States,28,Female,Silver,2025-04-20,487.0,4.0,137.20999999999998,3.0,3.0,1.0,7.0,Loyal Customers,0,2026-03-30
C04559,United States,37,Female,Free,2026-03-21,321.0,1.0,22.37,4.0,3.0,1.0,8.0,Loyal Customers,0,2026-03-30
C04560,United States,36,Male,Free,2026-02-21,211.0,4.0,193.6,4.0,3.0,2.0,9.0,Loyal Customers,0,2026-03-30
C04561,Mexico,33,Female,Free,2019-07-04,1586.0,1.0,50.53,1.0,3.0,1.0,5.0,Regular,0,2026-03-30
C04562,India,18,Male,Gold,2024-01-05,109.0,2.0,206.27,5.0,3.0,2.0,10.0,Loyal Customers,0,2026-03-30
C04563,United States,32,Other,Silver,2025-07-08,1210.0,1.0,115.08,1.0,3.0,1.0,5.0,Regular,0,2026-03-30
C04564,Netherlands,31,Male,Free,2021-09-16,61.0,3.0,347.97,5.0,3.0,3.0,11.0,Loyal Customers,0,2026-03-30
C04565,Brazil,18,Female,Silver,2025-09-06,65.0,3.0,237.35,5.0,3.0,2.0,10.0,Loyal Customers,0,2026-03-30
C04566,Australia,38,Male,Gold,2026-01-19,878.0,5.0,320.06,2.0,3.0,3.0,8.0,At Risk,0,2026-03-30
C04567,South Korea,20,Female,Free,2023-04-07,7.0,7.0,758.25,5.0,3.0,5.0,13.0,Loyal Customers,0,2026-03-30
C04568,Germany,49,Female,Free,2025-11-01,437.0,3.0,336.62,3.0,3.0,3.0,9.0,Loyal Customers,0,2026-03-30
C04569,United States,22,Male,Free,2026-03-21,112.0,3.0,217.64,5.0,3.0,2.0,10.0,Loyal Customers,0,2026-03-30
C04570,India,42,Female,Platinum,2025-09-13,341.0,5.0,325.77,4.0,3.0,3.0,10.0,Loyal Customers,0,2026-03-30
C04571,United States,31,Male,Platinum,2023-10-03,570.0,4.0,354.93,3.0,3.0,3.0,9.0,Loyal Customers,0,2026-03-30
C04572,India,21,Male,Free,2025-12-15,910.0,3.0,187.72,2.0,3.0,2.0,7.0,Regular,0,2026-03-30
C04573,United States,42,Male,Free,2024-12-06,189.0,6.0,755.0,4.0,3.0,5.0,12.0,Loyal Customers,0,2026-03-30
C04574,Italy,53,Male,Free,2022-07-09,313.0,2.0,90.42,4.0,3.0,1.0,8.0,Loyal Customers,0,2026-03-30
C04575,Netherlands,42,Male,Platinum,2026-04-01,676.0,4.0,443.06,2.0,3.0,4.0,9.0,At Risk,0,2026-03-30
C04576,Germany,36,Male,Platinum,2026-03-08,1218.0,1.0,30.77,1.0,3.0,1.0,5.0,Regular,0,2026-03-30
C04577,France,38,Male,Free,2023-11-20,537.0,1.0,77.55,3.0,3.0,1.0,7.0,Loyal Customers,0,2026-03-30
C04578,Turkey,18,Male,Free,2026-01-02,64.0,6.0,676.4,5.0,3.0,5.0,13.0,Loyal Customers,0,2026-03-30
C04579,Germany,41,Male,Gold,2026-01-26,810.0,1.0,58.43,2.0,3.0,1.0,6.0,Regular,0,2026-03-30
C04580,Germany,33,Female,Free,2026-01-08,250.0,3.0,139.5,4.0,3.0,1.0,8.0,Loyal Customers,0,2026-03-30
C04581,Germany,33,Female,Free,2025-02-07,,,,,,,,No orders in window,0,2026-03-30
C04582,Germany,30,Male,Free,2024-01-09,775.0,3.0,204.43,2.0,3.0,2.0,7.0,Regular,0,2026-03-30
C04583,Brazil,49,Female,Free,2024-12-05,628.0,5.0,476.65,2.0,3.0,4.0,9.0,At Risk,0,2026-03-30
C04584,United Kingdom,57,Male,Platinum,2025-09-02,399.0,2.0,127.82,3.0,3.0,1.0,7.0,Loyal Customers,0,2026-03-30
C04585,United States,49,Male,Gold,2018-09-25,81.0,4.0,558.84,5.0,3.0,4.0,12.0,Loyal Customers,1,2026-03-30
C04586,United States,40,Male,Silver,2025-07-08,441.0,3.0,697.46,3.0,3.0,5.0,11.0,Loyal Customers,1,2026-03-30
C04587,United Kingdom,29,Male,Free,2025-11-11,1079.0,2.0,182.89,1.0,3.0,2.0,6.0,Regular,0,2026-03-30
C04588,United States,25,Female,Silver,2022-12-30,1107.0,1.0,53.67,1.0,3.0,1.0,5.0,Regular,0,2026-03-30
C04589,United Kingdom,36,Male,Gold,2023-09-17,150.0,3.0,150.07,5.0,3.0,2.0,10.0,Loyal Customers,0,2026-03-30
C04590,Germany,52,Male,Free,2024-06-11,233.0,1.0,224.22,4.0,3.0,2.0,9.0,Loyal Customers,1,2026-03-30
C04591,United States,32,Male,Free,2026-01-27,915.0,2.0,317.43,2.0,3.0,3.0,8.0,At Risk,0,2026-03-30
C04592,Germany,25,Female,Platinum,2024-10-10,1196.0,2.0,436.52,1.0,3.0,4.0,8.0,At Risk,0,2026-03-30
C04593,India,34,Female,Platinum,2023-03-02,209.0,4.0,638.22,4.0,3.0,5.0,12.0,Loyal Customers,0,2026-03-30
C04594,France,53,Female,Free,2024-05-14,633.0,3.0,902.11,2.0,3.0,5.0,10.0,At Risk,1,2026-03-30
C04595,Mexico,37,Male,Platinum,2023-02-27,1677.0,1.0,223.51,1.0,3.0,2.0,6.0,Regular,0,2026-03-30
C04596,United Kingdom,34,Male,Free,2025-06-11,,,,,,,,No orders in window,0,2026-03-30
C04597,Germany,28,Male,Free,2025-07-16,1187.0,2.0,376.05,1.0,3.0,3.0,7.0,At Risk,0,2026-03-30
C04598,United States,33,Male,Silver,2024-08-08,1783.0,1.0,385.5,1.0,3.0,3.0,7.0,At Risk,1,2026-03-30
C04599,United States,48,Female,Free,2024-06-29,1306.0,2.0,141.92,1.0,3.0,2.0,6.0,Regular,0,2026-03-30
C04600,Australia,46,Male,Free,2026-02-17,479.0,4.0,714.0,3.0,3.0,5.0,11.0,Loyal Customers,0,2026-03-30
C04601,United States,38,Male,Free,2024-09-23,325.0,11.0,1704.02,4.0,3.0,5.0,12.0,Loyal Customers,0,2026-03-30
C04602,Canada,22,Female,Free,2025-07-31,280.0,2.0,174.47,4.0,3.0,2.0,9.0,Loyal Customers,0,2026-03-30
C04603,United States,39,Male,Free,2025-03-21,1048.0,5.0,224.05,2.0,3.0,2.0,7.0,Regular,0,2026-03-30
C04604,Canada,31,Female,Free,2023-10-29,57.0,3.0,311.98,5.0,3.0,3.0,11.0,Loyal Customers,0,2026-03-30
C04605,United States,38,Male,Free,2020-05-09,509.0,4.0,428.33,3.0,3.0,4.0,10.0,Loyal Customers,0,2026-03-30
C04606,Germany,38,Male,Silver,2026-03-18,1022.0,2.0,86.72,2.0,3.0,1.0,6.0,Regular,0,2026-03-30
C04607,United Kingdom,70,Female,Platinum,2025-02-25,76.0,4.0,414.4500000000001,5.0,3.0,4.0,12.0,Loyal Customers,0,2026-03-30
C04608,United States,32,Female,Silver,2024-07-20,760.0,4.0,613.0,2.0,3.0,4.0,9.0,At Risk,0,2026-03-30
C04609,United States,25,Female,Gold,2023-03-11,2056.0,1.0,58.01,1.0,3.0,1.0,5.0,Regular,1,2026-03-30
C04610,India,20,Male,Platinum,2026-02-06,779.0,2.0,199.67,2.0,3.0,2.0,7.0,Regular,0,2026-03-30
C04611,Sweden,31,Male,Free,2019-02-04,716.0,4.0,614.53,2.0,3.0,4.0,9.0,At Risk,0,2026-03-30
C04612,United States,33,Male,Platinum,2025-04-17,261.0,3.0,389.16,4.0,3.0,3.0,10.0,Loyal Customers,0,2026-03-30
C04613,United Kingdom,43,Male,Gold,2020-02-28,91.0,4.0,747.35,5.0,3.0,5.0,13.0,Loyal Customers,0,2026-03-30
C04614,United Kingdom,18,Male,Silver,2025-08-30,1666.0,2.0,233.69,1.0,3.0,2.0,6.0,Regular,0,2026-03-30
C04615,France,26,Male,Free,2025-09-20,1396.0,3.0,154.67000000000002,1.0,3.0,2.0,6.0,Regular,0,2026-03-30
C04616,Japan,48,Female,Free,2025-01-23,,,,,,,,No orders in window,0,2026-03-30
C04617,France,40,Female,Gold,2022-02-27,439.0,3.0,148.46,3.0,3.0,2.0,8.0,Loyal Customers,0,2026-03-30
C04618,France,32,Female,Free,2024-02-18,81.0,5.0,485.1,5.0,3.0,4.0,12.0,Loyal Customers,0,2026-03-30
C04619,Australia,29,Female,Gold,2025-06-05,242.0,2.0,107.17,4.0,3.0,1.0,8.0,Loyal Customers,0,2026-03-30
C04620,India,51,Male,Free,2024-08-30,1302.0,1.0,25.01,1.0,3.0,1.0,5.0,Regular,0,2026-03-30
C04621,Brazil,18,Female,Platinum,2025-12-31,24.0,6.0,561.74,5.0,3.0,4.0,12.0,Loyal Customers,0,2026-03-30
C04622,United States,30,Male,Free,2025-10-02,300.0,5.0,604.2,4.0,3.0,4.0,11.0,Loyal Customers,0,2026-03-30
C04623,United Kingdom,39,Male,Free,2023-11-22,807.0,7.0,1192.32,2.0,3.0,5.0,10.0,At Risk,0,2026-03-30
C04624,United States,31,Female,Platinum,2026-03-20,1551.0,2.0,226.84,1.0,3.0,2.0,6.0,Regular,0,2026-03-30
C04625,France,44,Female,Platinum,2023-01-14,328.0,8.0,716.61,4.0,3.0,5.0,12.0,Loyal Customers,0,2026-03-30
C04626,Spain,18,Female,Free,2024-02-16,2108.0,1.0,48.28,1.0,3.0,1.0,5.0,Regular,0,2026-03-30
C04627,United States,27,Female,Silver,2024-10-03,653.0,3.0,481.79,2.0,3.0,4.0,9.0,At Risk,1,2026-03-30
C04628,Italy,34,Female,Free,2026-02-26,905.0,2.0,1303.14,2.0,3.0,5.0,10.0,At Risk,0,2026-03-30
C04629,Sweden,46,Female,Free,2025-09-15,65.0,1.0,92.01,5.0,3.0,1.0,9.0,Loyal Customers,0,2026-03-30
C04630,India,34,Female,Free,2021-10-30,721.0,4.0,849.28,2.0,3.0,5.0,10.0,At Risk,0,2026-03-30
C04631,United States,33,Male,Gold,2026-03-31,,,,,,,,No orders in window,0,2026-03-30
C04632,India,36,Male,Free,2025-05-04,,,,,,,,No orders in window,0,2026-03-30
C04633,Australia,68,Female,Silver,2026-03-16,398.0,3.0,190.31,3.0,3.0,2.0,8.0,Loyal Customers,0,2026-03-30
C04634,United States,54,Male,Free,2025-08-24,32.0,2.0,108.42,5.0,3.0,1.0,9.0,Loyal Customers,1,2026-03-30
C04635,United Kingdom,33,Female,Free,2024-09-04,273.0,4.0,168.57,4.0,3.0,2.0,9.0,Loyal Customers,1,2026-03-30
C04636,United Kingdom,43,Female,Silver,2025-04-27,759.0,4.0,103.84,2.0,3.0,1.0,6.0,Regular,0,2026-03-30
C04637,Poland,58,Male,Free,2024-06-13,,,,,,,,No orders in window,0,2026-03-30
C04638,United States,37,Male,Free,2025-11-21,614.0,6.0,766.11,3.0,3.0,5.0,11.0,Loyal Customers,0,2026-03-30
C04639,Canada,40,Male,Free,2025-11-22,121.0,8.0,998.1,5.0,3.0,5.0,13.0,Loyal Customers,0,2026-03-30
C04640,Germany,45,Male,Free,2025-06-20,53.0,5.0,828.06,5.0,3.0,5.0,13.0,Loyal Customers,0,2026-03-30
C04641,United States,40,Male,Free,2023-12-22,333.0,3.0,264.53,4.0,3.0,3.0,10.0,Loyal Customers,0,2026-03-30
C04642,Netherlands,32,Male,Gold,2025-05-08,1997.0,1.0,36.81,1.0,3.0,1.0,5.0,Regular,0,2026-03-30
C04643,Netherlands,18,Male,Free,2025-02-05,264.0,2.0,227.5,4.0,3.0,2.0,9.0,Loyal Customers,0,2026-03-30
C04644,United States,29,Male,Free,2025-02-04,758.0,4.0,641.75,2.0,3.0,5.0,10.0,At Risk,0,2026-03-30
C04645,United States,18,Male,Free,2024-02-19,405.0,6.0,995.16,3.0,3.0,5.0,11.0,Loyal Customers,1,2026-03-30
C04646,India,24,Female,Free,2025-04-17,427.0,2.0,109.32,3.0,3.0,1.0,7.0,Loyal Customers,0,2026-03-30
C04647,Japan,18,Male,Free,2025-10-16,536.0,2.0,185.81,3.0,3.0,2.0,8.0,Loyal Customers,0,2026-03-30
C04648,United States,22,Female,Free,2022-07-26,33.0,5.0,485.44,5.0,3.0,4.0,12.0,Loyal Customers,0,2026-03-30
C04649,India,47,Male,Free,2022-08-06,1063.0,2.0,295.23,1.0,3.0,3.0,7.0,At Risk,0,2026-03-30
C04650,Canada,33,Male,Silver,2024-10-25,1102.0,6.0,1053.65,1.0,3.0,5.0,9.0,At Risk,0,2026-03-30
C04651,United States,45,Male,Free,2023-07-20,894.0,3.0,1003.4,2.0,3.0,5.0,10.0,At Risk,0,2026-03-30
C04652,India,33,Female,Silver,2023-07-24,2020.0,1.0,137.93,1.0,3.0,1.0,5.0,Regular,0,2026-03-30
C04653,United Kingdom,33,Male,Free,2025-10-18,,,,,,,,No orders in window,0,2026-03-30
C04654,Canada,46,Female,Gold,2022-06-12,81.0,2.0,127.69,5.0,3.0,1.0,9.0,Loyal Customers,0,2026-03-30
C04655,United States,62,Male,Free,2024-05-15,70.0,4.0,354.04,5.0,3.0,3.0,11.0,Loyal Customers,1,2026-03-30
C04656,United States,54,Female,Free,2025-08-10,349.0,3.0,341.6,3.0,3.0,3.0,9.0,Loyal Customers,0,2026-03-30
C04657,Uae,34,Female,Silver,2026-01-21,964.0,3.0,313.3,2.0,3.0,3.0,8.0,At Risk,0,2026-03-30
C04658,India,32,Male,Free,2026-03-07,422.0,4.0,561.04,3.0,3.0,4.0,10.0,Loyal Customers,0,2026-03-30
C04659,United States,37,Female,Gold,2025-12-19,593.0,3.0,640.76,3.0,3.0,5.0,11.0,Loyal Customers,0,2026-03-30
C04660,India,25,Female,Platinum,2024-02-15,302.0,3.0,123.9,4.0,3.0,1.0,8.0,Loyal Customers,0,2026-03-30
C04661,United States,42,Female,Free,2025-03-28,1345.0,2.0,122.17,1.0,3.0,1.0,5.0,Regular,0,2026-03-30
C04662,Italy,40,Male,Free,2023-11-30,1539.0,1.0,254.45,1.0,3.0,2.0,6.0,Regular,0,2026-03-30
C04663,United States,22,Male,Gold,2026-01-14,683.0,4.0,439.33,2.0,3.0,4.0,9.0,At Risk,0,2026-03-30
C04664,United Kingdom,43,Male,Silver,2024-09-17,227.0,6.0,602.8,4.0,3.0,4.0,11.0,Loyal Customers,0,2026-03-30
C04665,France,18,Male,Silver,2026-02-25,93.0,1.0,102.45,5.0,3.0,1.0,9.0,Loyal Customers,0,2026-03-30
C04666,United States,18,Female,Gold,2024-06-15,1777.0,1.0,170.51,1.0,3.0,2.0,6.0,Regular,1,2026-03-30
C04667,United States,58,Female,Silver,2025-09-23,932.0,3.0,232.39,2.0,3.0,2.0,7.0,Regular,0,2026-03-30
C04668,United Kingdom,41,Female,Free,2024-07-08,241.0,4.0,658.45,4.0,3.0,5.0,12.0,Loyal Customers,0,2026-03-30
C04669,United States,48,Male,Free,2026-02-22,11.0,3.0,332.96000000000004,5.0,3.0,3.0,11.0,Loyal Customers,0,2026-03-30
C04670,Poland,18,Other,Silver,2024-02-28,155.0,3.0,684.4,4.0,3.0,5.0,12.0,Loyal Customers,0,2026-03-30
C04671,Netherlands,19,Female,Platinum,2024-10-10,429.0,2.0,182.92,3.0,3.0,2.0,8.0,Loyal Customers,0,2026-03-30
C04672,Italy,31,Female,Platinum,2025-07-23,2277.0,1.0,81.74,1.0,3.0,1.0,5.0,Regular,0,2026-03-30
C04673,Germany,37,Female,Free,2024-12-10,395.0,5.0,187.43,3.0,3.0,2.0,8.0,Loyal Customers,0,2026-03-30
C04674,United States,34,Male,Silver,2026-03-30,121.0,4.0,474.18,5.0,3.0,4.0,12.0,Loyal Customers,0,2026-03-30
C04675,Brazil,25,Female,Silver,2017-04-03,53.0,2.0,703.58,5.0,3.0,5.0,13.0,Loyal Customers,0,2026-03-30
C04676,United States,54,Male,Silver,2026-02-21,130.0,5.0,470.15,5.0,3.0,4.0,12.0,Loyal Customers,0,2026-03-30
C04677,Germany,43,Female,Free,2025-10-17,1134.0,3.0,564.95,1.0,3.0,4.0,8.0,At Risk,0,2026-03-30
C04678,United States,28,Female,Free,2024-02-04,611.0,4.0,232.81,3.0,3.0,2.0,8.0,Loyal Customers,0,2026-03-30
C04679,Sweden,41,Female,Free,2024-04-26,4.0,1.0,201.29,5.0,3.0,2.0,10.0,Loyal Customers,0,2026-03-30
C04680,Germany,28,Female,Free,2022-12-14,49.0,3.0,169.21999999999997,5.0,3.0,2.0,10.0,Loyal Customers,0,2026-03-30
C04681,Australia,33,Female,Silver,2025-02-02,795.0,3.0,360.58,2.0,3.0,3.0,8.0,At Risk,0,2026-03-30
C04682,Germany,26,Male,Silver,2024-10-15,233.0,3.0,326.99,4.0,3.0,3.0,10.0,Loyal Customers,0,2026-03-30
C04683,Canada,36,Male,Free,2022-12-24,1042.0,2.0,195.88,2.0,3.0,2.0,7.0,Regular,0,2026-03-30
C04684,Australia,51,Male,Free,2024-09-13,36.0,5.0,704.31,5.0,3.0,5.0,13.0,Loyal Customers,0,2026-03-30
C04685,Brazil,38,Female,Free,2023-02-18,14.0,3.0,186.39,5.0,3.0,2.0,10.0,Loyal Customers,0,2026-03-30
C04686,Australia,40,Male,Free,2024-06-22,609.0,2.0,142.01999999999998,3.0,3.0,2.0,8.0,Loyal Customers,0,2026-03-30
C04687,Brazil,18,Male,Gold,2025-10-25,756.0,3.0,78.25,2.0,3.0,1.0,6.0,Regular,0,2026-03-30
C04688,Canada,21,Female,Free,2023-01-28,217.0,5.0,348.19,4.0,3.0,3.0,10.0,Loyal Customers,0,2026-03-30
C04689,United States,38,Male,Free,2025-05-29,1153.0,2.0,171.9,1.0,3.0,2.0,6.0,Regular,0,2026-03-30
C04690,Brazil,31,Male,Silver,2025-01-06,763.0,2.0,103.69,2.0,3.0,1.0,6.0,Regular,0,2026-03-30
C04691,India,63,Female,Free,2024-12-02,595.0,3.0,426.03,3.0,3.0,4.0,10.0,Loyal Customers,0,2026-03-30
C04692,United States,28,Male,Silver,2025-08-27,530.0,4.0,521.37,3.0,3.0,4.0,10.0,Loyal Customers,0,2026-03-30
C04693,Germany,26,Female,Free,2024-06-19,1005.0,2.0,350.87,2.0,3.0,3.0,8.0,At Risk,0,2026-03-30
C04694,United States,29,Male,Free,2023-08-02,2158.0,1.0,169.16,1.0,3.0,2.0,6.0,Regular,0,2026-03-30
C04695,United States,35,Female,Free,2021-03-17,258.0,3.0,1217.87,4.0,3.0,5.0,12.0,Loyal Customers,0,2026-03-30
C04696,Turkey,41,Female,Free,2025-10-19,23.0,4.0,183.16,5.0,3.0,2.0,10.0,Loyal Customers,0,2026-03-30
C04697,Australia,35,Male,Platinum,2025-09-12,1126.0,3.0,282.66,1.0,3.0,3.0,7.0,At Risk,0,2026-03-30
C04698,Mexico,32,Male,Gold,2024-03-30,22.0,8.0,901.66,5.0,3.0,5.0,13.0,Loyal Customers,0,2026-03-30
C04699,France,28,Male,Gold,2025-09-02,70.0,1.0,372.84,5.0,3.0,3.0,11.0,Loyal Customers,0,2026-03-30
C04700,Poland,45,Other,Free,2025-10-09,603.0,5.0,222.88,3.0,3.0,2.0,8.0,Loyal Customers,0,2026-03-30
C04701,Canada,40,Female,Gold,2026-03-21,254.0,4.0,694.79,4.0,3.0,5.0,12.0,Loyal Customers,0,2026-03-30
C04702,Australia,33,Male,Free,2023-12-28,279.0,5.0,419.26,4.0,3.0,4.0,11.0,Loyal Customers,0,2026-03-30
C04703,Mexico,35,Female,Free,2023-12-29,735.0,5.0,414.8,2.0,3.0,4.0,9.0,At Risk,0,2026-03-30
C04704,Sweden,33,Male,Silver,2022-10-03,141.0,2.0,137.17,5.0,3.0,1.0,9.0,Loyal Customers,0,2026-03-30
C04705,United Kingdom,32,Female,Silver,2025-10-08,817.0,1.0,86.91,2.0,3.0,1.0,6.0,Regular,0,2026-03-30
C04706,France,28,Other,Gold,2026-02-27,225.0,3.0,837.4300000000001,4.0,3.0,5.0,12.0,Loyal Customers,0,2026-03-30
C04707,Brazil,42,Male,Gold,2024-08-09,980.0,3.0,720.6800000000001,2.0,3.0,5.0,10.0,At Risk,0,2026-03-30
C04708,Turkey,18,Female,Gold,2026-03-12,316.0,5.0,419.46,4.0,3.0,4.0,11.0,Loyal Customers,0,2026-03-30
C04709,United States,50,Female,Silver,2024-09-07,873.0,5.0,409.85,2.0,3.0,4.0,9.0,At Risk,0,2026-03-30
C04710,United States,44,Female,Free,2026-02-05,78.0,2.0,443.28,5.0,3.0,4.0,12.0,Loyal Customers,0,2026-03-30
C04711,Germany,44,Female,Gold,2024-06-04,399.0,4.0,288.14,3.0,3.0,3.0,9.0,Loyal Customers,0,2026-03-30
C04712,United States,29,Male,Free,2024-03-30,650.0,4.0,837.74,2.0,3.0,5.0,10.0,At Risk,0,2026-03-30
C04713,Germany,40,Female,Free,2026-03-29,589.0,5.0,707.36,3.0,3.0,5.0,11.0,Loyal Customers,0,2026-03-30
C04714,Uae,25,Male,Silver,2025-06-25,188.0,7.0,1445.1,4.0,3.0,5.0,12.0,Loyal Customers,0,2026-03-30
C04715,South Africa,20,Female,Free,2024-03-30,904.0,6.0,567.22,2.0,3.0,4.0,9.0,At Risk,1,2026-03-30
C04716,United States,18,Male,Free,2025-05-03,332.0,8.0,2551.66,4.0,3.0,5.0,12.0,Loyal Customers,0,2026-03-30
C04717,France,53,Female,Free,2026-02-03,75.0,5.0,516.55,5.0,3.0,4.0,12.0,Loyal Customers,0,2026-03-30
C04718,United States,24,Male,Silver,2025-11-18,646.0,6.0,1062.62,2.0,3.0,5.0,10.0,At Risk,0,2026-03-30
C04719,United States,29,Female,Silver,2025-03-17,680.0,9.0,450.89,2.0,3.0,4.0,9.0,At Risk,0,2026-03-30
C04720,United States,32,Male,Platinum,2026-02-26,60.0,3.0,204.61,5.0,3.0,2.0,10.0,Loyal Customers,0,2026-03-30
C04721,Mexico,31,Male,Free,2026-01-01,2226.0,1.0,80.07,1.0,3.0,1.0,5.0,Regular,0,2026-03-30
C04722,India,31,Male,Free,2026-02-15,385.0,4.0,332.19,3.0,3.0,3.0,9.0,Loyal Customers,0,2026-03-30
C04723,Spain,37,Female,Silver,2022-02-18,134.0,5.0,497.96,5.0,3.0,4.0,12.0,Loyal Customers,0,2026-03-30
C04724,Germany,29,Male,Gold,2024-07-13,421.0,4.0,232.09,3.0,3.0,2.0,8.0,Loyal Customers,0,2026-03-30
C04725,United States,40,Male,Free,2025-05-31,1141.0,1.0,39.92,1.0,3.0,1.0,5.0,Regular,0,2026-03-30
C04726,Spain,36,Male,Free,2025-10-03,761.0,3.0,178.26,2.0,3.0,2.0,7.0,Regular,1,2026-03-30
C04727,United States,46,Male,Free,2024-03-27,308.0,5.0,328.51,4.0,3.0,3.0,10.0,Loyal Customers,0,2026-03-30
C04728,United States,41,Male,Platinum,2025-12-11,359.0,3.0,274.29,3.0,3.0,3.0,9.0,Loyal Customers,0,2026-03-30
C04729,United States,27,Female,Free,2025-09-07,682.0,2.0,589.05,2.0,3.0,4.0,9.0,At Risk,0,2026-03-30
C04730,United States,18,Male,Platinum,2024-10-05,238.0,3.0,159.32999999999998,4.0,3.0,2.0,9.0,Loyal Customers,0,2026-03-30
C04731,United States,35,Male,Free,2025-03-13,292.0,3.0,213.06,4.0,3.0,2.0,9.0,Loyal Customers,0,2026-03-30
C04732,Netherlands,35,Male,Free,2025-12-24,625.0,4.0,693.2,2.0,3.0,5.0,10.0,At Risk,0,2026-03-30
C04733,Mexico,53,Female,Platinum,2024-09-15,172.0,5.0,501.4,4.0,3.0,4.0,11.0,Loyal Customers,0,2026-03-30
C04734,United States,50,Female,Free,2025-12-02,28.0,4.0,307.54,5.0,3.0,3.0,11.0,Loyal Customers,0,2026-03-30
C04735,India,29,Male,Free,2026-01-11,162.0,3.0,360.76,4.0,3.0,3.0,10.0,Loyal Customers,0,2026-03-30
C04736,Mexico,35,Male,Free,2023-12-03,18.0,5.0,314.96,5.0,3.0,3.0,11.0,Loyal Customers,0,2026-03-30
C04737,France,38,Female,Free,2025-09-09,1788.0,5.0,370.35,1.0,3.0,3.0,7.0,At Risk,0,2026-03-30
C04738,United States,39,Male,Free,2021-12-14,374.0,4.0,407.58,3.0,3.0,4.0,10.0,Loyal Customers,0,2026-03-30
C04739,Japan,63,Male,Free,2024-07-05,31.0,2.0,56.45,5.0,3.0,1.0,9.0,Loyal Customers,0,2026-03-30
C04740,Canada,43,Male,Platinum,2025-05-19,955.0,4.0,350.33,2.0,3.0,3.0,8.0,At Risk,0,2026-03-30
C04741,United States,53,Female,Silver,2026-02-18,1803.0,1.0,108.31,1.0,3.0,1.0,5.0,Regular,0,2026-03-30
C04742,Australia,34,Male,Free,2023-02-14,412.0,7.0,941.16,3.0,3.0,5.0,11.0,Loyal Customers,0,2026-03-30
C04743,Canada,39,Female,Free,2025-01-03,249.0,3.0,251.55,4.0,3.0,2.0,9.0,Loyal Customers,0,2026-03-30
C04744,United Kingdom,49,Female,Free,2025-10-17,352.0,2.0,206.39,3.0,3.0,2.0,8.0,Loyal Customers,0,2026-03-30
C04745,United States,22,Female,Platinum,2024-04-29,14.0,4.0,404.38,5.0,3.0,4.0,12.0,Loyal Customers,0,2026-03-30
C04746,India,41,Female,Free,2025-11-16,94.0,2.0,477.5,5.0,3.0,4.0,12.0,Loyal Customers,0,2026-03-30
C04747,Canada,33,Female,Free,2025-04-26,640.0,3.0,213.16,2.0,3.0,2.0,7.0,Regular,0,2026-03-30
C04748,United States,18,Female,Silver,2024-06-08,487.0,3.0,289.06000000000006,3.0,3.0,3.0,9.0,Loyal Customers,1,2026-03-30
C04749,United States,25,Female,Free,2024-08-24,54.0,5.0,477.61,5.0,3.0,4.0,12.0,Loyal Customers,0,2026-03-30
C04750,Australia,32,Male,Free,2024-06-30,373.0,5.0,820.9300000000001,3.0,3.0,5.0,11.0,Loyal Customers,0,2026-03-30
C04751,United States,49,Female,Free,2024-12-17,88.0,2.0,115.41,5.0,3.0,1.0,9.0,Loyal Customers,0,2026-03-30
C04752,Mexico,38,Female,Silver,2026-02-07,108.0,5.0,697.8199999999999,5.0,3.0,5.0,13.0,Loyal Customers,0,2026-03-30
C04753,Australia,22,Male,Free,2024-01-14,234.0,5.0,451.65,4.0,3.0,4.0,11.0,Loyal Customers,0,2026-03-30
C04754,Sweden,33,Female,Free,2022-11-01,261.0,3.0,266.44,4.0,3.0,3.0,10.0,Loyal Customers,0,2026-03-30
C04755,France,18,Female,Platinum,2025-12-18,560.0,1.0,11.48,3.0,3.0,1.0,7.0,Loyal Customers,0,2026-03-30
C04756,United States,30,Female,Free,2025-05-18,533.0,4.0,595.88,3.0,3.0,4.0,10.0,Loyal Customers,0,2026-03-30
C04757,Mexico,26,Female,Gold,2026-03-30,2135.0,1.0,237.67,1.0,3.0,2.0,6.0,Regular,0,2026-03-30
C04758,United States,29,Female,Free,2026-03-31,1704.0,3.0,285.45,1.0,3.0,3.0,7.0,At Risk,0,2026-03-30
C04759,United States,18,Male,Free,2025-11-29,1418.0,3.0,533.99,1.0,3.0,4.0,8.0,At Risk,0,2026-03-30
C04760,India,24,Male,Free,2026-03-06,352.0,4.0,194.33,3.0,3.0,2.0,8.0,Loyal Customers,1,2026-03-30
C04761,United States,37,Female,Free,2024-06-29,256.0,7.0,488.31,4.0,3.0,4.0,11.0,Loyal Customers,0,2026-03-30
C04762,United States,28,Female,Silver,2026-03-27,4.0,6.0,736.53,5.0,3.0,5.0,13.0,Loyal Customers,0,2026-03-30
C04763,United States,29,Male,Free,2023-05-03,219.0,4.0,276.04,4.0,3.0,3.0,10.0,Loyal Customers,0,2026-03-30
C04764,India,45,Male,Free,2024-06-01,153.0,7.0,458.0700000000001,4.0,3.0,4.0,11.0,Loyal Customers,0,2026-03-30
C04765,United States,29,Male,Silver,2025-08-27,132.0,3.0,469.68,5.0,3.0,4.0,12.0,Loyal Customers,0,2026-03-30
C04766,Germany,32,Male,Free,2018-08-30,461.0,1.0,155.42,3.0,3.0,2.0,8.0,Loyal Customers,0,2026-03-30
C04767,United Kingdom,33,Female,Free,2026-01-02,,,,,,,,No orders in window,0,2026-03-30
C04768,Sweden,40,Male,Silver,2025-07-26,1305.0,2.0,71.35,1.0,3.0,1.0,5.0,Regular,0,2026-03-30
C04769,Germany,54,Male,Silver,2025-05-07,1677.0,3.0,1008.96,1.0,3.0,5.0,9.0,At Risk,0,2026-03-30
C04770,Canada,64,Female,Free,2025-12-16,1837.0,1.0,315.53,1.0,3.0,3.0,7.0,At Risk,0,2026-03-30
C04771,United States,53,Male,Silver,2026-02-17,1301.0,6.0,870.38,1.0,3.0,5.0,9.0,At Risk,0,2026-03-30
C04772,Brazil,21,Male,Gold,2017-11-10,,,,,,,,No orders in window,0,2026-03-30
C04773,Japan,19,Male,Silver,2025-08-02,11.0,4.0,849.3600000000001,5.0,3.0,5.0,13.0,Loyal Customers,1,2026-03-30
C04774,Italy,31,Male,Silver,2025-05-10,248.0,3.0,740.82,4.0,3.0,5.0,12.0,Loyal Customers,0,2026-03-30
C04775,Brazil,34,Male,Platinum,2025-10-02,365.0,2.0,65.51,3.0,3.0,1.0,7.0,Loyal Customers,0,2026-03-30
C04776,Netherlands,44,Male,Silver,2023-08-17,318.0,2.0,156.65,4.0,3.0,2.0,9.0,Loyal Customers,0,2026-03-30
C04777,Japan,50,Male,Platinum,2023-06-14,247.0,3.0,206.9,4.0,3.0,2.0,9.0,Loyal Customers,0,2026-03-30
C04778,Mexico,20,Male,Gold,2025-12-20,1436.0,2.0,208.12,1.0,3.0,2.0,6.0,Regular,0,2026-03-30
C04779,United States,30,Female,Free,2025-04-09,,,,,,,,No orders in window,0,2026-03-30
C04780,Netherlands,18,Female,Free,2025-01-30,714.0,1.0,63.54,2.0,3.0,1.0,6.0,Regular,0,2026-03-30
C04781,Canada,31,Female,Silver,2025-10-20,216.0,8.0,1029.4,4.0,3.0,5.0,12.0,Loyal Customers,0,2026-03-30
C04782,India,39,Male,Free,2025-05-24,134.0,3.0,576.3,5.0,3.0,4.0,12.0,Loyal Customers,0,2026-03-30
C04783,United States,28,Female,Gold,2025-04-26,,,,,,,,No orders in window,0,2026-03-30
C04784,France,34,Female,Platinum,2025-06-03,2038.0,2.0,406.56,1.0,3.0,4.0,8.0,At Risk,1,2026-03-30
C04785,United States,44,Female,Free,2024-07-01,915.0,4.0,445.37,2.0,3.0,4.0,9.0,At Risk,0,2026-03-30
C04786,Canada,54,Female,Platinum,2025-01-27,28.0,6.0,477.67,5.0,3.0,4.0,12.0,Loyal Customers,0,2026-03-30
C04787,United States,41,Male,Free,2024-04-30,457.0,2.0,73.62,3.0,3.0,1.0,7.0,Loyal Customers,0,2026-03-30
C04788,United Kingdom,50,Female,Free,2024-01-28,573.0,4.0,591.86,3.0,3.0,4.0,10.0,Loyal Customers,0,2026-03-30
C04789,United States,38,Male,Free,2022-05-24,2112.0,1.0,238.46,1.0,3.0,2.0,6.0,Regular,0,2026-03-30
C04790,Brazil,24,Female,Platinum,2022-10-16,739.0,3.0,276.3,2.0,3.0,3.0,8.0,At Risk,0,2026-03-30
C04791,Mexico,53,Female,Free,2023-07-02,1235.0,3.0,592.0999999999999,1.0,3.0,4.0,8.0,At Risk,0,2026-03-30
C04792,India,43,Male,Silver,2024-10-22,27.0,5.0,285.31,5.0,3.0,3.0,11.0,Loyal Customers,0,2026-03-30
C04793,Canada,31,Female,Free,2023-08-25,771.0,2.0,277.44,2.0,3.0,3.0,8.0,At Risk,0,2026-03-30
C04794,Turkey,32,Female,Free,2024-11-25,392.0,1.0,25.4,3.0,3.0,1.0,7.0,Loyal Customers,1,2026-03-30
C04795,India,41,Female,Gold,2024-12-06,108.0,5.0,1102.02,5.0,3.0,5.0,13.0,Loyal Customers,0,2026-03-30
C04796,United States,41,Male,Silver,2021-03-09,888.0,3.0,737.28,2.0,3.0,5.0,10.0,At Risk,0,2026-03-30
C04797,France,65,Female,Platinum,2025-10-09,15.0,2.0,177.29,5.0,3.0,2.0,10.0,Loyal Customers,0,2026-03-30
C04798,Canada,40,Female,Free,2025-06-01,282.0,1.0,15.2,4.0,3.0,1.0,8.0,Loyal Customers,0,2026-03-30
C04799,Germany,40,Male,Free,2025-02-21,66.0,2.0,106.79,5.0,3.0,1.0,9.0,Loyal Customers,0,2026-03-30
C04800,Mexico,43,Male,Gold,2025-01-22,80.0,3.0,225.43,5.0,3.0,2.0,10.0,Loyal Customers,0,2026-03-30
C04801,Japan,21,Female,Free,2024-12-06,575.0,4.0,816.87,3.0,3.0,5.0,11.0,Loyal Customers,0,2026-03-30
C04802,Canada,41,Female,Free,2020-06-17,53.0,4.0,930.11,5.0,3.0,5.0,13.0,Loyal Customers,0,2026-03-30
C04803,Poland,49,Male,Silver,2025-10-19,710.0,1.0,116.35,2.0,3.0,1.0,6.0,Regular,0,2026-03-30
C04804,Australia,47,Male,Gold,2021-03-17,687.0,2.0,74.97,2.0,3.0,1.0,6.0,Regular,0,2026-03-30
C04805,United States,67,Female,Silver,2024-06-25,1409.0,4.0,597.54,1.0,3.0,4.0,8.0,At Risk,0,2026-03-30
C04806,Germany,49,Female,Silver,2020-11-14,1342.0,1.0,95.38,1.0,3.0,1.0,5.0,Regular,0,2026-03-30
C04807,South Korea,33,Male,Silver,2025-04-15,1261.0,5.0,661.44,1.0,3.0,5.0,9.0,At Risk,0,2026-03-30
C04808,United States,35,Male,Platinum,2025-09-01,1257.0,1.0,523.62,1.0,3.0,4.0,8.0,At Risk,0,2026-03-30
C04809,India,24,Female,Silver,2026-02-09,254.0,7.0,534.77,4.0,3.0,4.0,11.0,Loyal Customers,0,2026-03-30
C04810,Brazil,38,Male,Platinum,2024-04-02,178.0,3.0,916.66,4.0,3.0,5.0,12.0,Loyal Customers,0,2026-03-30
C04811,India,46,Female,Free,2025-04-24,365.0,6.0,821.56,3.0,3.0,5.0,11.0,Loyal Customers,0,2026-03-30
C04812,United Kingdom,43,Male,Free,2024-10-16,428.0,2.0,151.25,3.0,3.0,2.0,8.0,Loyal Customers,0,2026-03-30
C04813,United States,23,Female,Gold,2025-11-23,69.0,4.0,656.77,5.0,3.0,5.0,13.0,Loyal Customers,0,2026-03-30
C04814,United States,36,Female,Free,2026-02-16,24.0,2.0,200.81,5.0,3.0,2.0,10.0,Loyal Customers,0,2026-03-30
C04815,Germany,42,Male,Free,2025-07-16,217.0,6.0,406.73,4.0,3.0,4.0,11.0,Loyal Customers,0,2026-03-30
C04816,Germany,43,Male,Silver,2020-12-30,286.0,6.0,360.6,4.0,3.0,3.0,10.0,Loyal Customers,0,2026-03-30
C04817,Poland,41,Male,Free,2026-02-02,,,,,,,,No orders in window,0,2026-03-30
C04818,India,33,Female,Free,2023-11-23,999.0,6.0,604.25,2.0,3.0,4.0,9.0,At Risk,0,2026-03-30
C04819,Uae,40,Female,Platinum,2025-05-18,416.0,5.0,1453.1,3.0,3.0,5.0,11.0,Loyal Customers,0,2026-03-30
C04820,Germany,34,Female,Free,2025-11-20,27.0,3.0,382.3,5.0,3.0,3.0,11.0,Loyal Customers,0,2026-03-30
C04821,France,24,Male,Platinum,2024-12-01,702.0,3.0,241.18,2.0,3.0,2.0,7.0,Regular,0,2026-03-30
C04822,Singapore,21,Male,Free,2026-01-26,282.0,2.0,185.17,4.0,3.0,2.0,9.0,Loyal Customers,0,2026-03-30
C04823,Japan,35,Female,Free,2025-11-19,852.0,1.0,33.57,2.0,3.0,1.0,6.0,Regular,0,2026-03-30
C04824,South Korea,38,Male,Platinum,2024-11-23,867.0,5.0,351.82,2.0,3.0,3.0,8.0,At Risk,0,2026-03-30
C04825,Mexico,25,Female,Silver,2026-03-22,669.0,2.0,194.58,2.0,3.0,2.0,7.0,Regular,0,2026-03-30
C04826,United States,38,Male,Free,2025-12-03,778.0,4.0,293.74,2.0,3.0,3.0,8.0,At Risk,0,2026-03-30
C04827,Netherlands,19,Female,Free,2025-11-07,232.0,7.0,1325.23,4.0,3.0,5.0,12.0,Loyal Customers,0,2026-03-30
C04828,Turkey,34,Female,Free,2026-02-20,487.0,3.0,627.03,3.0,3.0,5.0,11.0,Loyal Customers,0,2026-03-30
C04829,United Kingdom,48,Other,Free,2026-03-22,1386.0,1.0,396.3,1.0,3.0,3.0,7.0,At Risk,0,2026-03-30
C04830,Mexico,18,Other,Silver,2025-04-07,1324.0,4.0,421.71,1.0,3.0,4.0,8.0,At Risk,0,2026-03-30
C04831,Germany,43,Female,Free,2024-12-10,53.0,6.0,1034.85,5.0,3.0,5.0,13.0,Loyal Customers,0,2026-03-30
C04832,United States,43,Male,Free,2023-10-23,513.0,3.0,210.1,3.0,3.0,2.0,8.0,Loyal Customers,1,2026-03-30
C04833,India,26,Male,Platinum,2026-01-06,780.0,3.0,291.07,2.0,3.0,3.0,8.0,At Risk,0,2026-03-30
C04834,United States,30,Female,Free,2024-03-09,234.0,4.0,247.91,4.0,3.0,2.0,9.0,Loyal Customers,0,2026-03-30
C04835,United States,33,Other,Platinum,2025-01-24,101.0,4.0,295.86,5.0,3.0,3.0,11.0,Loyal Customers,0,2026-03-30
C04836,United Kingdom,31,Female,Silver,2025-12-17,15.0,3.0,108.94,5.0,3.0,1.0,9.0,Loyal Customers,0,2026-03-30
C04837,India,36,Other,Free,2023-07-27,401.0,3.0,406.91,3.0,3.0,4.0,10.0,Loyal Customers,0,2026-03-30
C04838,United States,44,Male,Free,2026-03-21,282.0,2.0,134.11,4.0,3.0,1.0,8.0,Loyal Customers,0,2026-03-30
C04839,Germany,30,Male,Silver,2024-06-09,935.0,2.0,190.3,2.0,3.0,2.0,7.0,Regular,0,2026-03-30
C04840,Germany,37,Other,Free,2025-07-10,241.0,4.0,711.7,4.0,3.0,5.0,12.0,Loyal Customers,0,2026-03-30
C04841,United States,31,Male,Platinum,2023-10-26,373.0,3.0,201.02,3.0,3.0,2.0,8.0,Loyal Customers,0,2026-03-30
C04842,India,24,Female,Silver,2024-11-10,1190.0,5.0,648.7,1.0,3.0,5.0,9.0,At Risk,0,2026-03-30
C04843,United States,44,Male,Silver,2025-06-24,91.0,5.0,624.9300000000001,5.0,3.0,5.0,13.0,Loyal Customers,0,2026-03-30
C04844,Canada,46,Female,Free,2026-03-01,1558.0,1.0,24.6,1.0,3.0,1.0,5.0,Regular,0,2026-03-30
C04845,United States,25,Female,Gold,2024-07-21,217.0,2.0,82.32,4.0,3.0,1.0,8.0,Loyal Customers,0,2026-03-30
C04846,United States,19,Male,Silver,2024-07-29,209.0,2.0,110.46,4.0,3.0,1.0,8.0,Loyal Customers,0,2026-03-30
C04847,Brazil,31,Male,Gold,2025-11-07,281.0,2.0,125.91,4.0,3.0,1.0,8.0,Loyal Customers,0,2026-03-30
C04848,India,39,Male,Silver,2026-03-28,439.0,4.0,875.3100000000001,3.0,3.0,5.0,11.0,Loyal Customers,0,2026-03-30
C04849,Germany,31,Male,Free,2026-02-12,165.0,3.0,178.12,4.0,3.0,2.0,9.0,Loyal Customers,1,2026-03-30
C04850,India,57,Other,Free,2025-12-07,,,,,,,,No orders in window,0,2026-03-30
C04851,United Kingdom,24,Female,Free,2023-12-13,169.0,4.0,239.1,4.0,3.0,2.0,9.0,Loyal Customers,0,2026-03-30
C04852,United States,40,Female,Free,2023-10-31,1020.0,2.0,52.2,2.0,3.0,1.0,6.0,Regular,0,2026-03-30
C04853,United States,18,Female,Free,2026-02-08,871.0,1.0,80.31,2.0,3.0,1.0,6.0,Regular,0,2026-03-30
C04854,United States,30,Male,Free,2024-10-12,18.0,3.0,156.57,5.0,3.0,2.0,10.0,Loyal Customers,0,2026-03-30
C04855,France,34,Male,Free,2025-11-15,1156.0,3.0,96.59,1.0,3.0,1.0,5.0,Regular,0,2026-03-30
C04856,Brazil,33,Female,Silver,2025-12-18,61.0,8.0,913.79,5.0,3.0,5.0,13.0,Loyal Customers,0,2026-03-30
C04857,Australia,30,Female,Gold,2025-11-02,203.0,5.0,311.78,4.0,3.0,3.0,10.0,Loyal Customers,0,2026-03-30
C04858,South Korea,18,Female,Silver,2024-05-21,416.0,2.0,246.92,3.0,3.0,2.0,8.0,Loyal Customers,0,2026-03-30
C04859,United States,42,Male,Free,2023-01-02,1399.0,2.0,113.37,1.0,3.0,1.0,5.0,Regular,0,2026-03-30
C04860,United States,36,Female,Free,2025-11-03,402.0,3.0,187.88,3.0,3.0,2.0,8.0,Loyal Customers,0,2026-03-30
C04861,Australia,29,Male,Silver,2025-05-03,605.0,4.0,1379.62,3.0,3.0,5.0,11.0,Loyal Customers,0,2026-03-30
C04862,United States,46,Male,Free,2023-09-10,867.0,3.0,502.71,2.0,3.0,4.0,9.0,At Risk,0,2026-03-30
C04863,Singapore,40,Female,Free,2023-12-21,1162.0,4.0,1129.9,1.0,3.0,5.0,9.0,At Risk,0,2026-03-30
C04864,United States,25,Male,Free,2025-10-09,235.0,4.0,862.26,4.0,3.0,5.0,12.0,Loyal Customers,0,2026-03-30
C04865,Sweden,46,Female,Free,2025-03-01,1841.0,2.0,522.96,1.0,3.0,4.0,8.0,At Risk,0,2026-03-30
C04866,United States,48,Female,Platinum,2026-03-13,170.0,4.0,400.89,4.0,3.0,3.0,10.0,Loyal Customers,0,2026-03-30
C04867,Australia,18,Male,Free,2023-12-14,1281.0,2.0,516.14,1.0,3.0,4.0,8.0,At Risk,0,2026-03-30
C04868,United States,41,Other,Free,2025-11-13,92.0,7.0,461.33,5.0,3.0,4.0,12.0,Loyal Customers,0,2026-03-30
C04869,France,58,Female,Silver,2024-06-08,78.0,6.0,1067.28,5.0,3.0,5.0,13.0,Loyal Customers,0,2026-03-30
C04870,United States,30,Female,Free,2024-06-09,320.0,4.0,733.5999999999999,4.0,3.0,5.0,12.0,Loyal Customers,0,2026-03-30
C04871,Germany,32,Male,Free,2025-11-30,945.0,1.0,51.2,2.0,3.0,1.0,6.0,Regular,0,2026-03-30
C04872,United Kingdom,28,Female,Free,2026-02-12,880.0,2.0,231.09,2.0,3.0,2.0,7.0,Regular,0,2026-03-30
C04873,United States,29,Female,Silver,2023-04-22,629.0,5.0,443.62,2.0,3.0,4.0,9.0,At Risk,0,2026-03-30
C04874,United States,49,Male,Platinum,2025-11-29,676.0,2.0,281.02,2.0,3.0,3.0,8.0,At Risk,0,2026-03-30
C04875,Italy,37,Female,Free,2024-09-27,63.0,7.0,568.5,5.0,3.0,4.0,12.0,Loyal Customers,0,2026-03-30
C04876,United Kingdom,42,Male,Free,2026-03-08,,,,,,,,No orders in window,0,2026-03-30
C04877,United Kingdom,18,Other,Free,2026-01-31,1077.0,3.0,652.46,1.0,3.0,5.0,9.0,At Risk,1,2026-03-30
C04878,United States,23,Female,Platinum,2025-02-01,1438.0,2.0,271.21000000000004,1.0,3.0,3.0,7.0,At Risk,0,2026-03-30
C04879,Japan,31,Female,Gold,2021-04-18,1680.0,2.0,1454.9499999999998,1.0,3.0,5.0,9.0,At Risk,1,2026-03-30
C04880,United States,22,Male,Free,2025-12-18,3.0,2.0,297.87,5.0,3.0,3.0,11.0,Loyal Customers,0,2026-03-30
C04881,Japan,31,Female,Silver,2023-05-10,642.0,2.0,91.91,2.0,3.0,1.0,6.0,Regular,0,2026-03-30
C04882,France,27,Male,Silver,2025-12-16,82.0,2.0,90.51,5.0,3.0,1.0,9.0,Loyal Customers,0,2026-03-30
C04883,Canada,58,Female,Silver,2025-08-21,844.0,2.0,71.02000000000001,2.0,3.0,1.0,6.0,Regular,0,2026-03-30
C04884,Japan,24,Male,Free,2024-11-09,256.0,4.0,235.72,4.0,3.0,2.0,9.0,Loyal Customers,0,2026-03-30
C04885,Mexico,35,Female,Free,2025-11-26,29.0,9.0,785.25,5.0,3.0,5.0,13.0,Loyal Customers,1,2026-03-30
C04886,Brazil,36,Male,Silver,2026-03-22,2025.0,1.0,21.93,1.0,3.0,1.0,5.0,Regular,0,2026-03-30
C04887,United States,49,Female,Free,2023-09-11,182.0,3.0,472.49,4.0,3.0,4.0,11.0,Loyal Customers,0,2026-03-30
C04888,France,26,Female,Silver,2022-09-01,459.0,2.0,128.3,3.0,3.0,1.0,7.0,Loyal Customers,0,2026-03-30
C04889,Canada,18,Female,Free,2023-08-08,475.0,4.0,172.27,3.0,3.0,2.0,8.0,Loyal Customers,0,2026-03-30
C04890,Mexico,23,Female,Silver,2025-06-15,1148.0,3.0,264.48,1.0,3.0,3.0,7.0,At Risk,0,2026-03-30
C04891,United States,38,Male,Gold,2023-11-25,749.0,6.0,418.23,2.0,3.0,4.0,9.0,At Risk,0,2026-03-30
C04892,United Kingdom,47,Male,Free,2024-10-03,119.0,4.0,595.09,5.0,3.0,4.0,12.0,Loyal Customers,0,2026-03-30
C04893,France,36,Female,Free,2025-04-26,112.0,4.0,300.62,5.0,3.0,3.0,11.0,Loyal Customers,0,2026-03-30
C04894,Mexico,27,Male,Free,2024-11-28,156.0,4.0,314.69,4.0,3.0,3.0,10.0,Loyal Customers,0,2026-03-30
C04895,France,42,Female,Platinum,2024-08-06,620.0,4.0,141.61,3.0,3.0,2.0,8.0,Loyal Customers,0,2026-03-30
C04896,Singapore,18,Other,Silver,2025-07-10,213.0,4.0,240.17,4.0,3.0,2.0,9.0,Loyal Customers,0,2026-03-30
C04897,United States,36,Male,Silver,2024-10-30,1026.0,5.0,325.85,2.0,3.0,3.0,8.0,At Risk,0,2026-03-30
C04898,Canada,19,Male,Free,2024-01-22,104.0,6.0,499.44,5.0,3.0,4.0,12.0,Loyal Customers,0,2026-03-30
C04899,United States,52,Male,Gold,2023-10-06,843.0,5.0,364.19,2.0,3.0,3.0,8.0,At Risk,0,2026-03-30
C04900,United States,41,Male,Free,2025-06-13,293.0,3.0,375.71,4.0,3.0,3.0,10.0,Loyal Customers,1,2026-03-30
C04901,United States,22,Female,Silver,2024-03-16,670.0,2.0,110.83,2.0,3.0,1.0,6.0,Regular,1,2026-03-30
C04902,United States,26,Male,Free,2025-08-04,81.0,2.0,351.17,5.0,3.0,3.0,11.0,Loyal Customers,1,2026-03-30
C04903,United States,32,Male,Platinum,2022-10-21,315.0,2.0,78.16,4.0,3.0,1.0,8.0,Loyal Customers,0,2026-03-30
C04904,India,18,Female,Free,2025-11-05,176.0,4.0,344.49,4.0,3.0,3.0,10.0,Loyal Customers,0,2026-03-30
C04905,Brazil,33,Male,Free,2024-12-18,979.0,3.0,292.57,2.0,3.0,3.0,8.0,At Risk,1,2026-03-30
C04906,United Kingdom,37,Male,Free,2021-07-15,909.0,5.0,542.8000000000001,2.0,3.0,4.0,9.0,At Risk,0,2026-03-30
C04907,United Kingdom,24,Male,Free,2023-07-29,1343.0,1.0,80.93,1.0,3.0,1.0,5.0,Regular,0,2026-03-30
C04908,Italy,18,Male,Silver,2023-05-14,868.0,5.0,893.31,2.0,3.0,5.0,10.0,At Risk,0,2026-03-30
C04909,Germany,37,Male,Free,2025-11-27,826.0,1.0,28.42,2.0,3.0,1.0,6.0,Regular,0,2026-03-30
C04910,Turkey,35,Female,Free,2021-12-22,,,,,,,,No orders in window,0,2026-03-30
C04911,Italy,41,Male,Free,2025-10-29,291.0,2.0,130.97,4.0,3.0,1.0,8.0,Loyal Customers,0,2026-03-30
C04912,United Kingdom,42,Male,Free,2020-04-29,1469.0,2.0,173.25,1.0,3.0,2.0,6.0,Regular,0,2026-03-30
C04913,United States,27,Female,Free,2016-12-08,621.0,4.0,647.84,3.0,3.0,5.0,11.0,Loyal Customers,0,2026-03-30
C04914,France,33,Female,Free,2024-12-04,1247.0,4.0,540.11,1.0,3.0,4.0,8.0,At Risk,0,2026-03-30
C04915,United States,28,Male,Free,2021-12-06,378.0,6.0,1162.11,3.0,3.0,5.0,11.0,Loyal Customers,0,2026-03-30
C04916,India,36,Male,Platinum,2025-10-22,550.0,4.0,1391.58,3.0,3.0,5.0,11.0,Loyal Customers,0,2026-03-30
C04917,Japan,33,Male,Free,2025-05-05,374.0,4.0,357.5,3.0,3.0,3.0,9.0,Loyal Customers,0,2026-03-30
C04918,India,33,Male,Platinum,2025-03-17,53.0,5.0,512.65,5.0,3.0,4.0,12.0,Loyal Customers,0,2026-03-30
C04919,United States,48,Male,Free,2026-01-02,307.0,4.0,339.34000000000003,4.0,3.0,3.0,10.0,Loyal Customers,0,2026-03-30
C04920,United States,18,Female,Silver,2026-01-29,46.0,3.0,154.78,5.0,3.0,2.0,10.0,Loyal Customers,0,2026-03-30
C04921,Brazil,38,Male,Free,2025-12-21,1810.0,1.0,132.43,1.0,3.0,1.0,5.0,Regular,0,2026-03-30
C04922,Netherlands,36,Female,Free,2024-06-18,505.0,2.0,213.4,3.0,3.0,2.0,8.0,Loyal Customers,1,2026-03-30
C04923,United Kingdom,39,Male,Silver,2025-07-16,1509.0,2.0,478.29,1.0,3.0,4.0,8.0,At Risk,0,2026-03-30
C04924,Mexico,53,Female,Free,2021-09-23,353.0,4.0,235.85,3.0,3.0,2.0,8.0,Loyal Customers,0,2026-03-30
C04925,United Kingdom,39,Female,Free,2023-01-13,489.0,7.0,522.3199999999999,3.0,3.0,4.0,10.0,Loyal Customers,0,2026-03-30
C04926,Italy,38,Female,Gold,2020-08-12,1169.0,4.0,297.8,1.0,3.0,3.0,7.0,At Risk,0,2026-03-30
C04927,United Kingdom,24,Female,Free,2025-04-16,471.0,2.0,177.01999999999998,3.0,3.0,2.0,8.0,Loyal Customers,0,2026-03-30
C04928,United States,29,Male,Free,2024-03-17,322.0,3.0,138.37,4.0,3.0,1.0,8.0,Loyal Customers,0,2026-03-30
C04929,United Kingdom,40,Female,Platinum,2024-09-17,265.0,4.0,189.14,4.0,3.0,2.0,9.0,Loyal Customers,0,2026-03-30
C04930,United Kingdom,29,Male,Free,2025-11-23,131.0,6.0,827.76,5.0,3.0,5.0,13.0,Loyal Customers,0,2026-03-30
C04931,Mexico,50,Male,Free,2024-05-17,309.0,4.0,138.09,4.0,3.0,1.0,8.0,Loyal Customers,0,2026-03-30
C04932,Brazil,33,Female,Free,2025-01-28,1133.0,2.0,194.76,1.0,3.0,2.0,6.0,Regular,0,2026-03-30
C04933,France,24,Male,Free,2025-09-21,158.0,5.0,855.5,4.0,3.0,5.0,12.0,Loyal Customers,0,2026-03-30
C04934,Germany,35,Female,Free,2025-09-30,386.0,2.0,116.56,3.0,3.0,1.0,7.0,Loyal Customers,0,2026-03-30
C04935,United States,41,Female,Free,2023-08-22,279.0,3.0,262.52,4.0,3.0,3.0,10.0,Loyal Customers,1,2026-03-30
C04936,Canada,35,Male,Platinum,2022-11-18,1436.0,4.0,1167.0300000000002,1.0,3.0,5.0,9.0,At Risk,0,2026-03-30
C04937,Mexico,46,Female,Free,2025-09-23,79.0,4.0,590.8199999999999,5.0,3.0,4.0,12.0,Loyal Customers,0,2026-03-30
C04938,United States,23,Female,Silver,2024-10-10,476.0,2.0,808.67,3.0,3.0,5.0,11.0,Loyal Customers,0,2026-03-30
C04939,France,20,Female,Free,2025-09-15,183.0,4.0,507.7,4.0,3.0,4.0,11.0,Loyal Customers,0,2026-03-30
C04940,United States,41,Male,Free,2019-08-13,75.0,7.0,714.61,5.0,3.0,5.0,13.0,Loyal Customers,0,2026-03-30
C04941,Australia,18,Female,Free,2023-05-12,215.0,1.0,47.45,4.0,3.0,1.0,8.0,Loyal Customers,0,2026-03-30
C04942,India,21,Other,Free,2026-03-08,444.0,3.0,333.84,3.0,3.0,3.0,9.0,Loyal Customers,0,2026-03-30
C04943,Germany,52,Other,Silver,2025-07-26,38.0,4.0,192.99,5.0,3.0,2.0,10.0,Loyal Customers,0,2026-03-30
C04944,Spain,39,Female,Gold,2025-10-30,265.0,4.0,391.81,4.0,3.0,3.0,10.0,Loyal Customers,0,2026-03-30
C04945,Australia,35,Male,Free,2025-10-10,867.0,2.0,265.04,2.0,3.0,3.0,8.0,At Risk,1,2026-03-30
C04946,Uae,29,Female,Free,2022-07-28,590.0,4.0,441.47,3.0,3.0,4.0,10.0,Loyal Customers,0,2026-03-30
C04947,United States,28,Male,Free,2024-02-15,792.0,2.0,82.96,2.0,3.0,1.0,6.0,Regular,0,2026-03-30
C04948,France,51,Other,Silver,2025-09-30,773.0,1.0,57.38,2.0,3.0,1.0,6.0,Regular,0,2026-03-30
C04949,Germany,46,Male,Silver,2023-11-25,8.0,3.0,261.11,5.0,3.0,3.0,11.0,Loyal Customers,0,2026-03-30
C04950,India,52,Female,Free,2025-08-18,67.0,3.0,285.29,5.0,3.0,3.0,11.0,Loyal Customers,0,2026-03-30
C04951,United Kingdom,42,Female,Free,2025-03-07,719.0,1.0,50.82,2.0,3.0,1.0,6.0,Regular,0,2026-03-30
C04952,France,25,Female,Silver,2025-12-26,2044.0,1.0,27.14,1.0,3.0,1.0,5.0,Regular,0,2026-03-30
C04953,India,27,Male,Free,2026-02-23,179.0,8.0,731.46,4.0,3.0,5.0,12.0,Loyal Customers,0,2026-03-30
C04954,Germany,53,Male,Free,2023-06-30,418.0,2.0,41.94,3.0,3.0,1.0,7.0,Loyal Customers,0,2026-03-30
C04955,United States,27,Male,Free,2025-11-07,290.0,2.0,211.28,4.0,3.0,2.0,9.0,Loyal Customers,0,2026-03-30
C04956,Canada,53,Male,Free,2022-05-26,63.0,6.0,765.1099999999999,5.0,3.0,5.0,13.0,Loyal Customers,1,2026-03-30
C04957,United States,39,Male,Silver,2025-08-26,43.0,5.0,808.4300000000001,5.0,3.0,5.0,13.0,Loyal Customers,1,2026-03-30
C04958,Brazil,28,Female,Silver,2025-08-18,737.0,4.0,841.95,2.0,3.0,5.0,10.0,At Risk,0,2026-03-30
C04959,South Korea,35,Male,Platinum,2025-03-18,377.0,3.0,230.95,3.0,3.0,2.0,8.0,Loyal Customers,0,2026-03-30
C04960,Spain,31,Male,Free,2024-05-28,105.0,3.0,358.91,5.0,3.0,3.0,11.0,Loyal Customers,0,2026-03-30
C04961,United States,46,Female,Free,2024-10-04,1256.0,2.0,267.62,1.0,3.0,3.0,7.0,At Risk,0,2026-03-30
C04962,South Korea,18,Male,Platinum,2025-11-18,947.0,2.0,91.1,2.0,3.0,1.0,6.0,Regular,0,2026-03-30
C04963,South Korea,21,Female,Free,2020-11-08,,,,,,,,No orders in window,0,2026-03-30
C04964,United States,43,Female,Silver,2022-12-07,275.0,2.0,389.34,4.0,3.0,3.0,10.0,Loyal Customers,0,2026-03-30
C04965,Sweden,26,Male,Gold,2021-09-01,148.0,5.0,320.34000000000003,5.0,3.0,3.0,11.0,Loyal Customers,0,2026-03-30
C04966,South Africa,24,Female,Free,2026-03-24,372.0,6.0,1052.17,3.0,3.0,5.0,11.0,Loyal Customers,0,2026-03-30
C04967,Germany,44,Male,Platinum,2024-11-24,126.0,3.0,237.72000000000003,5.0,3.0,2.0,10.0,Loyal Customers,0,2026-03-30
C04968,Uae,39,Male,Free,2025-12-09,1188.0,5.0,1095.39,1.0,3.0,5.0,9.0,At Risk,0,2026-03-30
C04969,South Africa,39,Male,Gold,2025-11-19,1295.0,2.0,267.11,1.0,3.0,3.0,7.0,At Risk,1,2026-03-30
C04970,India,23,Female,Free,2024-06-20,443.0,4.0,207.02,3.0,3.0,2.0,8.0,Loyal Customers,0,2026-03-30
C04971,Germany,37,Female,Free,2023-10-11,500.0,7.0,1007.58,3.0,3.0,5.0,11.0,Loyal Customers,1,2026-03-30
C04972,United States,25,Female,Free,2018-03-02,625.0,6.0,797.1700000000001,2.0,3.0,5.0,10.0,At Risk,0,2026-03-30
C04973,Netherlands,34,Male,Free,2023-10-13,499.0,3.0,1201.75,3.0,3.0,5.0,11.0,Loyal Customers,0,2026-03-30
C04974,United States,45,Female,Free,2024-12-02,127.0,3.0,113.88,5.0,3.0,1.0,9.0,Loyal Customers,0,2026-03-30
C04975,Germany,26,Male,Silver,2025-12-19,1979.0,4.0,685.39,1.0,3.0,5.0,9.0,At Risk,0,2026-03-30
C04976,United States,18,Male,Silver,2024-08-15,17.0,3.0,265.15,5.0,3.0,3.0,11.0,Loyal Customers,0,2026-03-30
C04977,United Kingdom,46,Female,Free,2025-11-25,613.0,4.0,282.51,3.0,3.0,3.0,9.0,Loyal Customers,0,2026-03-30
C04978,India,41,Male,Silver,2023-10-12,69.0,3.0,996.13,5.0,3.0,5.0,13.0,Loyal Customers,0,2026-03-30
C04979,Mexico,33,Female,Free,2023-08-14,71.0,4.0,215.67,5.0,3.0,2.0,10.0,Loyal Customers,0,2026-03-30
C04980,United States,28,Male,Free,2025-03-16,1102.0,1.0,19.0,1.0,3.0,1.0,5.0,Regular,0,2026-03-30
C04981,South Africa,49,Female,Platinum,2024-06-04,153.0,4.0,549.6899999999999,4.0,3.0,4.0,11.0,Loyal Customers,0,2026-03-30
C04982,South Korea,30,Female,Free,2026-01-15,36.0,7.0,534.86,5.0,3.0,4.0,12.0,Loyal Customers,1,2026-03-30
C04983,United States,36,Female,Free,2024-10-19,34.0,5.0,471.44,5.0,3.0,4.0,12.0,Loyal Customers,0,2026-03-30
C04984,United Kingdom,20,Male,Free,2025-06-29,373.0,5.0,352.71,3.0,3.0,3.0,9.0,Loyal Customers,1,2026-03-30
C04985,Poland,29,Male,Silver,2024-10-27,1839.0,1.0,272.41,1.0,3.0,3.0,7.0,At Risk,0,2026-03-30
C04986,United Kingdom,34,Female,Free,2026-02-04,78.0,4.0,372.35,5.0,3.0,3.0,11.0,Loyal Customers,0,2026-03-30
C04987,France,50,Female,Free,2020-07-19,1271.0,1.0,61.21,1.0,3.0,1.0,5.0,Regular,0,2026-03-30
C04988,India,27,Male,Gold,2025-04-24,214.0,3.0,387.3,4.0,3.0,3.0,10.0,Loyal Customers,0,2026-03-30
C04989,Turkey,22,Female,Free,2025-04-14,59.0,6.0,1666.69,5.0,3.0,5.0,13.0,Loyal Customers,0,2026-03-30
C04990,United States,26,Other,Platinum,2025-12-01,129.0,4.0,562.29,5.0,3.0,4.0,12.0,Loyal Customers,0,2026-03-30
C04991,United States,54,Male,Free,2025-03-14,1793.0,1.0,108.38,1.0,3.0,1.0,5.0,Regular,0,2026-03-30
C04992,India,22,Female,Platinum,2024-07-04,1370.0,1.0,88.69,1.0,3.0,1.0,5.0,Regular,0,2026-03-30
C04993,Australia,26,Female,Silver,2025-11-23,240.0,3.0,1004.73,4.0,3.0,5.0,12.0,Loyal Customers,0,2026-03-30
C04994,India,18,Male,Free,2020-10-19,120.0,1.0,38.12,5.0,3.0,1.0,9.0,Loyal Customers,0,2026-03-30
C04995,United Kingdom,19,Female,Free,2026-03-25,250.0,5.0,737.24,4.0,3.0,5.0,12.0,Loyal Customers,0,2026-03-30
C04996,Canada,42,Other,Free,2025-05-07,151.0,4.0,258.78000000000003,5.0,3.0,2.0,10.0,Loyal Customers,0,2026-03-30
C04997,Germany,23,Male,Free,2023-10-19,1349.0,3.0,297.96000000000004,1.0,3.0,3.0,7.0,At Risk,0,2026-03-30
C04998,United States,26,Male,Silver,2025-05-09,829.0,4.0,348.79,2.0,3.0,3.0,8.0,At Risk,0,2026-03-30
C04999,United Kingdom,19,Male,Silver,2024-03-10,175.0,3.0,930.76,4.0,3.0,5.0,12.0,Loyal Customers,0,2026-03-30
C05000,United States,23,Male,Silver,2025-02-26,37.0,2.0,671.4,5.0,3.0,5.0,13.0,Loyal Customers,0,2026-03-30
C05001,United States,30,Male,Platinum,2025-10-27,702.0,3.0,798.29,2.0,3.0,5.0,10.0,At Risk,0,2026-03-30
C05002,Netherlands,26,Female,Silver,2025-07-05,745.0,3.0,290.41,2.0,3.0,3.0,8.0,At Risk,0,2026-03-30
C05003,France,27,Female,Silver,2026-01-07,1181.0,2.0,260.66,1.0,3.0,3.0,7.0,At Risk,0,2026-03-30
C05004,Italy,40,Male,Free,2025-12-23,974.0,1.0,115.34,2.0,3.0,1.0,6.0,Regular,0,2026-03-30
C05005,United States,36,Female,Free,2026-03-23,190.0,2.0,620.1899999999999,4.0,3.0,4.0,11.0,Loyal Customers,1,2026-03-30
C05006,Mexico,22,Female,Gold,2025-09-05,1668.0,1.0,80.6,1.0,3.0,1.0,5.0,Regular,0,2026-03-30
C05007,Germany,35,Female,Platinum,2022-12-17,121.0,5.0,288.43,5.0,3.0,3.0,11.0,Loyal Customers,0,2026-03-30
C05008,United States,26,Female,Silver,2024-04-18,264.0,5.0,357.18,4.0,3.0,3.0,10.0,Loyal Customers,0,2026-03-30
C05009,United States,19,Female,Free,2025-01-07,284.0,2.0,225.96,4.0,3.0,2.0,9.0,Loyal Customers,0,2026-03-30
C05010,United States,35,Male,Free,2020-09-17,589.0,4.0,891.73,3.0,3.0,5.0,11.0,Loyal Customers,0,2026-03-30
C05011,Mexico,24,Female,Silver,2025-04-29,1952.0,1.0,207.91,1.0,3.0,2.0,6.0,Regular,0,2026-03-30
C05012,United Kingdom,36,Female,Silver,2025-10-05,3.0,5.0,624.05,5.0,3.0,5.0,13.0,Loyal Customers,1,2026-03-30
C05013,Spain,50,Female,Platinum,2019-01-08,263.0,3.0,292.83,4.0,3.0,3.0,10.0,Loyal Customers,0,2026-03-30
C05014,India,53,Female,Free,2024-12-20,176.0,4.0,1512.47,4.0,3.0,5.0,12.0,Loyal Customers,0,2026-03-30
C05015,United States,18,Male,Platinum,2025-01-03,596.0,2.0,133.02,3.0,3.0,1.0,7.0,Loyal Customers,0,2026-03-30
C05016,United States,37,Female,Silver,2025-07-27,393.0,3.0,308.47,3.0,3.0,3.0,9.0,Loyal Customers,0,2026-03-30
C05017,United Kingdom,18,Female,Free,2025-03-29,77.0,3.0,295.54,5.0,3.0,3.0,11.0,Loyal Customers,0,2026-03-30
C05018,India,26,Female,Free,2026-02-15,990.0,2.0,312.76,2.0,3.0,3.0,8.0,At Risk,0,2026-03-30
C05019,United Kingdom,39,Male,Free,2023-08-15,1567.0,3.0,305.46,1.0,3.0,3.0,7.0,At Risk,0,2026-03-30
C05020,United States,44,Male,Free,2024-06-25,409.0,4.0,568.3299999999999,3.0,3.0,4.0,10.0,Loyal Customers,0,2026-03-30
C05021,United States,24,Male,Silver,2021-10-15,652.0,3.0,550.9599999999999,2.0,3.0,4.0,9.0,At Risk,0,2026-03-30
C05022,Germany,31,Male,Free,2019-09-08,1811.0,1.0,35.19,1.0,3.0,1.0,5.0,Regular,1,2026-03-30
C05023,United States,45,Male,Free,2025-04-21,1235.0,2.0,68.97,1.0,3.0,1.0,5.0,Regular,0,2026-03-30
C05024,United Kingdom,21,Male,Platinum,2026-01-16,1781.0,1.0,108.85,1.0,3.0,1.0,5.0,Regular,0,2026-03-30
C05025,Canada,33,Male,Free,2023-04-04,,,,,,,,No orders in window,0,2026-03-30
C05026,Brazil,48,Male,Free,2025-03-12,433.0,4.0,414.01,3.0,3.0,4.0,10.0,Loyal Customers,0,2026-03-30
C05027,France,45,Male,Free,2026-01-04,38.0,6.0,502.94,5.0,3.0,4.0,12.0,Loyal Customers,0,2026-03-30
C05028,United States,32,Male,Silver,2023-12-25,1300.0,2.0,228.35,1.0,3.0,2.0,6.0,Regular,1,2026-03-30
C05029,Canada,41,Male,Gold,2022-05-19,966.0,1.0,34.09,2.0,3.0,1.0,6.0,Regular,0,2026-03-30
C05030,Brazil,20,Female,Silver,2025-04-08,1697.0,1.0,302.31,1.0,3.0,3.0,7.0,At Risk,0,2026-03-30
C05031,United States,32,Female,Free,2026-01-16,60.0,3.0,263.01,5.0,3.0,3.0,11.0,Loyal Customers,0,2026-03-30
C05032,Brazil,44,Female,Free,2024-08-16,67.0,4.0,513.64,5.0,3.0,4.0,12.0,Loyal Customers,0,2026-03-30
C05033,Turkey,26,Female,Free,2023-12-06,498.0,4.0,536.17,3.0,3.0,4.0,10.0,Loyal Customers,0,2026-03-30
C05034,India,36,Female,Gold,2026-02-05,666.0,5.0,557.68,2.0,3.0,4.0,9.0,At Risk,1,2026-03-30
C05035,United Kingdom,63,Male,Silver,2026-01-30,113.0,6.0,821.13,5.0,3.0,5.0,13.0,Loyal Customers,0,2026-03-30
C05036,Brazil,45,Female,Free,2025-09-08,1997.0,2.0,401.81,1.0,3.0,4.0,8.0,At Risk,0,2026-03-30
C05037,Germany,18,Male,Free,2025-12-01,271.0,3.0,401.39,4.0,3.0,3.0,10.0,Loyal Customers,1,2026-03-30
C05038,United States,44,Male,Free,2022-11-13,,,,,,,,No orders in window,0,2026-03-30
C05039,United Kingdom,59,Male,Free,2024-02-17,29.0,6.0,646.27,5.0,3.0,5.0,13.0,Loyal Customers,0,2026-03-30
C05040,South Korea,20,Female,Free,2025-05-10,448.0,2.0,175.29,3.0,3.0,2.0,8.0,Loyal Customers,0,2026-03-30
C05041,United States,30,Female,Free,2024-07-01,355.0,5.0,378.9,3.0,3.0,3.0,9.0,Loyal Customers,0,2026-03-30
C05042,United States,40,Male,Silver,2024-07-17,178.0,4.0,226.08,4.0,3.0,2.0,9.0,Loyal Customers,0,2026-03-30
C05043,Sweden,54,Female,Silver,2020-07-13,26.0,10.0,1586.51,5.0,3.0,5.0,13.0,Loyal Customers,0,2026-03-30
C05044,United States,43,Female,Platinum,2025-08-21,490.0,4.0,488.74,3.0,3.0,4.0,10.0,Loyal Customers,0,2026-03-30
C05045,Mexico,49,Male,Free,2025-08-12,335.0,3.0,773.1800000000001,4.0,3.0,5.0,12.0,Loyal Customers,0,2026-03-30
C05046,United States,41,Male,Free,2024-12-31,1180.0,2.0,358.24,1.0,3.0,3.0,7.0,At Risk,0,2026-03-30
C05047,Mexico,27,Female,Free,2023-12-11,1967.0,2.0,320.23,1.0,3.0,3.0,7.0,At Risk,0,2026-03-30
C05048,Sweden,27,Female,Silver,2025-08-12,873.0,4.0,910.26,2.0,3.0,5.0,10.0,At Risk,0,2026-03-30
C05049,Japan,29,Female,Free,2024-10-19,389.0,2.0,407.4,3.0,3.0,4.0,10.0,Loyal Customers,0,2026-03-30
C05050,Uae,45,Female,Silver,2017-12-03,,,,,,,,No orders in window,0,2026-03-30
C05051,United States,45,Female,Free,2022-05-14,89.0,2.0,200.71,5.0,3.0,2.0,10.0,Loyal Customers,0,2026-03-30
C05052,Singapore,40,Female,Free,2024-04-25,749.0,1.0,37.4,2.0,3.0,1.0,6.0,Regular,0,2026-03-30
C05053,Germany,53,Female,Free,2025-08-22,1144.0,2.0,175.64,1.0,3.0,2.0,6.0,Regular,0,2026-03-30
C05054,United States,55,Male,Free,2024-01-22,703.0,2.0,214.26,2.0,3.0,2.0,7.0,Regular,0,2026-03-30
C05055,United Kingdom,44,Female,Silver,2026-02-15,114.0,5.0,459.73,5.0,3.0,4.0,12.0,Loyal Customers,0,2026-03-30
C05056,France,18,Female,Free,2023-06-12,538.0,3.0,1361.84,3.0,3.0,5.0,11.0,Loyal Customers,0,2026-03-30
C05057,Germany,47,Female,Silver,2025-05-20,869.0,3.0,179.53,2.0,3.0,2.0,7.0,Regular,0,2026-03-30
C05058,United States,25,Female,Silver,2022-03-19,1156.0,3.0,245.74,1.0,3.0,2.0,6.0,Regular,0,2026-03-30
C05059,United States,43,Male,Silver,2026-01-25,370.0,4.0,626.3199999999999,3.0,3.0,5.0,11.0,Loyal Customers,0,2026-03-30
C05060,United States,24,Female,Platinum,2024-02-19,340.0,5.0,755.37,4.0,3.0,5.0,12.0,Loyal Customers,0,2026-03-30
C05061,United States,37,Male,Silver,2022-11-17,64.0,6.0,1045.82,5.0,3.0,5.0,13.0,Loyal Customers,0,2026-03-30
C05062,United States,44,Male,Gold,2025-03-18,251.0,5.0,815.4300000000001,4.0,3.0,5.0,12.0,Loyal Customers,0,2026-03-30
C05063,United States,27,Male,Silver,2025-12-18,1188.0,1.0,90.81,1.0,3.0,1.0,5.0,Regular,0,2026-03-30
C05064,United States,31,Male,Free,2021-07-08,611.0,4.0,994.88,3.0,3.0,5.0,11.0,Loyal Customers,0,2026-03-30
C05065,United States,56,Female,Gold,2025-05-16,277.0,3.0,555.21,4.0,3.0,4.0,11.0,Loyal Customers,1,2026-03-30
C05066,Mexico,58,Female,Free,2024-02-29,1777.0,4.0,261.48,1.0,3.0,3.0,7.0,At Risk,0,2026-03-30
C05067,Germany,23,Female,Free,2024-04-12,233.0,3.0,506.77,4.0,3.0,4.0,11.0,Loyal Customers,1,2026-03-30
C05068,United States,43,Female,Silver,2025-08-17,42.0,6.0,647.01,5.0,3.0,5.0,13.0,Loyal Customers,0,2026-03-30
C05069,Mexico,33,Male,Free,2025-02-12,638.0,4.0,241.51,2.0,3.0,2.0,7.0,Regular,0,2026-03-30
C05070,United Kingdom,21,Female,Silver,2025-07-24,998.0,1.0,25.37,2.0,3.0,1.0,6.0,Regular,0,2026-03-30
C05071,United States,26,Male,Free,2024-04-23,801.0,1.0,297.53,2.0,3.0,3.0,8.0,At Risk,0,2026-03-30
C05072,United States,32,Female,Free,2024-09-23,,,,,,,,No orders in window,0,2026-03-30
C05073,South Korea,30,Male,Free,2025-09-25,258.0,4.0,289.07,4.0,3.0,3.0,10.0,Loyal Customers,0,2026-03-30
C05074,United States,31,Other,Free,2024-07-21,191.0,5.0,341.71,4.0,3.0,3.0,10.0,Loyal Customers,0,2026-03-30
C05075,United States,21,Female,Free,2023-08-25,460.0,6.0,831.26,3.0,3.0,5.0,11.0,Loyal Customers,0,2026-03-30
C05076,South Korea,25,Other,Free,2024-05-13,358.0,6.0,461.1,3.0,3.0,4.0,10.0,Loyal Customers,0,2026-03-30
C05077,United States,61,Female,Free,2025-07-22,697.0,2.0,99.71,2.0,3.0,1.0,6.0,Regular,0,2026-03-30
C05078,United States,18,Male,Free,2026-01-24,1344.0,5.0,307.62,1.0,3.0,3.0,7.0,At Risk,0,2026-03-30
C05079,Brazil,29,Male,Free,2023-04-16,552.0,1.0,54.0,3.0,3.0,1.0,7.0,Loyal Customers,0,2026-03-30
C05080,United States,50,Male,Free,2018-05-17,479.0,4.0,625.95,3.0,3.0,5.0,11.0,Loyal Customers,0,2026-03-30
C05081,United States,36,Female,Free,2025-03-23,64.0,1.0,58.99,5.0,3.0,1.0,9.0,Loyal Customers,1,2026-03-30
C05082,Japan,31,Male,Gold,2026-02-20,265.0,5.0,388.93,4.0,3.0,3.0,10.0,Loyal Customers,0,2026-03-30
C05083,India,36,Male,Free,2021-09-15,263.0,1.0,68.9,4.0,3.0,1.0,8.0,Loyal Customers,0,2026-03-30
C05084,India,27,Female,Free,2025-12-17,60.0,4.0,527.67,5.0,3.0,4.0,12.0,Loyal Customers,0,2026-03-30
C05085,Poland,41,Female,Free,2020-04-28,758.0,2.0,157.88,2.0,3.0,2.0,7.0,Regular,0,2026-03-30
C05086,United Kingdom,45,Male,Free,2024-09-09,,,,,,,,No orders in window,0,2026-03-30
C05087,Germany,30,Female,Silver,2023-05-06,603.0,2.0,75.7,3.0,3.0,1.0,7.0,Loyal Customers,1,2026-03-30
C05088,United States,20,Male,Gold,2019-04-19,477.0,7.0,493.33,3.0,3.0,4.0,10.0,Loyal Customers,0,2026-03-30
C05089,United States,40,Male,Free,2026-03-05,,,,,,,,No orders in window,0,2026-03-30
C05090,Spain,29,Female,Free,2023-12-10,1883.0,3.0,320.41,1.0,3.0,3.0,7.0,At Risk,0,2026-03-30
C05091,Germany,37,Male,Gold,2025-06-20,1704.0,1.0,299.99,1.0,3.0,3.0,7.0,At Risk,0,2026-03-30
C05092,Brazil,25,Male,Gold,2025-04-09,835.0,3.0,246.89,2.0,3.0,2.0,7.0,Regular,0,2026-03-30
C05093,United States,25,Female,Gold,2025-09-28,568.0,2.0,195.08,3.0,3.0,2.0,8.0,Loyal Customers,0,2026-03-30
C05094,United Kingdom,34,Male,Free,2026-01-25,794.0,4.0,398.22,2.0,3.0,3.0,8.0,At Risk,0,2026-03-30
C05095,Germany,39,Male,Silver,2026-01-21,17.0,1.0,68.77,5.0,3.0,1.0,9.0,Loyal Customers,0,2026-03-30
C05096,United Kingdom,24,Male,Silver,2025-09-11,19.0,3.0,341.69,5.0,3.0,3.0,11.0,Loyal Customers,0,2026-03-30
C05097,United States,32,Male,Silver,2025-03-12,750.0,2.0,229.38,2.0,3.0,2.0,7.0,Regular,0,2026-03-30
C05098,India,55,Male,Free,2025-12-11,229.0,5.0,690.34,4.0,3.0,5.0,12.0,Loyal Customers,0,2026-03-30
C05099,India,41,Male,Free,2022-07-27,1657.0,3.0,439.6,1.0,3.0,4.0,8.0,At Risk,0,2026-03-30
C05100,United Kingdom,32,Male,Free,2025-09-16,95.0,4.0,338.74,5.0,3.0,3.0,11.0,Loyal Customers,0,2026-03-30
C05101,United Kingdom,56,Female,Silver,2026-01-15,141.0,5.0,814.14,5.0,3.0,5.0,13.0,Loyal Customers,0,2026-03-30
C05102,Canada,46,Male,Silver,2024-08-24,1465.0,3.0,653.34,1.0,3.0,5.0,9.0,At Risk,1,2026-03-30
C05103,United States,36,Male,Platinum,2024-06-10,,,,,,,,No orders in window,0,2026-03-30
C05104,United States,19,Female,Silver,2024-10-05,261.0,3.0,270.65,4.0,3.0,3.0,10.0,Loyal Customers,0,2026-03-30
C05105,Turkey,46,Male,Free,2025-06-10,308.0,4.0,459.65,4.0,3.0,4.0,11.0,Loyal Customers,0,2026-03-30
C05106,Poland,44,Female,Gold,2026-03-29,5.0,8.0,694.27,5.0,3.0,5.0,13.0,Loyal Customers,1,2026-03-30
C05107,Australia,28,Female,Silver,2026-02-24,236.0,1.0,65.3,4.0,3.0,1.0,8.0,Loyal Customers,0,2026-03-30
C05108,United States,32,Male,Free,2025-10-23,1613.0,2.0,294.45,1.0,3.0,3.0,7.0,At Risk,0,2026-03-30
C05109,Australia,43,Male,Free,2025-12-01,671.0,3.0,198.35,2.0,3.0,2.0,7.0,Regular,1,2026-03-30
C05110,United States,31,Male,Platinum,2025-01-29,170.0,4.0,434.08,4.0,3.0,4.0,11.0,Loyal Customers,0,2026-03-30
C05111,United Kingdom,44,Female,Gold,2022-03-12,599.0,5.0,592.8299999999999,3.0,3.0,4.0,10.0,Loyal Customers,0,2026-03-30
C05112,India,24,Male,Free,2021-07-07,2160.0,1.0,443.47,1.0,3.0,4.0,8.0,At Risk,0,2026-03-30
C05113,United States,55,Female,Free,2025-08-20,97.0,7.0,309.32,5.0,3.0,3.0,11.0,Loyal Customers,0,2026-03-30
C05114,United States,29,Female,Free,2024-06-06,455.0,2.0,223.25,3.0,3.0,2.0,8.0,Loyal Customers,0,2026-03-30
C05115,United Kingdom,18,Female,Silver,2024-10-21,97.0,3.0,540.5,5.0,3.0,4.0,12.0,Loyal Customers,0,2026-03-30
C05116,United Kingdom,26,Female,Free,2025-04-10,364.0,2.0,88.66,3.0,3.0,1.0,7.0,Loyal Customers,0,2026-03-30
C05117,Canada,18,Female,Free,2024-10-03,640.0,3.0,242.83,2.0,3.0,2.0,7.0,Regular,1,2026-03-30
C05118,United States,36,Female,Free,2024-04-08,1105.0,2.0,130.54,1.0,3.0,1.0,5.0,Regular,0,2026-03-30
C05119,India,20,Male,Silver,2024-09-08,104.0,8.0,479.12,5.0,3.0,4.0,12.0,Loyal Customers,0,2026-03-30
C05120,United States,30,Male,Silver,2025-03-23,686.0,5.0,338.64,2.0,3.0,3.0,8.0,At Risk,0,2026-03-30
C05121,United States,37,Female,Silver,2025-09-06,1492.0,2.0,317.46000000000004,1.0,3.0,3.0,7.0,At Risk,0,2026-03-30
C05122,United States,36,Female,Free,2023-12-31,206.0,6.0,604.8100000000001,4.0,3.0,4.0,11.0,Loyal Customers,0,2026-03-30
C05123,India,34,Female,Gold,2020-09-12,1218.0,2.0,103.87,1.0,3.0,1.0,5.0,Regular,0,2026-03-30
C05124,United States,33,Female,Silver,2025-08-30,40.0,4.0,404.34,5.0,3.0,4.0,12.0,Loyal Customers,0,2026-03-30
C05125,Germany,57,Female,Silver,2025-05-11,509.0,4.0,678.96,3.0,3.0,5.0,11.0,Loyal Customers,0,2026-03-30
C05126,United States,48,Female,Free,2026-02-17,,,,,,,,No orders in window,0,2026-03-30
C05127,Brazil,34,Male,Free,2025-02-20,986.0,6.0,420.71,2.0,3.0,4.0,9.0,At Risk,0,2026-03-30
C05128,South Africa,51,Male,Free,2025-06-20,488.0,1.0,151.88,3.0,3.0,2.0,8.0,Loyal Customers,0,2026-03-30
C05129,United States,51,Female,Silver,2026-02-14,395.0,4.0,387.87,3.0,3.0,3.0,9.0,Loyal Customers,0,2026-03-30
C05130,Germany,40,Female,Free,2021-08-23,832.0,1.0,48.94,2.0,3.0,1.0,6.0,Regular,0,2026-03-30
C05131,United States,37,Other,Free,2024-01-30,576.0,1.0,203.3,3.0,3.0,2.0,8.0,Loyal Customers,0,2026-03-30
C05132,Canada,50,Male,Gold,2025-07-12,808.0,6.0,306.95,2.0,3.0,3.0,8.0,At Risk,0,2026-03-30
C05133,Germany,24,Male,Free,2026-02-17,534.0,3.0,415.18,3.0,3.0,4.0,10.0,Loyal Customers,0,2026-03-30
C05134,India,46,Female,Silver,2021-07-05,1178.0,4.0,503.5,1.0,3.0,4.0,8.0,At Risk,1,2026-03-30
C05135,France,43,Female,Free,2025-03-05,1102.0,2.0,166.32999999999998,1.0,3.0,2.0,6.0,Regular,1,2026-03-30
C05136,United States,45,Female,Free,2024-12-10,329.0,6.0,898.96,4.0,3.0,5.0,12.0,Loyal Customers,0,2026-03-30
C05137,United States,39,Female,Free,2020-11-15,588.0,2.0,226.81,3.0,3.0,2.0,8.0,Loyal Customers,0,2026-03-30
C05138,United Kingdom,26,Female,Free,2025-08-01,673.0,4.0,725.43,2.0,3.0,5.0,10.0,At Risk,0,2026-03-30
C05139,France,34,Female,Free,2024-06-25,1946.0,1.0,131.98,1.0,3.0,1.0,5.0,Regular,0,2026-03-30
C05140,United States,58,Male,Free,2025-01-18,1159.0,1.0,108.93,1.0,3.0,1.0,5.0,Regular,0,2026-03-30
C05141,United States,27,Male,Free,2023-08-25,757.0,1.0,71.81,2.0,3.0,1.0,6.0,Regular,0,2026-03-30
C05142,France,18,Other,Free,2025-10-20,,,,,,,,No orders in window,0,2026-03-30
C05143,Germany,38,Male,Silver,2025-07-21,276.0,3.0,460.44,4.0,3.0,4.0,11.0,Loyal Customers,0,2026-03-30
C05144,United States,50,Male,Platinum,2025-07-21,1079.0,1.0,33.4,1.0,3.0,1.0,5.0,Regular,0,2026-03-30
C05145,Germany,25,Male,Silver,2026-03-20,1044.0,3.0,216.72,2.0,3.0,2.0,7.0,Regular,0,2026-03-30
C05146,Italy,63,Female,Free,2015-09-02,1124.0,2.0,223.99,1.0,3.0,2.0,6.0,Regular,0,2026-03-30
C05147,United States,18,Male,Silver,2025-12-23,362.0,6.0,525.3199999999999,3.0,3.0,4.0,10.0,Loyal Customers,0,2026-03-30
C05148,United States,34,Female,Silver,2025-07-31,1443.0,4.0,554.6,1.0,3.0,4.0,8.0,At Risk,0,2026-03-30
C05149,United States,33,Male,Gold,2024-06-22,186.0,5.0,867.55,4.0,3.0,5.0,12.0,Loyal Customers,0,2026-03-30
C05150,Sweden,27,Male,Free,2025-06-22,65.0,4.0,1080.37,5.0,3.0,5.0,13.0,Loyal Customers,0,2026-03-30
C05151,Japan,63,Female,Free,2025-08-27,1054.0,1.0,329.31,2.0,3.0,3.0,8.0,At Risk,0,2026-03-30
C05152,India,22,Female,Free,2025-09-21,287.0,3.0,529.9,4.0,3.0,4.0,11.0,Loyal Customers,0,2026-03-30
C05153,United States,60,Male,Platinum,2024-05-16,394.0,7.0,576.18,3.0,3.0,4.0,10.0,Loyal Customers,0,2026-03-30
C05154,Germany,41,Female,Free,2025-09-29,19.0,2.0,400.2,5.0,3.0,3.0,11.0,Loyal Customers,0,2026-03-30
C05155,Brazil,18,Female,Free,2026-03-17,27.0,5.0,548.84,5.0,3.0,4.0,12.0,Loyal Customers,1,2026-03-30
C05156,United States,34,Male,Platinum,2025-09-07,956.0,3.0,144.94,2.0,3.0,2.0,7.0,Regular,0,2026-03-30
C05157,Australia,32,Male,Free,2024-09-02,35.0,2.0,270.08,5.0,3.0,3.0,11.0,Loyal Customers,0,2026-03-30
C05158,United States,42,Male,Silver,2025-06-29,1025.0,2.0,177.55,2.0,3.0,2.0,7.0,Regular,0,2026-03-30
C05159,India,36,Male,Gold,2021-10-01,1972.0,1.0,25.89,1.0,3.0,1.0,5.0,Regular,0,2026-03-30
C05160,Italy,49,Male,Silver,2022-10-25,307.0,5.0,686.5799999999999,4.0,3.0,5.0,12.0,Loyal Customers,0,2026-03-30
C05161,United States,24,Female,Free,2024-08-22,2014.0,3.0,393.64,1.0,3.0,3.0,7.0,At Risk,0,2026-03-30
C05162,United States,42,Male,Free,2026-01-26,945.0,2.0,144.77,2.0,3.0,2.0,7.0,Regular,0,2026-03-30
C05163,United Kingdom,30,Female,Free,2025-10-16,250.0,1.0,59.19,4.0,3.0,1.0,8.0,Loyal Customers,0,2026-03-30
C05164,Germany,18,Female,Gold,2024-02-07,411.0,3.0,546.96,3.0,3.0,4.0,10.0,Loyal Customers,0,2026-03-30
C05165,France,30,Female,Silver,2023-11-27,319.0,5.0,590.99,4.0,3.0,4.0,11.0,Loyal Customers,1,2026-03-30
C05166,Mexico,42,Female,Free,2025-12-29,128.0,2.0,182.42,5.0,3.0,2.0,10.0,Loyal Customers,0,2026-03-30
C05167,United States,23,Male,Silver,2022-04-27,2252.0,1.0,13.92,1.0,3.0,1.0,5.0,Regular,0,2026-03-30
C05168,Mexico,24,Female,Free,2025-09-23,1203.0,2.0,91.82,1.0,3.0,1.0,5.0,Regular,1,2026-03-30
C05169,United States,41,Male,Gold,2022-12-14,34.0,3.0,778.12,5.0,3.0,5.0,13.0,Loyal Customers,0,2026-03-30
C05170,Canada,20,Male,Free,2024-06-28,152.0,6.0,1008.72,5.0,3.0,5.0,13.0,Loyal Customers,0,2026-03-30
C05171,United States,58,Female,Free,2024-09-05,251.0,7.0,1200.9,4.0,3.0,5.0,12.0,Loyal Customers,0,2026-03-30
C05172,Spain,21,Female,Free,2023-05-22,676.0,3.0,182.61,2.0,3.0,2.0,7.0,Regular,1,2026-03-30
C05173,India,38,Female,Silver,2025-02-01,270.0,3.0,645.55,4.0,3.0,5.0,12.0,Loyal Customers,0,2026-03-30
C05174,Australia,33,Female,Silver,2023-12-21,407.0,2.0,251.1,3.0,3.0,2.0,8.0,Loyal Customers,0,2026-03-30
C05175,Germany,45,Female,Gold,2025-11-05,990.0,3.0,293.56,2.0,3.0,3.0,8.0,At Risk,1,2026-03-30
C05176,United States,36,Female,Silver,2024-02-14,662.0,4.0,387.63,2.0,3.0,3.0,8.0,At Risk,0,2026-03-30
C05177,United States,32,Male,Free,2024-12-01,326.0,2.0,679.74,4.0,3.0,5.0,12.0,Loyal Customers,0,2026-03-30
C05178,France,39,Male,Gold,2023-06-11,577.0,1.0,129.65,3.0,3.0,1.0,7.0,Loyal Customers,0,2026-03-30
C05179,United States,55,Female,Silver,2025-12-13,47.0,3.0,233.59,5.0,3.0,2.0,10.0,Loyal Customers,0,2026-03-30
C05180,Germany,44,Female,Free,2026-03-31,,,,,,,,No orders in window,0,2026-03-30
C05181,United States,27,Female,Platinum,2022-04-16,352.0,3.0,89.78,3.0,3.0,1.0,7.0,Loyal Customers,0,2026-03-30
C05182,South Korea,31,Male,Free,2025-08-28,242.0,3.0,241.15,4.0,3.0,2.0,9.0,Loyal Customers,0,2026-03-30
C05183,United States,31,Female,Gold,2026-03-29,84.0,7.0,837.52,5.0,3.0,5.0,13.0,Loyal Customers,0,2026-03-30
C05184,United Kingdom,18,Female,Gold,2026-02-05,171.0,3.0,728.5999999999999,4.0,3.0,5.0,12.0,Loyal Customers,0,2026-03-30
C05185,United States,62,Female,Gold,2021-08-15,842.0,5.0,434.28,2.0,3.0,4.0,9.0,At Risk,0,2026-03-30
C05186,United Kingdom,39,Male,Free,2026-03-11,202.0,7.0,687.24,4.0,3.0,5.0,12.0,Loyal Customers,0,2026-03-30
C05187,United States,49,Female,Free,2026-01-17,403.0,4.0,392.7,3.0,3.0,3.0,9.0,Loyal Customers,0,2026-03-30
C05188,Uae,50,Male,Free,2026-03-16,289.0,7.0,1210.85,4.0,3.0,5.0,12.0,Loyal Customers,1,2026-03-30
C05189,United States,30,Female,Silver,2023-05-17,271.0,6.0,850.52,4.0,3.0,5.0,12.0,Loyal Customers,0,2026-03-30
C05190,Japan,27,Male,Silver,2026-02-21,1447.0,4.0,374.4,1.0,3.0,3.0,7.0,At Risk,0,2026-03-30
C05191,United States,34,Male,Silver,2025-09-25,480.0,2.0,416.76,3.0,3.0,4.0,10.0,Loyal Customers,0,2026-03-30
C05192,United States,40,Female,Free,2025-01-12,44.0,4.0,329.75,5.0,3.0,3.0,11.0,Loyal Customers,0,2026-03-30
C05193,India,27,Male,Gold,2024-12-01,980.0,6.0,510.7,2.0,3.0,4.0,9.0,At Risk,0,2026-03-30
C05194,United States,30,Female,Silver,2024-09-25,10.0,5.0,411.52,5.0,3.0,4.0,12.0,Loyal Customers,0,2026-03-30
C05195,France,53,Male,Silver,2026-02-11,456.0,5.0,1808.48,3.0,3.0,5.0,11.0,Loyal Customers,0,2026-03-30
C05196,South Korea,34,Male,Silver,2025-07-02,1015.0,4.0,474.23,2.0,3.0,4.0,9.0,At Risk,0,2026-03-30
C05197,United States,30,Male,Free,2024-11-26,1583.0,2.0,431.51,1.0,3.0,4.0,8.0,At Risk,0,2026-03-30
C05198,United States,37,Female,Free,2024-11-29,541.0,3.0,775.0600000000001,3.0,3.0,5.0,11.0,Loyal Customers,0,2026-03-30
C05199,Japan,45,Female,Free,2026-02-06,704.0,6.0,520.04,2.0,3.0,4.0,9.0,At Risk,0,2026-03-30
C05200,United States,24,Male,Silver,2022-01-30,639.0,2.0,132.1,2.0,3.0,1.0,6.0,Regular,0,2026-03-30
C05201,Spain,34,Female,Free,2026-03-04,376.0,2.0,198.74,3.0,3.0,2.0,8.0,Loyal Customers,1,2026-03-30
C05202,United Kingdom,41,Male,Gold,2025-05-22,127.0,6.0,507.79,5.0,3.0,4.0,12.0,Loyal Customers,1,2026-03-30
C05203,France,49,Male,Gold,2022-02-05,315.0,2.0,157.92000000000002,4.0,3.0,2.0,9.0,Loyal Customers,0,2026-03-30
C05204,Italy,18,Male,Gold,2024-11-26,60.0,6.0,669.5799999999999,5.0,3.0,5.0,13.0,Loyal Customers,0,2026-03-30
C05205,South Africa,30,Female,Free,2023-08-08,135.0,2.0,183.01,5.0,3.0,2.0,10.0,Loyal Customers,0,2026-03-30
C05206,United States,18,Male,Free,2025-06-13,1611.0,2.0,198.52,1.0,3.0,2.0,6.0,Regular,0,2026-03-30
C05207,Japan,72,Male,Gold,2025-04-17,1373.0,4.0,285.13,1.0,3.0,3.0,7.0,At Risk,0,2026-03-30
C05208,Brazil,20,Male,Free,2023-04-20,231.0,2.0,166.99,4.0,3.0,2.0,9.0,Loyal Customers,0,2026-03-30
C05209,United States,21,Female,Gold,2025-03-21,1348.0,1.0,353.36,1.0,3.0,3.0,7.0,At Risk,0,2026-03-30
C05210,South Africa,18,Male,Gold,2025-05-26,,,,,,,,No orders in window,1,2026-03-30
C05211,Canada,30,Male,Silver,2024-05-16,258.0,4.0,343.71,4.0,3.0,3.0,10.0,Loyal Customers,0,2026-03-30
C05212,United Kingdom,38,Female,Free,2024-02-10,9.0,3.0,302.48,5.0,3.0,3.0,11.0,Loyal Customers,0,2026-03-30
C05213,Brazil,33,Female,Silver,2021-11-17,118.0,1.0,111.86,5.0,3.0,1.0,9.0,Loyal Customers,0,2026-03-30
C05214,United States,44,Male,Free,2026-03-13,125.0,7.0,956.32,5.0,3.0,5.0,13.0,Loyal Customers,0,2026-03-30
C05215,Brazil,19,Female,Free,2025-03-22,469.0,1.0,105.74,3.0,3.0,1.0,7.0,Loyal Customers,0,2026-03-30
C05216,United States,32,Male,Gold,2026-03-17,393.0,1.0,287.4,3.0,3.0,3.0,9.0,Loyal Customers,0,2026-03-30
C05217,United States,38,Female,Silver,2022-12-31,1220.0,1.0,206.54,1.0,3.0,2.0,6.0,Regular,0,2026-03-30
C05218,Germany,18,Male,Free,2026-02-11,268.0,5.0,601.5,4.0,3.0,4.0,11.0,Loyal Customers,1,2026-03-30
C05219,United States,29,Female,Silver,2024-12-31,88.0,5.0,1082.5,5.0,3.0,5.0,13.0,Loyal Customers,0,2026-03-30
C05220,France,25,Female,Silver,2025-06-02,294.0,5.0,307.58,4.0,3.0,3.0,10.0,Loyal Customers,0,2026-03-30
C05221,United States,21,Female,Free,2023-06-09,1769.0,2.0,173.72,1.0,3.0,2.0,6.0,Regular,0,2026-03-30
C05222,India,37,Male,Free,2025-04-12,796.0,2.0,81.75,2.0,3.0,1.0,6.0,Regular,0,2026-03-30
C05223,Spain,24,Male,Free,2025-12-29,84.0,3.0,661.71,5.0,3.0,5.0,13.0,Loyal Customers,0,2026-03-30
C05224,United States,40,Female,Silver,2024-03-11,391.0,3.0,213.86,3.0,3.0,2.0,8.0,Loyal Customers,0,2026-03-30
C05225,Turkey,34,Male,Gold,2014-10-17,466.0,5.0,1035.94,3.0,3.0,5.0,11.0,Loyal Customers,0,2026-03-30
C05226,India,51,Male,Platinum,2024-10-21,1560.0,3.0,406.9,1.0,3.0,4.0,8.0,At Risk,0,2026-03-30
C05227,Singapore,26,Female,Silver,2023-07-26,402.0,3.0,257.01,3.0,3.0,2.0,8.0,Loyal Customers,0,2026-03-30
C05228,United States,28,Female,Free,2024-12-17,334.0,2.0,335.59000000000003,4.0,3.0,3.0,10.0,Loyal Customers,0,2026-03-30
C05229,Brazil,49,Female,Silver,2022-12-14,290.0,5.0,468.7,4.0,3.0,4.0,11.0,Loyal Customers,0,2026-03-30
C05230,India,59,Male,Free,2026-03-17,320.0,1.0,364.1,4.0,3.0,3.0,10.0,Loyal Customers,0,2026-03-30
C05231,Mexico,29,Female,Silver,2024-08-16,151.0,4.0,1350.53,5.0,3.0,5.0,13.0,Loyal Customers,0,2026-03-30
C05232,India,57,Male,Platinum,2024-10-16,639.0,4.0,312.28,2.0,3.0,3.0,8.0,At Risk,0,2026-03-30
C05233,South Africa,47,Female,Free,2023-07-06,780.0,4.0,724.4200000000001,2.0,3.0,5.0,10.0,At Risk,1,2026-03-30
C05234,United States,43,Female,Free,2024-11-19,1483.0,4.0,457.12,1.0,3.0,4.0,8.0,At Risk,1,2026-03-30
C05235,Germany,45,Male,Free,2024-02-02,465.0,6.0,501.99,3.0,3.0,4.0,10.0,Loyal Customers,0,2026-03-30
C05236,Spain,46,Female,Free,2025-05-21,142.0,4.0,550.08,5.0,3.0,4.0,12.0,Loyal Customers,0,2026-03-30
C05237,Uae,29,Male,Free,2022-06-08,1603.0,1.0,20.89,1.0,3.0,1.0,5.0,Regular,1,2026-03-30
C05238,United States,43,Male,Gold,2024-05-23,159.0,3.0,888.2099999999999,4.0,3.0,5.0,12.0,Loyal Customers,1,2026-03-30
C05239,United Kingdom,42,Male,Gold,2024-10-14,922.0,2.0,65.67,2.0,3.0,1.0,6.0,Regular,0,2026-03-30
C05240,United States,36,Male,Platinum,2025-05-28,1054.0,2.0,1097.93,2.0,3.0,5.0,10.0,At Risk,0,2026-03-30
C05241,France,34,Female,Free,2024-03-05,225.0,4.0,301.78,4.0,3.0,3.0,10.0,Loyal Customers,0,2026-03-30
C05242,United States,29,Other,Free,2023-03-12,1188.0,3.0,836.75,1.0,3.0,5.0,9.0,At Risk,0,2026-03-30
C05243,India,28,Female,Free,2026-03-10,673.0,3.0,274.12,2.0,3.0,3.0,8.0,At Risk,1,2026-03-30
C05244,United Kingdom,51,Female,Free,2022-05-02,82.0,3.0,345.70000000000005,5.0,3.0,3.0,11.0,Loyal Customers,0,2026-03-30
C05245,France,42,Female,Silver,2025-09-07,1007.0,1.0,200.86,2.0,3.0,2.0,7.0,Regular,1,2026-03-30
C05246,Japan,34,Male,Platinum,2026-02-24,833.0,1.0,296.87,2.0,3.0,3.0,8.0,At Risk,0,2026-03-30
C05247,Japan,31,Other,Free,2024-12-07,299.0,3.0,218.45,4.0,3.0,2.0,9.0,Loyal Customers,0,2026-03-30
C05248,France,30,Male,Free,2025-05-16,2151.0,2.0,158.73000000000002,1.0,3.0,2.0,6.0,Regular,0,2026-03-30
C05249,Germany,61,Male,Free,2023-06-10,304.0,4.0,253.65,4.0,3.0,2.0,9.0,Loyal Customers,0,2026-03-30
C05250,United States,49,Female,Silver,2024-08-18,,,,,,,,No orders in window,0,2026-03-30
C05251,United States,29,Male,Free,2024-11-03,95.0,5.0,465.39,5.0,3.0,4.0,12.0,Loyal Customers,1,2026-03-30
C05252,Japan,39,Male,Free,2023-05-05,1077.0,2.0,163.9,1.0,3.0,2.0,6.0,Regular,0,2026-03-30
C05253,United Kingdom,25,Female,Silver,2020-11-09,526.0,4.0,176.85000000000002,3.0,3.0,2.0,8.0,Loyal Customers,0,2026-03-30
C05254,United States,44,Male,Free,2025-10-28,1452.0,3.0,93.64,1.0,3.0,1.0,5.0,Regular,0,2026-03-30
C05255,Uae,23,Female,Free,2023-10-05,277.0,1.0,106.88,4.0,3.0,1.0,8.0,Loyal Customers,0,2026-03-30
C05256,France,25,Male,Free,2025-07-05,869.0,3.0,197.95,2.0,3.0,2.0,7.0,Regular,0,2026-03-30
C05257,Germany,21,Male,Free,2024-08-28,1599.0,1.0,38.77,1.0,3.0,1.0,5.0,Regular,0,2026-03-30
C05258,Japan,33,Female,Gold,2025-08-06,99.0,3.0,306.53,5.0,3.0,3.0,11.0,Loyal Customers,0,2026-03-30
C05259,Germany,40,Male,Platinum,2022-03-24,,,,,,,,No orders in window,0,2026-03-30
C05260,Brazil,18,Female,Gold,2025-11-28,1550.0,5.0,523.4100000000001,1.0,3.0,4.0,8.0,At Risk,0,2026-03-30
C05261,United States,52,Male,Free,2024-05-31,791.0,3.0,484.93,2.0,3.0,4.0,9.0,At Risk,0,2026-03-30
C05262,Brazil,39,Female,Free,2018-10-15,53.0,3.0,195.06,5.0,3.0,2.0,10.0,Loyal Customers,0,2026-03-30
C05263,Poland,44,Male,Free,2026-01-23,142.0,2.0,163.89,5.0,3.0,2.0,10.0,Loyal Customers,1,2026-03-30
C05264,United States,25,Male,Platinum,2025-05-26,11.0,6.0,736.0600000000001,5.0,3.0,5.0,13.0,Loyal Customers,0,2026-03-30
C05265,United States,37,Female,Silver,2021-04-27,523.0,4.0,380.03,3.0,3.0,3.0,9.0,Loyal Customers,0,2026-03-30
C05266,United States,41,Male,Free,2024-07-09,827.0,3.0,422.15,2.0,3.0,4.0,9.0,At Risk,0,2026-03-30
C05267,United States,59,Female,Free,2026-02-26,177.0,2.0,146.76,4.0,3.0,2.0,9.0,Loyal Customers,0,2026-03-30
C05268,United Kingdom,43,Female,Free,2022-02-04,944.0,4.0,594.1700000000001,2.0,3.0,4.0,9.0,At Risk,1,2026-03-30
C05269,Mexico,47,Male,Free,2025-07-09,506.0,6.0,1720.93,3.0,3.0,5.0,11.0,Loyal Customers,0,2026-03-30
C05270,Brazil,38,Male,Free,2023-06-24,114.0,4.0,461.49,5.0,3.0,4.0,12.0,Loyal Customers,0,2026-03-30
C05271,United States,18,Female,Free,2025-05-30,997.0,1.0,109.88,2.0,3.0,1.0,6.0,Regular,0,2026-03-30
C05272,Canada,39,Male,Free,2026-02-08,337.0,5.0,468.86,4.0,3.0,4.0,11.0,Loyal Customers,0,2026-03-30
C05273,United States,43,Female,Free,2024-02-14,1903.0,2.0,690.39,1.0,3.0,5.0,9.0,At Risk,1,2026-03-30
C05274,United States,26,Female,Free,2026-01-09,1208.0,4.0,349.77,1.0,3.0,3.0,7.0,At Risk,0,2026-03-30
C05275,United Kingdom,27,Male,Free,2023-06-01,189.0,5.0,658.69,4.0,3.0,5.0,12.0,Loyal Customers,1,2026-03-30
C05276,United States,30,Male,Gold,2025-03-02,1191.0,2.0,213.39,1.0,3.0,2.0,6.0,Regular,0,2026-03-30
C05277,United States,34,Male,Free,2025-03-26,499.0,3.0,388.46,3.0,3.0,3.0,9.0,Loyal Customers,0,2026-03-30
C05278,India,44,Female,Free,2025-06-07,481.0,3.0,228.78,3.0,3.0,2.0,8.0,Loyal Customers,0,2026-03-30
C05279,Italy,27,Male,Free,2023-09-27,,,,,,,,No orders in window,0,2026-03-30
C05280,France,31,Female,Silver,2025-02-15,,,,,,,,No orders in window,0,2026-03-30
C05281,Italy,42,Male,Gold,2026-03-11,1331.0,4.0,348.18,1.0,3.0,3.0,7.0,At Risk,0,2026-03-30
C05282,United States,43,Male,Free,2026-03-01,661.0,2.0,52.46,2.0,3.0,1.0,6.0,Regular,0,2026-03-30
C05283,France,34,Female,Silver,2025-10-25,1266.0,1.0,80.58,1.0,3.0,1.0,5.0,Regular,0,2026-03-30
C05284,India,29,Female,Gold,2025-03-24,70.0,5.0,828.1299999999999,5.0,3.0,5.0,13.0,Loyal Customers,0,2026-03-30
C05285,United States,40,Male,Silver,2025-06-17,520.0,1.0,76.97,3.0,3.0,1.0,7.0,Loyal Customers,0,2026-03-30
C05286,Canada,33,Male,Free,2024-03-22,486.0,1.0,67.52,3.0,3.0,1.0,7.0,Loyal Customers,0,2026-03-30
C05287,Mexico,42,Female,Free,2024-09-25,345.0,2.0,321.0,4.0,3.0,3.0,10.0,Loyal Customers,0,2026-03-30
C05288,United Kingdom,24,Male,Free,2025-10-25,1327.0,3.0,269.28000000000003,1.0,3.0,3.0,7.0,At Risk,0,2026-03-30
C05289,Mexico,58,Male,Free,2023-03-22,201.0,2.0,308.72,4.0,3.0,3.0,10.0,Loyal Customers,1,2026-03-30
C05290,United Kingdom,58,Female,Silver,2025-06-22,189.0,5.0,248.38,4.0,3.0,2.0,9.0,Loyal Customers,0,2026-03-30
C05291,United States,31,Female,Free,2025-04-09,,,,,,,,No orders in window,0,2026-03-30
C05292,Mexico,21,Female,Free,2025-10-12,308.0,2.0,110.12,4.0,3.0,1.0,8.0,Loyal Customers,0,2026-03-30
C05293,India,32,Female,Gold,2024-12-29,488.0,7.0,276.5,3.0,3.0,3.0,9.0,Loyal Customers,0,2026-03-30
C05294,Australia,18,Male,Free,2024-08-27,1289.0,1.0,27.44,1.0,3.0,1.0,5.0,Regular,0,2026-03-30
C05295,United Kingdom,23,Female,Free,2025-10-06,1830.0,1.0,18.65,1.0,3.0,1.0,5.0,Regular,1,2026-03-30
C05296,Canada,33,Female,Silver,2025-04-17,439.0,2.0,137.0,3.0,3.0,1.0,7.0,Loyal Customers,0,2026-03-30
C05297,Germany,39,Male,Gold,2025-10-12,1357.0,2.0,226.56,1.0,3.0,2.0,6.0,Regular,0,2026-03-30
C05298,Canada,57,Male,Platinum,2025-11-15,962.0,3.0,3602.81,2.0,3.0,5.0,10.0,At Risk,0,2026-03-30
C05299,Uae,56,Female,Silver,2025-10-23,1210.0,2.0,278.25,1.0,3.0,3.0,7.0,At Risk,0,2026-03-30
C05300,Italy,32,Male,Free,2026-02-06,402.0,2.0,129.29999999999998,3.0,3.0,1.0,7.0,Loyal Customers,0,2026-03-30
C05301,Germany,18,Male,Gold,2025-11-23,214.0,5.0,595.79,4.0,3.0,4.0,11.0,Loyal Customers,0,2026-03-30
C05302,United States,48,Male,Silver,2024-03-23,546.0,2.0,77.33,3.0,3.0,1.0,7.0,Loyal Customers,0,2026-03-30
C05303,Germany,18,Female,Free,2024-03-30,2052.0,1.0,58.52,1.0,3.0,1.0,5.0,Regular,0,2026-03-30
C05304,United Kingdom,22,Female,Silver,2023-12-17,2050.0,1.0,396.95,1.0,3.0,3.0,7.0,At Risk,0,2026-03-30
C05305,Canada,35,Female,Platinum,2023-11-29,291.0,2.0,405.73,4.0,3.0,4.0,11.0,Loyal Customers,1,2026-03-30
C05306,Italy,20,Male,Silver,2025-09-10,182.0,2.0,119.01,4.0,3.0,1.0,8.0,Loyal Customers,0,2026-03-30
C05307,Australia,41,Female,Free,2025-11-12,33.0,4.0,337.34000000000003,5.0,3.0,3.0,11.0,Loyal Customers,1,2026-03-30
C05308,Turkey,42,Female,Free,2025-03-29,133.0,3.0,208.28000000000003,5.0,3.0,2.0,10.0,Loyal Customers,0,2026-03-30
C05309,United States,37,Male,Gold,2021-10-05,790.0,4.0,389.71,2.0,3.0,3.0,8.0,At Risk,0,2026-03-30
C05310,United States,48,Female,Silver,2025-03-06,358.0,1.0,40.48,3.0,3.0,1.0,7.0,Loyal Customers,0,2026-03-30
C05311,United States,19,Male,Free,2025-09-18,192.0,1.0,20.11,4.0,3.0,1.0,8.0,Loyal Customers,0,2026-03-30
C05312,Germany,45,Male,Free,2022-01-26,1172.0,2.0,100.76,1.0,3.0,1.0,5.0,Regular,1,2026-03-30
C05313,United Kingdom,40,Female,Free,2026-03-31,1069.0,2.0,300.47,1.0,3.0,3.0,7.0,At Risk,0,2026-03-30
C05314,Canada,36,Male,Silver,2023-07-07,195.0,2.0,146.09,4.0,3.0,2.0,9.0,Loyal Customers,0,2026-03-30
C05315,Japan,30,Female,Silver,2026-02-21,1534.0,3.0,616.93,1.0,3.0,4.0,8.0,At Risk,0,2026-03-30
C05316,United States,24,Male,Gold,2024-10-29,176.0,2.0,229.28,4.0,3.0,2.0,9.0,Loyal Customers,0,2026-03-30
C05317,Japan,25,Male,Silver,2026-02-19,458.0,6.0,1388.36,3.0,3.0,5.0,11.0,Loyal Customers,0,2026-03-30
C05318,Netherlands,40,Other,Silver,2024-01-21,153.0,2.0,174.82,4.0,3.0,2.0,9.0,Loyal Customers,0,2026-03-30
C05319,United States,37,Male,Free,2026-01-18,267.0,2.0,167.38,4.0,3.0,2.0,9.0,Loyal Customers,0,2026-03-30
C05320,United Kingdom,43,Male,Free,2025-10-18,326.0,4.0,1114.97,4.0,3.0,5.0,12.0,Loyal Customers,0,2026-03-30
C05321,Canada,37,Female,Silver,2026-02-09,353.0,4.0,455.99,3.0,3.0,4.0,10.0,Loyal Customers,0,2026-03-30
C05322,India,38,Female,Free,2022-04-16,,,,,,,,No orders in window,0,2026-03-30
C05323,Canada,29,Female,Free,2022-12-18,416.0,5.0,336.18,3.0,3.0,3.0,9.0,Loyal Customers,0,2026-03-30
C05324,Germany,38,Male,Free,2025-10-30,1640.0,2.0,116.03,1.0,3.0,1.0,5.0,Regular,0,2026-03-30
C05325,France,25,Male,Free,2025-12-14,753.0,5.0,406.62,2.0,3.0,4.0,9.0,At Risk,0,2026-03-30
C05326,Australia,23,Male,Free,2025-10-21,,,,,,,,No orders in window,0,2026-03-30
C05327,United Kingdom,18,Male,Silver,2024-10-05,,,,,,,,No orders in window,0,2026-03-30
C05328,United States,49,Male,Gold,2025-06-03,269.0,2.0,529.25,4.0,3.0,4.0,11.0,Loyal Customers,0,2026-03-30
C05329,United States,29,Other,Gold,2023-03-27,2202.0,2.0,80.97999999999999,1.0,3.0,1.0,5.0,Regular,1,2026-03-30
C05330,Uae,18,Male,Silver,2023-04-03,459.0,3.0,686.18,3.0,3.0,5.0,11.0,Loyal Customers,0,2026-03-30
C05331,United States,36,Female,Free,2024-04-10,429.0,5.0,521.58,3.0,3.0,4.0,10.0,Loyal Customers,0,2026-03-30
C05332,Brazil,26,Female,Silver,2025-04-05,888.0,4.0,245.88,2.0,3.0,2.0,7.0,Regular,0,2026-03-30
C05333,United Kingdom,20,Male,Free,2025-12-20,2.0,7.0,837.62,5.0,3.0,5.0,13.0,Loyal Customers,0,2026-03-30
C05334,United States,28,Male,Free,2026-01-12,,,,,,,,No orders in window,0,2026-03-30
C05335,Germany,45,Male,Platinum,2022-10-04,721.0,3.0,201.97,2.0,3.0,2.0,7.0,Regular,0,2026-03-30
C05336,United States,18,Female,Silver,2024-08-17,309.0,2.0,94.1,4.0,3.0,1.0,8.0,Loyal Customers,0,2026-03-30
C05337,India,44,Male,Gold,2025-11-22,158.0,5.0,374.4,4.0,3.0,3.0,10.0,Loyal Customers,0,2026-03-30
C05338,United States,41,Male,Free,2025-09-22,821.0,4.0,870.99,2.0,3.0,5.0,10.0,At Risk,0,2026-03-30
C05339,India,18,Female,Free,2024-04-01,1567.0,2.0,273.68,1.0,3.0,3.0,7.0,At Risk,0,2026-03-30
C05340,India,33,Female,Free,2025-06-13,331.0,3.0,560.52,4.0,3.0,4.0,11.0,Loyal Customers,0,2026-03-30
C05341,Germany,51,Female,Silver,2025-03-09,103.0,5.0,235.88,5.0,3.0,2.0,10.0,Loyal Customers,0,2026-03-30
C05342,Brazil,21,Female,Free,2025-03-25,1327.0,1.0,128.51,1.0,3.0,1.0,5.0,Regular,0,2026-03-30
C05343,France,41,Female,Free,2024-07-08,247.0,1.0,35.17,4.0,3.0,1.0,8.0,Loyal Customers,0,2026-03-30
C05344,Brazil,39,Female,Free,2026-02-20,309.0,2.0,86.22,4.0,3.0,1.0,8.0,Loyal Customers,0,2026-03-30
C05345,Singapore,48,Male,Free,2026-03-30,1065.0,3.0,389.74,1.0,3.0,3.0,7.0,At Risk,0,2026-03-30
C05346,Spain,52,Female,Silver,2022-08-13,1002.0,3.0,301.65,2.0,3.0,3.0,8.0,At Risk,0,2026-03-30
C05347,Brazil,44,Male,Free,2024-05-24,919.0,4.0,264.85,2.0,3.0,3.0,8.0,At Risk,0,2026-03-30
C05348,United Kingdom,20,Female,Free,2025-04-26,690.0,2.0,75.78,2.0,3.0,1.0,6.0,Regular,0,2026-03-30
C05349,United States,35,Female,Gold,2024-12-10,11.0,4.0,1230.96,5.0,3.0,5.0,13.0,Loyal Customers,0,2026-03-30
C05350,United States,25,Female,Platinum,2025-10-31,1319.0,1.0,160.73,1.0,3.0,2.0,6.0,Regular,0,2026-03-30
C05351,France,25,Male,Silver,2025-11-05,706.0,2.0,230.51,2.0,3.0,2.0,7.0,Regular,0,2026-03-30
C05352,Netherlands,36,Female,Gold,2026-01-15,472.0,6.0,405.86,3.0,3.0,4.0,10.0,Loyal Customers,0,2026-03-30
C05353,Germany,22,Female,Free,2024-01-14,205.0,4.0,1092.79,4.0,3.0,5.0,12.0,Loyal Customers,0,2026-03-30
C05354,Brazil,53,Female,Gold,2025-07-24,159.0,3.0,375.85,4.0,3.0,3.0,10.0,Loyal Customers,0,2026-03-30
C05355,Mexico,40,Female,Free,2025-07-24,,,,,,,,No orders in window,0,2026-03-30
C05356,Netherlands,27,Female,Free,2024-03-12,427.0,4.0,307.74,3.0,3.0,3.0,9.0,Loyal Customers,0,2026-03-30
C05357,India,20,Female,Free,2024-12-14,797.0,2.0,141.39,2.0,3.0,2.0,7.0,Regular,0,2026-03-30
C05358,United States,59,Male,Free,2026-01-15,331.0,8.0,1552.6999999999998,4.0,3.0,5.0,12.0,Loyal Customers,0,2026-03-30
C05359,Japan,24,Male,Gold,2025-09-05,1859.0,1.0,155.77,1.0,3.0,2.0,6.0,Regular,0,2026-03-30
C05360,United States,47,Female,Gold,2024-11-28,1529.0,2.0,53.35,1.0,3.0,1.0,5.0,Regular,1,2026-03-30
C05361,Uae,25,Female,Free,2025-06-26,425.0,3.0,601.4399999999999,3.0,3.0,4.0,10.0,Loyal Customers,0,2026-03-30
C05362,United States,27,Male,Free,2026-02-23,75.0,5.0,566.39,5.0,3.0,4.0,12.0,Loyal Customers,0,2026-03-30
C05363,Mexico,35,Male,Free,2025-09-20,50.0,5.0,269.27,5.0,3.0,3.0,11.0,Loyal Customers,0,2026-03-30
C05364,Japan,28,Male,Silver,2026-01-09,403.0,3.0,393.59,3.0,3.0,3.0,9.0,Loyal Customers,0,2026-03-30
C05365,United States,31,Male,Free,2021-07-11,350.0,4.0,638.67,3.0,3.0,5.0,11.0,Loyal Customers,0,2026-03-30
C05366,United States,23,Female,Silver,2023-03-11,7.0,7.0,1815.86,5.0,3.0,5.0,13.0,Loyal Customers,0,2026-03-30
C05367,United States,56,Male,Silver,2025-11-16,,,,,,,,No orders in window,1,2026-03-30
C05368,United Kingdom,24,Male,Free,2026-03-17,302.0,2.0,151.69,4.0,3.0,2.0,9.0,Loyal Customers,0,2026-03-30
C05369,France,36,Female,Free,2025-11-21,105.0,4.0,200.96,5.0,3.0,2.0,10.0,Loyal Customers,0,2026-03-30
C05370,Uae,44,Other,Free,2025-06-15,,,,,,,,No orders in window,0,2026-03-30
C05371,United States,32,Female,Silver,2026-03-28,1770.0,1.0,66.28,1.0,3.0,1.0,5.0,Regular,0,2026-03-30
C05372,Australia,41,Male,Gold,2025-03-10,354.0,1.0,191.41,3.0,3.0,2.0,8.0,Loyal Customers,0,2026-03-30
C05373,United States,31,Female,Free,2026-01-10,,,,,,,,No orders in window,0,2026-03-30
C05374,India,42,Female,Free,2024-01-18,961.0,2.0,117.36,2.0,3.0,1.0,6.0,Regular,0,2026-03-30
C05375,India,24,Female,Silver,2025-06-01,174.0,6.0,1160.95,4.0,3.0,5.0,12.0,Loyal Customers,1,2026-03-30
C05376,Sweden,34,Male,Platinum,2024-09-26,238.0,2.0,750.17,4.0,3.0,5.0,12.0,Loyal Customers,0,2026-03-30
C05377,Poland,18,Male,Free,2024-04-14,952.0,1.0,108.99,2.0,3.0,1.0,6.0,Regular,0,2026-03-30
C05378,United States,35,Female,Free,2024-03-17,1515.0,3.0,340.43,1.0,3.0,3.0,7.0,At Risk,0,2026-03-30
C05379,Poland,34,Male,Free,2025-05-25,,,,,,,,No orders in window,1,2026-03-30
C05380,Sweden,37,Female,Free,2023-12-13,935.0,2.0,251.36,2.0,3.0,2.0,7.0,Regular,0,2026-03-30
C05381,United Kingdom,52,Female,Free,2026-03-07,,,,,,,,No orders in window,0,2026-03-30
C05382,United States,27,Male,Free,2025-11-23,234.0,3.0,311.67999999999995,4.0,3.0,3.0,10.0,Loyal Customers,0,2026-03-30
C05383,United States,34,Female,Gold,2019-09-27,1743.0,4.0,198.3,1.0,3.0,2.0,6.0,Regular,0,2026-03-30
C05384,United States,18,Female,Silver,2023-11-06,1389.0,2.0,121.66,1.0,3.0,1.0,5.0,Regular,1,2026-03-30
C05385,Australia,33,Male,Free,2025-10-28,901.0,5.0,564.65,2.0,3.0,4.0,9.0,At Risk,0,2026-03-30
C05386,United Kingdom,21,Female,Free,2025-10-03,389.0,5.0,359.27,3.0,3.0,3.0,9.0,Loyal Customers,1,2026-03-30
C05387,India,21,Female,Free,2025-09-07,1004.0,2.0,120.38,2.0,3.0,1.0,6.0,Regular,0,2026-03-30
C05388,United Kingdom,61,Female,Free,2024-04-30,90.0,3.0,74.36,5.0,3.0,1.0,9.0,Loyal Customers,0,2026-03-30
C05389,Brazil,51,Female,Gold,2023-09-24,700.0,6.0,450.98,2.0,3.0,4.0,9.0,At Risk,0,2026-03-30
C05390,Canada,35,Female,Free,2025-10-10,204.0,3.0,360.1,4.0,3.0,3.0,10.0,Loyal Customers,0,2026-03-30
C05391,United Kingdom,31,Female,Silver,2026-01-21,600.0,5.0,221.47,3.0,3.0,2.0,8.0,Loyal Customers,0,2026-03-30
C05392,India,18,Female,Silver,2026-02-10,589.0,5.0,449.49,3.0,3.0,4.0,10.0,Loyal Customers,0,2026-03-30
C05393,India,46,Male,Free,2024-04-07,205.0,3.0,237.2,4.0,3.0,2.0,9.0,Loyal Customers,0,2026-03-30
C05394,Canada,46,Male,Silver,2024-10-01,734.0,2.0,705.87,2.0,3.0,5.0,10.0,At Risk,0,2026-03-30
C05395,Sweden,23,Male,Free,2026-03-14,1063.0,3.0,770.7,1.0,3.0,5.0,9.0,At Risk,0,2026-03-30
C05396,Italy,39,Male,Silver,2026-02-28,66.0,2.0,99.17,5.0,3.0,1.0,9.0,Loyal Customers,0,2026-03-30
C05397,United Kingdom,21,Male,Free,2024-02-05,215.0,3.0,302.11,4.0,3.0,3.0,10.0,Loyal Customers,0,2026-03-30
C05398,United States,42,Other,Platinum,2023-12-02,752.0,4.0,1383.9,2.0,3.0,5.0,10.0,At Risk,0,2026-03-30
C05399,France,40,Female,Free,2023-01-02,,,,,,,,No orders in window,0,2026-03-30
C05400,United States,38,Female,Gold,2024-05-14,468.0,2.0,210.0,3.0,3.0,2.0,8.0,Loyal Customers,0,2026-03-30
C05401,India,35,Female,Free,2026-01-12,428.0,4.0,820.3599999999999,3.0,3.0,5.0,11.0,Loyal Customers,0,2026-03-30
C05402,United States,38,Female,Free,2025-09-05,75.0,3.0,438.57,5.0,3.0,4.0,12.0,Loyal Customers,0,2026-03-30
C05403,France,34,Male,Free,2026-02-11,1122.0,3.0,153.71,1.0,3.0,2.0,6.0,Regular,1,2026-03-30
C05404,Canada,46,Female,Free,2019-02-15,138.0,3.0,208.94,5.0,3.0,2.0,10.0,Loyal Customers,0,2026-03-30
C05405,India,39,Female,Gold,2026-03-28,1415.0,1.0,91.11,1.0,3.0,1.0,5.0,Regular,0,2026-03-30
C05406,Singapore,46,Female,Free,2025-06-22,236.0,6.0,996.18,4.0,3.0,5.0,12.0,Loyal Customers,0,2026-03-30
C05407,Uae,25,Female,Silver,2026-02-18,,,,,,,,No orders in window,0,2026-03-30
C05408,India,51,Male,Free,2026-03-08,296.0,2.0,328.63,4.0,3.0,3.0,10.0,Loyal Customers,0,2026-03-30
C05409,Italy,35,Female,Silver,2022-04-27,821.0,1.0,67.54,2.0,3.0,1.0,6.0,Regular,0,2026-03-30
C05410,Germany,45,Female,Gold,2026-02-21,36.0,6.0,1594.4199999999998,5.0,3.0,5.0,13.0,Loyal Customers,0,2026-03-30
C05411,United Kingdom,52,Female,Silver,2025-12-14,,,,,,,,No orders in window,0,2026-03-30
C05412,Turkey,43,Male,Silver,2023-09-11,462.0,4.0,698.4,3.0,3.0,5.0,11.0,Loyal Customers,0,2026-03-30
C05413,South Korea,55,Male,Gold,2025-01-06,524.0,5.0,666.3,3.0,3.0,5.0,11.0,Loyal Customers,0,2026-03-30
C05414,United States,38,Other,Free,2023-04-07,920.0,2.0,625.72,2.0,3.0,5.0,10.0,At Risk,0,2026-03-30
C05415,Canada,34,Female,Free,2025-03-28,1092.0,2.0,116.94,1.0,3.0,1.0,5.0,Regular,0,2026-03-30
C05416,Germany,36,Male,Free,2025-01-09,185.0,6.0,1439.46,4.0,3.0,5.0,12.0,Loyal Customers,0,2026-03-30
C05417,Mexico,36,Male,Gold,2026-02-13,1084.0,1.0,63.06,1.0,3.0,1.0,5.0,Regular,0,2026-03-30
C05418,United States,21,Female,Free,2025-11-13,711.0,1.0,15.16,2.0,3.0,1.0,6.0,Regular,0,2026-03-30
C05419,United States,44,Male,Free,2025-11-21,1487.0,1.0,56.29,1.0,3.0,1.0,5.0,Regular,0,2026-03-30
C05420,South Korea,29,Female,Gold,2025-10-16,,,,,,,,No orders in window,1,2026-03-30
C05421,United Kingdom,40,Female,Free,2025-11-15,1049.0,2.0,261.5,2.0,3.0,3.0,8.0,At Risk,0,2026-03-30
C05422,Brazil,28,Male,Gold,2021-12-10,1622.0,2.0,464.29,1.0,3.0,4.0,8.0,At Risk,0,2026-03-30
C05423,Australia,30,Male,Gold,2024-12-19,593.0,2.0,55.85,3.0,3.0,1.0,7.0,Loyal Customers,0,2026-03-30
C05424,United States,38,Male,Silver,2023-11-17,461.0,3.0,145.51,3.0,3.0,2.0,8.0,Loyal Customers,0,2026-03-30
C05425,United States,54,Female,Gold,2024-05-07,,,,,,,,No orders in window,0,2026-03-30
C05426,United States,30,Female,Silver,2020-04-29,64.0,5.0,709.63,5.0,3.0,5.0,13.0,Loyal Customers,0,2026-03-30
C05427,United States,45,Male,Silver,2024-10-05,481.0,5.0,952.32,3.0,3.0,5.0,11.0,Loyal Customers,0,2026-03-30
C05428,India,41,Male,Gold,2024-06-13,295.0,2.0,296.49,4.0,3.0,3.0,10.0,Loyal Customers,0,2026-03-30
C05429,United States,38,Female,Free,2025-08-13,171.0,3.0,280.11,4.0,3.0,3.0,10.0,Loyal Customers,0,2026-03-30
C05430,Brazil,45,Male,Silver,2025-09-15,,,,,,,,No orders in window,0,2026-03-30
C05431,Germany,41,Female,Gold,2025-05-04,1672.0,3.0,266.19,1.0,3.0,3.0,7.0,At Risk,0,2026-03-30
C05432,Germany,53,Female,Gold,2025-11-13,237.0,2.0,63.38,4.0,3.0,1.0,8.0,Loyal Customers,0,2026-03-30
C05433,Mexico,60,Male,Free,2025-09-23,,,,,,,,No orders in window,0,2026-03-30
C05434,United Kingdom,42,Male,Free,2024-07-28,78.0,9.0,1848.88,5.0,3.0,5.0,13.0,Loyal Customers,0,2026-03-30
C05435,United States,30,Female,Free,2024-02-20,427.0,4.0,242.32,3.0,3.0,2.0,8.0,Loyal Customers,0,2026-03-30
C05436,Germany,24,Female,Silver,2024-02-23,911.0,4.0,697.9,2.0,3.0,5.0,10.0,At Risk,0,2026-03-30
C05437,Sweden,34,Female,Gold,2024-08-02,597.0,5.0,271.66,3.0,3.0,3.0,9.0,Loyal Customers,0,2026-03-30
C05438,France,57,Female,Free,2024-10-16,433.0,4.0,269.59,3.0,3.0,3.0,9.0,Loyal Customers,0,2026-03-30
C05439,United Kingdom,46,Male,Free,2025-11-10,70.0,6.0,758.3100000000001,5.0,3.0,5.0,13.0,Loyal Customers,0,2026-03-30
C05440,United States,46,Male,Silver,2025-12-20,13.0,3.0,210.12,5.0,3.0,2.0,10.0,Loyal Customers,0,2026-03-30
C05441,United States,29,Male,Free,2023-02-21,1272.0,3.0,223.82,1.0,3.0,2.0,6.0,Regular,0,2026-03-30
C05442,France,24,Male,Free,2023-06-28,1546.0,2.0,144.7,1.0,3.0,2.0,6.0,Regular,0,2026-03-30
C05443,United Kingdom,30,Male,Platinum,2025-08-18,241.0,4.0,1463.07,4.0,3.0,5.0,12.0,Loyal Customers,0,2026-03-30
C05444,Germany,18,Male,Platinum,2026-02-27,1478.0,2.0,58.86,1.0,3.0,1.0,5.0,Regular,1,2026-03-30
C05445,Australia,41,Female,Free,2021-01-29,335.0,11.0,1975.13,4.0,3.0,5.0,12.0,Loyal Customers,0,2026-03-30
C05446,United States,35,Female,Silver,2025-02-12,1046.0,2.0,74.59,2.0,3.0,1.0,6.0,Regular,0,2026-03-30
C05447,France,38,Female,Free,2026-02-25,736.0,5.0,990.23,2.0,3.0,5.0,10.0,At Risk,0,2026-03-30
C05448,Germany,26,Female,Free,2024-12-18,205.0,4.0,706.77,4.0,3.0,5.0,12.0,Loyal Customers,0,2026-03-30
C05449,United States,47,Male,Gold,2024-10-23,366.0,2.0,239.85,3.0,3.0,2.0,8.0,Loyal Customers,0,2026-03-30
C05450,Canada,53,Male,Free,2023-03-28,224.0,3.0,411.5,4.0,3.0,4.0,11.0,Loyal Customers,1,2026-03-30
C05451,Mexico,68,Female,Free,2026-03-25,2233.0,1.0,69.85,1.0,3.0,1.0,5.0,Regular,0,2026-03-30
C05452,United Kingdom,18,Male,Gold,2025-09-17,1327.0,1.0,91.51,1.0,3.0,1.0,5.0,Regular,0,2026-03-30
C05453,Singapore,22,Female,Free,2025-07-06,158.0,2.0,311.90000000000003,4.0,3.0,3.0,10.0,Loyal Customers,0,2026-03-30
C05454,United Kingdom,43,Male,Free,2025-09-23,142.0,3.0,470.44,5.0,3.0,4.0,12.0,Loyal Customers,0,2026-03-30
C05455,United Kingdom,43,Male,Free,2024-08-28,1012.0,1.0,51.13,2.0,3.0,1.0,6.0,Regular,0,2026-03-30
C05456,United States,36,Female,Free,2026-03-17,,,,,,,,No orders in window,0,2026-03-30
C05457,France,35,Male,Silver,2022-09-21,1213.0,5.0,554.8399999999999,1.0,3.0,4.0,8.0,At Risk,0,2026-03-30
C05458,India,22,Male,Free,2023-04-28,128.0,4.0,292.97,5.0,3.0,3.0,11.0,Loyal Customers,0,2026-03-30
C05459,India,33,Female,Free,2025-03-10,698.0,4.0,1017.79,2.0,3.0,5.0,10.0,At Risk,0,2026-03-30
C05460,France,39,Female,Free,2023-09-14,167.0,1.0,124.01,4.0,3.0,1.0,8.0,Loyal Customers,0,2026-03-30
C05461,Poland,39,Male,Gold,2025-11-02,621.0,4.0,485.05,3.0,3.0,4.0,10.0,Loyal Customers,0,2026-03-30
C05462,United States,38,Male,Silver,2023-05-09,565.0,2.0,61.02,3.0,3.0,1.0,7.0,Loyal Customers,0,2026-03-30
C05463,United States,48,Female,Free,2022-11-15,431.0,3.0,272.23,3.0,3.0,3.0,9.0,Loyal Customers,0,2026-03-30
C05464,Japan,55,Female,Free,2025-01-31,778.0,5.0,415.09,2.0,3.0,4.0,9.0,At Risk,0,2026-03-30
C05465,United States,31,Female,Free,2025-12-06,403.0,4.0,262.25,3.0,3.0,3.0,9.0,Loyal Customers,0,2026-03-30
C05466,Mexico,39,Male,Free,2024-12-07,786.0,2.0,165.88,2.0,3.0,2.0,7.0,Regular,0,2026-03-30
C05467,United Kingdom,36,Male,Free,2024-04-17,1524.0,2.0,148.51,1.0,3.0,2.0,6.0,Regular,0,2026-03-30
C05468,South Africa,50,Female,Free,2025-12-24,130.0,6.0,601.37,5.0,3.0,4.0,12.0,Loyal Customers,0,2026-03-30
C05469,United States,31,Female,Free,2022-06-08,60.0,5.0,462.09,5.0,3.0,4.0,12.0,Loyal Customers,0,2026-03-30
C05470,France,27,Female,Free,2025-10-28,1100.0,4.0,317.37,1.0,3.0,3.0,7.0,At Risk,0,2026-03-30
C05471,Brazil,56,Male,Platinum,2024-09-01,,,,,,,,No orders in window,0,2026-03-30
C05472,United States,27,Other,Free,2024-12-09,2090.0,1.0,204.11,1.0,3.0,2.0,6.0,Regular,0,2026-03-30
C05473,Netherlands,35,Female,Silver,2025-11-29,74.0,5.0,751.37,5.0,3.0,5.0,13.0,Loyal Customers,0,2026-03-30
C05474,United Kingdom,19,Female,Free,2023-10-01,1396.0,1.0,328.83,1.0,3.0,3.0,7.0,At Risk,0,2026-03-30
C05475,Uae,18,Female,Free,2021-03-23,84.0,5.0,361.05,5.0,3.0,3.0,11.0,Loyal Customers,0,2026-03-30
C05476,United States,26,Female,Silver,2025-08-10,349.0,2.0,266.62,3.0,3.0,3.0,9.0,Loyal Customers,0,2026-03-30
C05477,United States,18,Male,Silver,2024-10-21,1708.0,2.0,76.6,1.0,3.0,1.0,5.0,Regular,0,2026-03-30
C05478,Canada,44,Male,Free,2025-04-25,1145.0,2.0,181.08,1.0,3.0,2.0,6.0,Regular,0,2026-03-30
C05479,United States,46,Male,Free,2025-12-07,142.0,4.0,256.54,5.0,3.0,2.0,10.0,Loyal Customers,0,2026-03-30
C05480,Germany,61,Female,Free,2024-12-21,1621.0,1.0,35.89,1.0,3.0,1.0,5.0,Regular,0,2026-03-30
C05481,United States,32,Female,Free,2023-08-23,409.0,4.0,642.58,3.0,3.0,5.0,11.0,Loyal Customers,0,2026-03-30
C05482,United States,57,Male,Free,2026-01-12,1687.0,1.0,90.32,1.0,3.0,1.0,5.0,Regular,0,2026-03-30
C05483,United States,52,Male,Free,2023-12-01,576.0,2.0,150.66,3.0,3.0,2.0,8.0,Loyal Customers,0,2026-03-30
C05484,United Kingdom,18,Male,Free,2025-02-09,1308.0,2.0,131.31,1.0,3.0,1.0,5.0,Regular,0,2026-03-30
C05485,United States,36,Male,Free,2023-09-16,781.0,2.0,46.19,2.0,3.0,1.0,6.0,Regular,0,2026-03-30
C05486,France,42,Female,Gold,2023-04-19,291.0,4.0,535.65,4.0,3.0,4.0,11.0,Loyal Customers,0,2026-03-30
C05487,United States,18,Male,Silver,2025-04-01,649.0,2.0,49.02,2.0,3.0,1.0,6.0,Regular,0,2026-03-30
C05488,France,50,Female,Gold,2024-11-17,365.0,5.0,726.45,3.0,3.0,5.0,11.0,Loyal Customers,0,2026-03-30
C05489,Singapore,34,Other,Free,2025-09-16,157.0,3.0,145.43,4.0,3.0,2.0,9.0,Loyal Customers,0,2026-03-30
C05490,United States,42,Male,Free,2024-07-27,92.0,4.0,729.57,5.0,3.0,5.0,13.0,Loyal Customers,0,2026-03-30
C05491,United States,39,Female,Platinum,2025-07-23,98.0,2.0,462.56,5.0,3.0,4.0,12.0,Loyal Customers,0,2026-03-30
C05492,United Kingdom,18,Male,Free,2023-04-24,180.0,5.0,397.4,4.0,3.0,3.0,10.0,Loyal Customers,0,2026-03-30
C05493,India,28,Male,Silver,2025-06-14,573.0,2.0,277.77,3.0,3.0,3.0,9.0,Loyal Customers,0,2026-03-30
C05494,United States,38,Female,Free,2023-05-03,913.0,4.0,394.37,2.0,3.0,3.0,8.0,At Risk,0,2026-03-30
C05495,Germany,20,Female,Free,2021-02-17,400.0,4.0,619.04,3.0,3.0,4.0,10.0,Loyal Customers,0,2026-03-30
C05496,United Kingdom,35,Female,Free,2025-08-15,638.0,2.0,374.89,2.0,3.0,3.0,8.0,At Risk,0,2026-03-30
C05497,Brazil,41,Female,Free,2023-10-01,274.0,2.0,439.09,4.0,3.0,4.0,11.0,Loyal Customers,0,2026-03-30
C05498,Netherlands,18,Female,Silver,2024-12-31,36.0,5.0,453.4,5.0,3.0,4.0,12.0,Loyal Customers,0,2026-03-30
C05499,Germany,41,Other,Free,2025-11-17,65.0,3.0,170.87,5.0,3.0,2.0,10.0,Loyal Customers,0,2026-03-30
C05500,Spain,31,Female,Free,2025-08-30,882.0,2.0,197.68,2.0,3.0,2.0,7.0,Regular,0,2026-03-30
C05501,Japan,18,Male,Silver,2018-08-04,747.0,2.0,960.44,2.0,3.0,5.0,10.0,At Risk,0,2026-03-30
C05502,Canada,46,Female,Gold,2024-09-26,262.0,5.0,352.97,4.0,3.0,3.0,10.0,Loyal Customers,0,2026-03-30
C05503,United States,34,Female,Silver,2016-03-30,1877.0,1.0,129.86,1.0,3.0,1.0,5.0,Regular,0,2026-03-30
C05504,India,44,Male,Silver,2024-06-13,161.0,6.0,597.08,4.0,3.0,4.0,11.0,Loyal Customers,0,2026-03-30
C05505,Brazil,36,Female,Free,2023-08-14,545.0,7.0,324.68,3.0,3.0,3.0,9.0,Loyal Customers,0,2026-03-30
C05506,United States,45,Male,Free,2025-09-02,,,,,,,,No orders in window,0,2026-03-30
C05507,United Kingdom,57,Female,Silver,2026-03-16,190.0,5.0,962.1,4.0,3.0,5.0,12.0,Loyal Customers,0,2026-03-30
C05508,United States,39,Male,Gold,2025-08-29,1146.0,3.0,93.5,1.0,3.0,1.0,5.0,Regular,0,2026-03-30
C05509,United Kingdom,31,Male,Silver,2025-12-09,134.0,4.0,316.15,5.0,3.0,3.0,11.0,Loyal Customers,0,2026-03-30
C05510,Singapore,35,Female,Gold,2021-08-09,1191.0,3.0,280.68,1.0,3.0,3.0,7.0,At Risk,0,2026-03-30
C05511,United States,18,Male,Free,2026-03-11,516.0,1.0,43.76,3.0,3.0,1.0,7.0,Loyal Customers,0,2026-03-30
C05512,Germany,20,Male,Silver,2025-02-10,437.0,3.0,227.36,3.0,3.0,2.0,8.0,Loyal Customers,0,2026-03-30
C05513,Australia,44,Female,Free,2023-08-10,681.0,2.0,226.51,2.0,3.0,2.0,7.0,Regular,0,2026-03-30
C05514,France,33,Female,Silver,2026-03-17,966.0,5.0,691.75,2.0,3.0,5.0,10.0,At Risk,0,2026-03-30
C05515,Germany,35,Male,Free,2025-03-25,286.0,4.0,504.19,4.0,3.0,4.0,11.0,Loyal Customers,0,2026-03-30
C05516,United States,70,Female,Silver,2024-02-24,171.0,3.0,370.88,4.0,3.0,3.0,10.0,Loyal Customers,0,2026-03-30
C05517,India,21,Male,Silver,2025-11-29,,,,,,,,No orders in window,0,2026-03-30
C05518,Italy,34,Female,Gold,2026-01-05,,,,,,,,No orders in window,0,2026-03-30
C05519,United States,28,Female,Free,2024-07-03,389.0,3.0,246.34,3.0,3.0,2.0,8.0,Loyal Customers,0,2026-03-30
C05520,Mexico,34,Male,Free,2024-07-08,1406.0,2.0,150.55,1.0,3.0,2.0,6.0,Regular,0,2026-03-30
C05521,India,29,Male,Free,2026-02-27,1298.0,2.0,334.45,1.0,3.0,3.0,7.0,At Risk,0,2026-03-30
C05522,United States,47,Female,Free,2026-03-27,280.0,7.0,501.38,4.0,3.0,4.0,11.0,Loyal Customers,0,2026-03-30
C05523,Mexico,24,Male,Free,2021-07-02,1250.0,2.0,152.72,1.0,3.0,2.0,6.0,Regular,0,2026-03-30
C05524,Germany,24,Male,Silver,2023-10-23,144.0,6.0,792.74,5.0,3.0,5.0,13.0,Loyal Customers,0,2026-03-30
C05525,United Kingdom,46,Male,Gold,2023-05-22,462.0,2.0,351.85,3.0,3.0,3.0,9.0,Loyal Customers,0,2026-03-30
C05526,India,21,Male,Gold,2024-06-26,437.0,2.0,334.09,3.0,3.0,3.0,9.0,Loyal Customers,0,2026-03-30
C05527,United Kingdom,37,Female,Gold,2025-09-20,1633.0,3.0,250.88,1.0,3.0,2.0,6.0,Regular,0,2026-03-30
C05528,United States,23,Female,Free,2022-02-08,313.0,1.0,21.47,4.0,3.0,1.0,8.0,Loyal Customers,0,2026-03-30
C05529,United States,35,Female,Free,2024-12-31,72.0,3.0,297.65,5.0,3.0,3.0,11.0,Loyal Customers,0,2026-03-30
C05530,Singapore,53,Female,Free,2024-01-07,110.0,3.0,853.1600000000001,5.0,3.0,5.0,13.0,Loyal Customers,0,2026-03-30
C05531,United States,18,Female,Free,2026-03-26,422.0,3.0,1000.69,3.0,3.0,5.0,11.0,Loyal Customers,0,2026-03-30
C05532,South Korea,32,Male,Gold,2024-11-02,565.0,2.0,250.33,3.0,3.0,2.0,8.0,Loyal Customers,0,2026-03-30
C05533,United States,40,Female,Platinum,2022-05-23,555.0,3.0,457.38,3.0,3.0,4.0,10.0,Loyal Customers,0,2026-03-30
C05534,Germany,24,Male,Free,2025-10-30,442.0,3.0,421.21,3.0,3.0,4.0,10.0,Loyal Customers,0,2026-03-30
C05535,United States,45,Female,Free,2024-05-04,295.0,1.0,49.52,4.0,3.0,1.0,8.0,Loyal Customers,1,2026-03-30
C05536,United States,24,Male,Gold,2026-03-19,8.0,2.0,324.84000000000003,5.0,3.0,3.0,11.0,Loyal Customers,0,2026-03-30
C05537,Australia,29,Male,Free,2025-07-03,853.0,4.0,234.74,2.0,3.0,2.0,7.0,Regular,0,2026-03-30
C05538,Canada,27,Male,Platinum,2025-08-31,1271.0,2.0,128.69,1.0,3.0,1.0,5.0,Regular,0,2026-03-30
C05539,Spain,44,Female,Free,2025-02-05,1382.0,5.0,858.61,1.0,3.0,5.0,9.0,At Risk,1,2026-03-30
C05540,United States,44,Male,Gold,2023-12-21,1608.0,1.0,123.25,1.0,3.0,1.0,5.0,Regular,0,2026-03-30
C05541,Germany,52,Female,Gold,2025-08-29,156.0,5.0,539.31,4.0,3.0,4.0,11.0,Loyal Customers,0,2026-03-30
C05542,United States,21,Male,Free,2022-06-04,45.0,3.0,779.38,5.0,3.0,5.0,13.0,Loyal Customers,0,2026-03-30
C05543,United Kingdom,26,Female,Free,2024-08-31,214.0,4.0,447.29,4.0,3.0,4.0,11.0,Loyal Customers,0,2026-03-30
C05544,United Kingdom,18,Male,Free,2025-01-25,114.0,4.0,482.2,5.0,3.0,4.0,12.0,Loyal Customers,0,2026-03-30
C05545,Brazil,45,Female,Free,2022-07-30,11.0,2.0,311.18,5.0,3.0,3.0,11.0,Loyal Customers,0,2026-03-30
C05546,United Kingdom,55,Female,Silver,2026-03-13,169.0,3.0,392.8200000000001,4.0,3.0,3.0,10.0,Loyal Customers,0,2026-03-30
C05547,Germany,37,Male,Free,2025-07-15,348.0,4.0,471.99,4.0,3.0,4.0,11.0,Loyal Customers,0,2026-03-30
C05548,Japan,29,Other,Platinum,2025-09-12,208.0,2.0,129.75,4.0,3.0,1.0,8.0,Loyal Customers,0,2026-03-30
C05549,United States,42,Female,Free,2024-07-04,423.0,4.0,459.76,3.0,3.0,4.0,10.0,Loyal Customers,0,2026-03-30
C05550,France,18,Male,Silver,2022-09-15,107.0,3.0,220.48,5.0,3.0,2.0,10.0,Loyal Customers,0,2026-03-30
C05551,India,19,Female,Silver,2022-12-28,368.0,3.0,394.07,3.0,3.0,3.0,9.0,Loyal Customers,0,2026-03-30
C05552,India,36,Male,Free,2025-06-27,645.0,3.0,1809.49,2.0,3.0,5.0,10.0,At Risk,0,2026-03-30
C05553,United Kingdom,55,Female,Free,2024-08-24,146.0,3.0,247.95,5.0,3.0,2.0,10.0,Loyal Customers,0,2026-03-30
C05554,Spain,38,Female,Free,2026-03-29,593.0,4.0,427.99,3.0,3.0,4.0,10.0,Loyal Customers,0,2026-03-30
C05555,Poland,38,Male,Platinum,2025-06-23,773.0,4.0,903.55,2.0,3.0,5.0,10.0,At Risk,0,2026-03-30
C05556,France,39,Female,Free,2025-03-19,1904.0,1.0,95.82,1.0,3.0,1.0,5.0,Regular,1,2026-03-30
C05557,Germany,44,Male,Free,2020-06-17,58.0,1.0,32.47,5.0,3.0,1.0,9.0,Loyal Customers,0,2026-03-30
C05558,France,42,Female,Free,2026-01-17,1972.0,1.0,49.02,1.0,3.0,1.0,5.0,Regular,0,2026-03-30
C05559,United States,41,Female,Silver,2025-12-11,728.0,1.0,73.48,2.0,3.0,1.0,6.0,Regular,0,2026-03-30
C05560,Italy,33,Female,Silver,2025-04-06,1260.0,4.0,369.27,1.0,3.0,3.0,7.0,At Risk,0,2026-03-30
C05561,Canada,38,Female,Silver,2025-09-09,516.0,4.0,960.19,3.0,3.0,5.0,11.0,Loyal Customers,0,2026-03-30
C05562,Germany,22,Female,Gold,2022-02-18,113.0,5.0,564.33,5.0,3.0,4.0,12.0,Loyal Customers,0,2026-03-30
C05563,United States,18,Male,Free,2025-09-11,204.0,5.0,511.17,4.0,3.0,4.0,11.0,Loyal Customers,0,2026-03-30
C05564,Japan,38,Male,Free,2025-04-18,143.0,1.0,19.19,5.0,3.0,1.0,9.0,Loyal Customers,0,2026-03-30
C05565,United States,24,Male,Free,2024-08-01,373.0,2.0,250.63,3.0,3.0,2.0,8.0,Loyal Customers,0,2026-03-30
C05566,India,26,Male,Free,2022-11-14,1051.0,2.0,56.7,2.0,3.0,1.0,6.0,Regular,0,2026-03-30
C05567,India,37,Female,Free,2025-12-09,231.0,2.0,104.61,4.0,3.0,1.0,8.0,Loyal Customers,0,2026-03-30
C05568,United States,22,Female,Gold,2026-03-10,64.0,1.0,330.2,5.0,3.0,3.0,11.0,Loyal Customers,0,2026-03-30
C05569,Canada,36,Female,Gold,2025-11-25,59.0,5.0,779.4,5.0,3.0,5.0,13.0,Loyal Customers,0,2026-03-30
C05570,United Kingdom,18,Male,Gold,2021-11-22,1277.0,2.0,357.06,1.0,3.0,3.0,7.0,At Risk,0,2026-03-30
C05571,Germany,44,Male,Silver,2026-02-04,557.0,4.0,488.7600000000001,3.0,3.0,4.0,10.0,Loyal Customers,0,2026-03-30
C05572,United Kingdom,47,Female,Free,2023-10-06,826.0,2.0,193.04,2.0,3.0,2.0,7.0,Regular,0,2026-03-30
C05573,Brazil,43,Male,Silver,2024-05-24,1889.0,3.0,232.71,1.0,3.0,2.0,6.0,Regular,0,2026-03-30
C05574,Canada,44,Male,Silver,2024-05-23,77.0,5.0,969.89,5.0,3.0,5.0,13.0,Loyal Customers,0,2026-03-30
C05575,France,31,Female,Silver,2023-12-20,59.0,8.0,2261.17,5.0,3.0,5.0,13.0,Loyal Customers,0,2026-03-30
C05576,United States,46,Female,Silver,2025-10-17,537.0,2.0,57.83,3.0,3.0,1.0,7.0,Loyal Customers,0,2026-03-30
C05577,Spain,28,Female,Silver,2023-06-25,440.0,2.0,163.22,3.0,3.0,2.0,8.0,Loyal Customers,0,2026-03-30
C05578,Canada,29,Male,Free,2026-03-28,71.0,4.0,456.35,5.0,3.0,4.0,12.0,Loyal Customers,0,2026-03-30
C05579,United States,24,Female,Silver,2023-03-22,655.0,2.0,110.23,2.0,3.0,1.0,6.0,Regular,0,2026-03-30
C05580,Germany,32,Female,Free,2025-11-16,205.0,6.0,860.8399999999999,4.0,3.0,5.0,12.0,Loyal Customers,0,2026-03-30
C05581,United States,49,Female,Gold,2024-02-12,573.0,5.0,371.2,3.0,3.0,3.0,9.0,Loyal Customers,0,2026-03-30
C05582,United Kingdom,31,Female,Free,2026-03-08,1135.0,3.0,316.23,1.0,3.0,3.0,7.0,At Risk,0,2026-03-30
C05583,Australia,32,Female,Free,2025-05-20,204.0,2.0,360.03000000000003,4.0,3.0,3.0,10.0,Loyal Customers,0,2026-03-30
C05584,United States,30,Female,Silver,2023-08-01,35.0,3.0,81.0,5.0,3.0,1.0,9.0,Loyal Customers,0,2026-03-30
C05585,United States,23,Female,Free,2025-06-05,45.0,1.0,113.0,5.0,3.0,1.0,9.0,Loyal Customers,0,2026-03-30
C05586,United States,23,Female,Free,2022-10-24,350.0,4.0,381.34,3.0,3.0,3.0,9.0,Loyal Customers,0,2026-03-30
C05587,Japan,46,Male,Gold,2025-06-14,398.0,1.0,25.97,3.0,3.0,1.0,7.0,Loyal Customers,0,2026-03-30
C05588,South Korea,40,Female,Free,2022-05-05,537.0,1.0,80.91,3.0,3.0,1.0,7.0,Loyal Customers,0,2026-03-30
C05589,United Kingdom,18,Female,Gold,2025-01-14,506.0,2.0,311.63,3.0,3.0,3.0,9.0,Loyal Customers,0,2026-03-30
C05590,United Kingdom,38,Female,Gold,2025-06-24,544.0,2.0,87.00999999999999,3.0,3.0,1.0,7.0,Loyal Customers,0,2026-03-30
C05591,United States,25,Female,Silver,2025-11-08,196.0,5.0,349.92,4.0,3.0,3.0,10.0,Loyal Customers,0,2026-03-30
C05592,United States,18,Male,Silver,2026-03-30,1543.0,1.0,47.04,1.0,3.0,1.0,5.0,Regular,0,2026-03-30
C05593,United States,19,Male,Gold,2024-12-04,679.0,4.0,670.89,2.0,3.0,5.0,10.0,At Risk,0,2026-03-30
C05594,United States,18,Female,Free,2022-10-23,211.0,4.0,310.05,4.0,3.0,3.0,10.0,Loyal Customers,0,2026-03-30
C05595,France,48,Female,Gold,2025-03-18,640.0,4.0,379.81,2.0,3.0,3.0,8.0,At Risk,0,2026-03-30
C05596,France,43,Female,Gold,2026-03-14,2075.0,1.0,65.38,1.0,3.0,1.0,5.0,Regular,0,2026-03-30
C05597,United States,18,Female,Gold,2025-09-13,293.0,1.0,22.81,4.0,3.0,1.0,8.0,Loyal Customers,0,2026-03-30
C05598,United States,25,Other,Gold,2026-01-01,898.0,2.0,254.27,2.0,3.0,2.0,7.0,Regular,0,2026-03-30
C05599,Sweden,41,Male,Platinum,2022-09-08,263.0,4.0,317.14,4.0,3.0,3.0,10.0,Loyal Customers,0,2026-03-30
C05600,India,57,Female,Silver,2025-11-23,654.0,4.0,734.7700000000001,2.0,3.0,5.0,10.0,At Risk,0,2026-03-30
C05601,United States,38,Female,Free,2026-01-14,64.0,6.0,798.74,5.0,3.0,5.0,13.0,Loyal Customers,1,2026-03-30
C05602,India,42,Male,Gold,2024-02-14,913.0,6.0,516.14,2.0,3.0,4.0,9.0,At Risk,0,2026-03-30
C05603,United States,40,Female,Free,2025-10-31,684.0,2.0,116.01,2.0,3.0,1.0,6.0,Regular,0,2026-03-30
C05604,France,30,Male,Free,2025-06-14,948.0,1.0,97.59,2.0,3.0,1.0,6.0,Regular,0,2026-03-30
C05605,Netherlands,40,Male,Silver,2025-09-17,486.0,5.0,357.26,3.0,3.0,3.0,9.0,Loyal Customers,0,2026-03-30
C05606,United States,37,Male,Silver,2025-10-25,1011.0,2.0,883.61,2.0,3.0,5.0,10.0,At Risk,1,2026-03-30
C05607,Germany,23,Male,Free,2025-04-02,1313.0,1.0,97.77,1.0,3.0,1.0,5.0,Regular,0,2026-03-30
C05608,Singapore,42,Male,Free,2026-02-26,1341.0,2.0,726.08,1.0,3.0,5.0,9.0,At Risk,0,2026-03-30
C05609,Japan,25,Female,Silver,2025-10-29,1340.0,2.0,83.64,1.0,3.0,1.0,5.0,Regular,0,2026-03-30
C05610,France,46,Male,Silver,2025-01-01,133.0,8.0,334.77,5.0,3.0,3.0,11.0,Loyal Customers,0,2026-03-30
C05611,United States,42,Female,Free,2025-09-15,313.0,6.0,611.36,4.0,3.0,4.0,11.0,Loyal Customers,0,2026-03-30
C05612,United States,47,Female,Free,2026-03-03,617.0,2.0,621.5,3.0,3.0,4.0,10.0,Loyal Customers,0,2026-03-30
C05613,United States,32,Female,Free,2025-04-01,1485.0,2.0,175.55,1.0,3.0,2.0,6.0,Regular,0,2026-03-30
C05614,United States,25,Female,Free,2024-10-14,15.0,4.0,207.41,5.0,3.0,2.0,10.0,Loyal Customers,0,2026-03-30
C05615,Uae,41,Male,Platinum,2025-11-06,563.0,3.0,501.35,3.0,3.0,4.0,10.0,Loyal Customers,0,2026-03-30
C05616,United States,48,Male,Free,2024-06-15,828.0,1.0,112.48,2.0,3.0,1.0,6.0,Regular,0,2026-03-30
C05617,United States,30,Male,Free,2021-08-10,283.0,8.0,901.31,4.0,3.0,5.0,12.0,Loyal Customers,0,2026-03-30
C05618,France,32,Female,Silver,2025-10-30,1309.0,2.0,71.16,1.0,3.0,1.0,5.0,Regular,0,2026-03-30
C05619,Canada,33,Male,Free,2025-10-26,324.0,3.0,353.14,4.0,3.0,3.0,10.0,Loyal Customers,0,2026-03-30
C05620,Sweden,56,Female,Silver,2025-03-27,855.0,2.0,108.36,2.0,3.0,1.0,6.0,Regular,0,2026-03-30
C05621,United States,32,Female,Gold,2025-09-05,702.0,4.0,285.76,2.0,3.0,3.0,8.0,At Risk,0,2026-03-30
C05622,South Korea,37,Female,Free,2025-03-17,766.0,2.0,126.5,2.0,3.0,1.0,6.0,Regular,0,2026-03-30
C05623,United States,43,Male,Free,2025-09-30,810.0,4.0,332.54,2.0,3.0,3.0,8.0,At Risk,0,2026-03-30
C05624,Mexico,50,Male,Gold,2026-01-15,293.0,5.0,910.3,4.0,3.0,5.0,12.0,Loyal Customers,0,2026-03-30
C05625,Italy,39,Female,Free,2025-02-05,555.0,7.0,1160.84,3.0,3.0,5.0,11.0,Loyal Customers,1,2026-03-30
C05626,United States,55,Male,Free,2025-01-17,75.0,3.0,186.88,5.0,3.0,2.0,10.0,Loyal Customers,0,2026-03-30
C05627,United States,51,Female,Free,2023-10-23,16.0,2.0,204.43,5.0,3.0,2.0,10.0,Loyal Customers,0,2026-03-30
C05628,India,53,Male,Platinum,2024-06-15,329.0,4.0,395.95,4.0,3.0,3.0,10.0,Loyal Customers,0,2026-03-30
C05629,United Kingdom,34,Other,Free,2024-12-15,239.0,2.0,43.61,4.0,3.0,1.0,8.0,Loyal Customers,0,2026-03-30
C05630,United Kingdom,45,Female,Gold,2024-05-30,42.0,2.0,191.74,5.0,3.0,2.0,10.0,Loyal Customers,0,2026-03-30
C05631,South Africa,29,Female,Silver,2021-12-09,115.0,2.0,215.96,5.0,3.0,2.0,10.0,Loyal Customers,0,2026-03-30
C05632,United States,59,Male,Gold,2024-07-13,944.0,2.0,212.64,2.0,3.0,2.0,7.0,Regular,0,2026-03-30
C05633,Australia,39,Male,Platinum,2026-01-25,1886.0,1.0,51.23,1.0,3.0,1.0,5.0,Regular,0,2026-03-30
C05634,India,44,Female,Free,2026-03-01,11.0,4.0,318.6,5.0,3.0,3.0,11.0,Loyal Customers,0,2026-03-30
C05635,Japan,25,Male,Free,2019-09-03,269.0,5.0,415.63,4.0,3.0,4.0,11.0,Loyal Customers,0,2026-03-30
C05636,Italy,33,Male,Free,2022-06-25,229.0,5.0,492.79,4.0,3.0,4.0,11.0,Loyal Customers,1,2026-03-30
C05637,Canada,19,Male,Free,2024-12-18,590.0,4.0,611.0,3.0,3.0,4.0,10.0,Loyal Customers,0,2026-03-30
C05638,Italy,51,Female,Free,2025-06-09,221.0,1.0,48.85,4.0,3.0,1.0,8.0,Loyal Customers,0,2026-03-30
C05639,United States,22,Female,Free,2026-02-20,768.0,4.0,328.54,2.0,3.0,3.0,8.0,At Risk,0,2026-03-30
C05640,United States,57,Female,Free,2023-10-12,621.0,3.0,559.49,3.0,3.0,4.0,10.0,Loyal Customers,0,2026-03-30
C05641,Netherlands,57,Female,Silver,2024-11-13,1849.0,1.0,47.86,1.0,3.0,1.0,5.0,Regular,0,2026-03-30
C05642,United States,28,Male,Free,2025-08-15,960.0,5.0,317.4,2.0,3.0,3.0,8.0,At Risk,0,2026-03-30
C05643,United States,30,Female,Free,2025-07-01,864.0,5.0,905.05,2.0,3.0,5.0,10.0,At Risk,0,2026-03-30
C05644,United Kingdom,44,Female,Free,2021-08-19,527.0,3.0,377.74,3.0,3.0,3.0,9.0,Loyal Customers,0,2026-03-30
C05645,Japan,47,Female,Free,2025-10-02,2073.0,1.0,24.12,1.0,3.0,1.0,5.0,Regular,0,2026-03-30
C05646,India,45,Female,Gold,2023-10-19,563.0,4.0,229.26,3.0,3.0,2.0,8.0,Loyal Customers,0,2026-03-30
C05647,United States,48,Female,Silver,2025-04-12,395.0,4.0,300.29,3.0,3.0,3.0,9.0,Loyal Customers,0,2026-03-30
C05648,India,50,Male,Silver,2025-09-20,27.0,6.0,1376.54,5.0,3.0,5.0,13.0,Loyal Customers,0,2026-03-30
C05649,United States,36,Male,Free,2023-06-23,728.0,4.0,417.45,2.0,3.0,4.0,9.0,At Risk,0,2026-03-30
C05650,Germany,30,Male,Gold,2023-04-25,857.0,3.0,168.82999999999998,2.0,3.0,2.0,7.0,Regular,0,2026-03-30
C05651,Netherlands,18,Male,Silver,2022-09-10,1899.0,1.0,82.69,1.0,3.0,1.0,5.0,Regular,0,2026-03-30
C05652,Germany,55,Male,Free,2026-02-09,325.0,4.0,427.24,4.0,3.0,4.0,11.0,Loyal Customers,1,2026-03-30
C05653,United States,53,Female,Free,2025-02-28,1154.0,1.0,351.74,1.0,3.0,3.0,7.0,At Risk,0,2026-03-30
C05654,Brazil,20,Male,Silver,2025-09-05,712.0,1.0,30.93,2.0,3.0,1.0,6.0,Regular,0,2026-03-30
C05655,United States,31,Male,Free,2025-11-16,94.0,1.0,93.94,5.0,3.0,1.0,9.0,Loyal Customers,0,2026-03-30
C05656,Australia,29,Male,Silver,2024-01-10,221.0,4.0,577.39,4.0,3.0,4.0,11.0,Loyal Customers,0,2026-03-30
C05657,United States,24,Male,Free,2025-08-08,1174.0,4.0,200.11,1.0,3.0,2.0,6.0,Regular,0,2026-03-30
C05658,Australia,40,Male,Silver,2025-12-02,506.0,3.0,495.7,3.0,3.0,4.0,10.0,Loyal Customers,0,2026-03-30
C05659,United Kingdom,27,Female,Silver,2025-08-20,251.0,6.0,2281.44,4.0,3.0,5.0,12.0,Loyal Customers,0,2026-03-30
C05660,Japan,24,Male,Gold,2026-03-19,544.0,3.0,206.31,3.0,3.0,2.0,8.0,Loyal Customers,0,2026-03-30
C05661,Australia,34,Male,Silver,2024-07-29,,,,,,,,No orders in window,1,2026-03-30
C05662,Poland,35,Female,Free,2020-10-04,769.0,1.0,188.98,2.0,3.0,2.0,7.0,Regular,0,2026-03-30
C05663,United Kingdom,40,Male,Free,2024-07-11,669.0,2.0,86.85,2.0,3.0,1.0,6.0,Regular,0,2026-03-30
C05664,Italy,55,Male,Free,2022-02-25,160.0,6.0,424.95,4.0,3.0,4.0,11.0,Loyal Customers,0,2026-03-30
C05665,South Korea,19,Male,Free,2026-02-05,316.0,1.0,196.8,4.0,3.0,2.0,9.0,Loyal Customers,0,2026-03-30
C05666,United Kingdom,32,Female,Free,2025-12-17,79.0,4.0,685.05,5.0,3.0,5.0,13.0,Loyal Customers,0,2026-03-30
C05667,United States,18,Female,Free,2026-03-27,1201.0,4.0,1438.11,1.0,3.0,5.0,9.0,At Risk,1,2026-03-30
C05668,Poland,43,Female,Free,2025-10-18,170.0,5.0,1037.56,4.0,3.0,5.0,12.0,Loyal Customers,0,2026-03-30
C05669,Germany,38,Male,Silver,2018-07-24,360.0,3.0,513.5,3.0,3.0,4.0,10.0,Loyal Customers,0,2026-03-30
C05670,United States,18,Male,Silver,2024-09-14,688.0,3.0,1200.59,2.0,3.0,5.0,10.0,At Risk,0,2026-03-30
C05671,India,25,Male,Free,2025-10-24,319.0,7.0,1016.47,4.0,3.0,5.0,12.0,Loyal Customers,0,2026-03-30
C05672,Italy,38,Female,Silver,2023-09-16,1303.0,2.0,89.17,1.0,3.0,1.0,5.0,Regular,0,2026-03-30
C05673,United States,18,Male,Gold,2026-02-03,,,,,,,,No orders in window,0,2026-03-30
C05674,Germany,32,Male,Free,2024-12-15,681.0,1.0,173.31,2.0,3.0,2.0,7.0,Regular,0,2026-03-30
C05675,Canada,29,Female,Silver,2025-10-01,950.0,4.0,210.87,2.0,3.0,2.0,7.0,Regular,0,2026-03-30
C05676,United Kingdom,43,Female,Free,2026-02-02,640.0,4.0,305.35,2.0,3.0,3.0,8.0,At Risk,0,2026-03-30
C05677,Turkey,37,Other,Free,2026-01-10,280.0,5.0,792.48,4.0,3.0,5.0,12.0,Loyal Customers,1,2026-03-30
C05678,Uae,56,Female,Gold,2022-10-22,168.0,6.0,794.93,4.0,3.0,5.0,12.0,Loyal Customers,0,2026-03-30
C05679,Turkey,24,Male,Free,2024-06-30,2213.0,1.0,103.98,1.0,3.0,1.0,5.0,Regular,0,2026-03-30
C05680,France,48,Female,Platinum,2025-06-15,484.0,4.0,180.64,3.0,3.0,2.0,8.0,Loyal Customers,0,2026-03-30
C05681,France,55,Male,Free,2018-10-14,1219.0,1.0,116.57,1.0,3.0,1.0,5.0,Regular,0,2026-03-30
C05682,United States,34,Female,Free,2024-12-20,782.0,1.0,149.49,2.0,3.0,2.0,7.0,Regular,0,2026-03-30
C05683,India,41,Male,Free,2024-09-16,1030.0,5.0,256.71000000000004,2.0,3.0,2.0,7.0,Regular,0,2026-03-30
C05684,Australia,51,Male,Free,2024-09-12,231.0,4.0,693.73,4.0,3.0,5.0,12.0,Loyal Customers,0,2026-03-30
C05685,France,22,Male,Free,2025-01-04,666.0,4.0,846.77,2.0,3.0,5.0,10.0,At Risk,0,2026-03-30
C05686,France,36,Female,Free,2023-04-12,242.0,4.0,182.45,4.0,3.0,2.0,9.0,Loyal Customers,0,2026-03-30
C05687,Japan,33,Female,Free,2024-12-27,555.0,4.0,593.77,3.0,3.0,4.0,10.0,Loyal Customers,0,2026-03-30
C05688,United States,29,Female,Free,2024-03-11,470.0,4.0,681.03,3.0,3.0,5.0,11.0,Loyal Customers,1,2026-03-30
C05689,United States,34,Male,Free,2024-01-21,409.0,4.0,456.47,3.0,3.0,4.0,10.0,Loyal Customers,0,2026-03-30
C05690,India,58,Male,Free,2023-07-06,1785.0,5.0,233.59,1.0,3.0,2.0,6.0,Regular,1,2026-03-30
C05691,Australia,37,Male,Silver,2026-02-13,1079.0,3.0,285.13,1.0,3.0,3.0,7.0,At Risk,0,2026-03-30
C05692,United States,33,Male,Free,2023-09-09,152.0,5.0,1073.55,5.0,3.0,5.0,13.0,Loyal Customers,0,2026-03-30
C05693,France,23,Female,Gold,2024-07-18,718.0,4.0,190.77,2.0,3.0,2.0,7.0,Regular,0,2026-03-30
C05694,Spain,42,Female,Gold,2025-08-30,,,,,,,,No orders in window,0,2026-03-30
C05695,Brazil,33,Female,Free,2024-05-05,2052.0,1.0,114.14,1.0,3.0,1.0,5.0,Regular,0,2026-03-30
C05696,Germany,20,Female,Silver,2025-08-09,1368.0,2.0,230.4,1.0,3.0,2.0,6.0,Regular,0,2026-03-30
C05697,France,28,Male,Free,2026-02-27,441.0,2.0,161.83,3.0,3.0,2.0,8.0,Loyal Customers,0,2026-03-30
C05698,Germany,20,Female,Free,2024-12-27,331.0,5.0,1049.69,4.0,3.0,5.0,12.0,Loyal Customers,0,2026-03-30
C05699,United States,39,Male,Gold,2025-09-12,852.0,2.0,165.49,2.0,3.0,2.0,7.0,Regular,0,2026-03-30
C05700,India,18,Female,Free,2023-10-12,838.0,4.0,1146.81,2.0,3.0,5.0,10.0,At Risk,1,2026-03-30
C05701,United States,18,Male,Free,2025-06-01,199.0,3.0,142.52,4.0,3.0,2.0,9.0,Loyal Customers,0,2026-03-30
C05702,United Kingdom,18,Female,Free,2026-02-08,547.0,3.0,482.39,3.0,3.0,4.0,10.0,Loyal Customers,0,2026-03-30
C05703,United Kingdom,38,Female,Free,2025-06-22,73.0,2.0,96.89,5.0,3.0,1.0,9.0,Loyal Customers,0,2026-03-30
C05704,United States,49,Male,Free,2023-03-24,884.0,2.0,218.24,2.0,3.0,2.0,7.0,Regular,0,2026-03-30
C05705,Mexico,32,Male,Free,2024-07-27,70.0,2.0,240.16000000000005,5.0,3.0,2.0,10.0,Loyal Customers,0,2026-03-30
C05706,United States,34,Female,Free,2025-01-12,320.0,3.0,471.46,4.0,3.0,4.0,11.0,Loyal Customers,0,2026-03-30
C05707,Germany,36,Female,Free,2026-03-04,488.0,5.0,370.74,3.0,3.0,3.0,9.0,Loyal Customers,0,2026-03-30
C05708,United Kingdom,50,Male,Free,2021-11-06,131.0,5.0,590.66,5.0,3.0,4.0,12.0,Loyal Customers,0,2026-03-30
C05709,India,20,Female,Silver,2025-11-04,232.0,6.0,545.56,4.0,3.0,4.0,11.0,Loyal Customers,1,2026-03-30
C05710,Netherlands,24,Male,Silver,2021-02-09,1338.0,3.0,164.97,1.0,3.0,2.0,6.0,Regular,1,2026-03-30
C05711,United States,31,Male,Free,2025-11-01,234.0,3.0,232.29,4.0,3.0,2.0,9.0,Loyal Customers,0,2026-03-30
C05712,India,28,Male,Gold,2023-12-21,647.0,4.0,376.38,2.0,3.0,3.0,8.0,At Risk,0,2026-03-30
C05713,Canada,35,Male,Free,2026-03-04,1122.0,2.0,341.14000000000004,1.0,3.0,3.0,7.0,At Risk,0,2026-03-30
C05714,Australia,35,Female,Free,2026-03-09,208.0,4.0,243.64,4.0,3.0,2.0,9.0,Loyal Customers,1,2026-03-30
C05715,United States,39,Female,Silver,2025-12-12,209.0,2.0,185.87,4.0,3.0,2.0,9.0,Loyal Customers,0,2026-03-30
C05716,Brazil,18,Male,Platinum,2026-02-15,156.0,5.0,249.59,4.0,3.0,2.0,9.0,Loyal Customers,0,2026-03-30
C05717,United States,18,Female,Free,2022-12-04,730.0,2.0,599.2,2.0,3.0,4.0,9.0,At Risk,0,2026-03-30
C05718,France,24,Female,Free,2025-03-08,357.0,1.0,1060.67,3.0,3.0,5.0,11.0,Loyal Customers,0,2026-03-30
C05719,France,31,Female,Gold,2020-05-16,1276.0,3.0,324.92,1.0,3.0,3.0,7.0,At Risk,1,2026-03-30
C05720,Japan,54,Female,Platinum,2026-02-23,33.0,1.0,84.42,5.0,3.0,1.0,9.0,Loyal Customers,0,2026-03-30
C05721,Canada,18,Female,Platinum,2025-08-31,455.0,5.0,537.28,3.0,3.0,4.0,10.0,Loyal Customers,0,2026-03-30
C05722,India,20,Male,Free,2024-12-14,542.0,3.0,669.37,3.0,3.0,5.0,11.0,Loyal Customers,0,2026-03-30
C05723,United States,65,Male,Free,2024-02-09,206.0,3.0,269.33,4.0,3.0,3.0,10.0,Loyal Customers,0,2026-03-30
C05724,Mexico,34,Female,Free,2025-12-17,324.0,3.0,919.16,4.0,3.0,5.0,12.0,Loyal Customers,0,2026-03-30
C05725,Canada,29,Female,Silver,2023-09-27,269.0,3.0,222.88,4.0,3.0,2.0,9.0,Loyal Customers,1,2026-03-30
C05726,Australia,35,Male,Gold,2026-02-24,476.0,2.0,714.2099999999999,3.0,3.0,5.0,11.0,Loyal Customers,0,2026-03-30
C05727,United States,43,Male,Platinum,2026-03-24,1704.0,1.0,29.54,1.0,3.0,1.0,5.0,Regular,0,2026-03-30
C05728,India,47,Male,Free,2018-10-30,989.0,2.0,231.39,2.0,3.0,2.0,7.0,Regular,0,2026-03-30
C05729,United States,39,Male,Free,2026-02-23,47.0,3.0,355.11,5.0,3.0,3.0,11.0,Loyal Customers,1,2026-03-30
C05730,South Africa,62,Male,Silver,2024-06-13,1970.0,2.0,195.49,1.0,3.0,2.0,6.0,Regular,0,2026-03-30
C05731,United States,18,Female,Silver,2026-02-05,2159.0,1.0,72.95,1.0,3.0,1.0,5.0,Regular,0,2026-03-30
C05732,Mexico,19,Male,Free,2025-08-25,567.0,4.0,334.6,3.0,3.0,3.0,9.0,Loyal Customers,0,2026-03-30
C05733,South Korea,43,Male,Free,2025-09-30,230.0,6.0,745.22,4.0,3.0,5.0,12.0,Loyal Customers,0,2026-03-30
C05734,United States,50,Male,Free,2025-01-17,436.0,4.0,633.6600000000001,3.0,3.0,5.0,11.0,Loyal Customers,0,2026-03-30
C05735,Netherlands,30,Male,Free,2021-09-20,568.0,3.0,206.01,3.0,3.0,2.0,8.0,Loyal Customers,0,2026-03-30
C05736,Turkey,18,Female,Silver,2022-05-19,819.0,2.0,95.18,2.0,3.0,1.0,6.0,Regular,0,2026-03-30
C05737,United States,23,Other,Free,2025-02-05,1543.0,2.0,354.46000000000004,1.0,3.0,3.0,7.0,At Risk,0,2026-03-30
C05738,Germany,37,Male,Free,2026-02-21,785.0,3.0,145.69,2.0,3.0,2.0,7.0,Regular,0,2026-03-30
C05739,Mexico,35,Female,Free,2025-12-31,423.0,2.0,456.89,3.0,3.0,4.0,10.0,Loyal Customers,1,2026-03-30
C05740,Canada,33,Male,Silver,2025-01-22,,,,,,,,No orders in window,0,2026-03-30
C05741,United States,39,Female,Platinum,2024-09-15,798.0,3.0,294.88,2.0,3.0,3.0,8.0,At Risk,0,2026-03-30
C05742,Singapore,40,Male,Free,2026-02-18,259.0,3.0,111.66,4.0,3.0,1.0,8.0,Loyal Customers,0,2026-03-30
C05743,Spain,28,Male,Silver,2023-09-15,219.0,6.0,571.86,4.0,3.0,4.0,11.0,Loyal Customers,0,2026-03-30
C05744,United States,35,Female,Free,2023-10-31,701.0,3.0,129.07999999999998,2.0,3.0,1.0,6.0,Regular,0,2026-03-30
C05745,Germany,45,Female,Platinum,2024-11-03,783.0,2.0,174.07999999999998,2.0,3.0,2.0,7.0,Regular,0,2026-03-30
C05746,Germany,45,Male,Silver,2022-10-04,589.0,7.0,669.62,3.0,3.0,5.0,11.0,Loyal Customers,0,2026-03-30
C05747,India,27,Male,Platinum,2025-09-02,523.0,1.0,27.43,3.0,3.0,1.0,7.0,Loyal Customers,0,2026-03-30
C05748,United States,36,Female,Free,2024-02-04,500.0,4.0,272.56,3.0,3.0,3.0,9.0,Loyal Customers,1,2026-03-30
C05749,United Kingdom,46,Male,Silver,2025-04-10,,,,,,,,No orders in window,0,2026-03-30
C05750,France,39,Female,Free,2025-09-25,1726.0,2.0,256.81,1.0,3.0,2.0,6.0,Regular,1,2026-03-30
C05751,United States,32,Female,Gold,2025-08-02,1115.0,2.0,267.45,1.0,3.0,3.0,7.0,At Risk,0,2026-03-30
C05752,United Kingdom,45,Female,Platinum,2025-09-10,100.0,4.0,754.97,5.0,3.0,5.0,13.0,Loyal Customers,0,2026-03-30
C05753,United States,36,Male,Gold,2021-11-26,1078.0,4.0,475.71,1.0,3.0,4.0,8.0,At Risk,0,2026-03-30
C05754,United Kingdom,24,Female,Free,2025-11-07,1633.0,1.0,51.96,1.0,3.0,1.0,5.0,Regular,0,2026-03-30
C05755,France,32,Female,Free,2021-06-13,429.0,4.0,749.21,3.0,3.0,5.0,11.0,Loyal Customers,0,2026-03-30
C05756,United States,33,Male,Free,2026-01-24,194.0,2.0,529.36,4.0,3.0,4.0,11.0,Loyal Customers,0,2026-03-30
C05757,United States,18,Male,Gold,2024-11-16,,,,,,,,No orders in window,0,2026-03-30
C05758,United Kingdom,47,Male,Free,2021-01-17,11.0,6.0,303.01,5.0,3.0,3.0,11.0,Loyal Customers,0,2026-03-30
C05759,United States,27,Male,Silver,2025-03-07,424.0,4.0,123.24,3.0,3.0,1.0,7.0,Loyal Customers,0,2026-03-30
C05760,Italy,51,Female,Silver,2023-08-16,33.0,1.0,27.76,5.0,3.0,1.0,9.0,Loyal Customers,0,2026-03-30
C05761,United States,45,Female,Free,2025-09-23,325.0,2.0,62.870000000000005,4.0,3.0,1.0,8.0,Loyal Customers,1,2026-03-30
C05762,United States,35,Female,Free,2023-01-03,786.0,2.0,72.8,2.0,3.0,1.0,6.0,Regular,0,2026-03-30
C05763,Netherlands,42,Female,Silver,2025-04-10,41.0,4.0,700.31,5.0,3.0,5.0,13.0,Loyal Customers,0,2026-03-30
C05764,France,34,Male,Silver,2025-10-10,275.0,2.0,161.65,4.0,3.0,2.0,9.0,Loyal Customers,0,2026-03-30
C05765,United States,45,Female,Platinum,2024-11-28,640.0,6.0,702.67,2.0,3.0,5.0,10.0,At Risk,0,2026-03-30
C05766,United States,50,Female,Silver,2022-07-12,501.0,5.0,563.7,3.0,3.0,4.0,10.0,Loyal Customers,0,2026-03-30
C05767,Japan,39,Female,Free,2025-05-12,1588.0,1.0,96.05,1.0,3.0,1.0,5.0,Regular,0,2026-03-30
C05768,Uae,43,Female,Free,2024-11-27,329.0,5.0,485.55,4.0,3.0,4.0,11.0,Loyal Customers,0,2026-03-30
C05769,France,31,Other,Free,2024-02-01,,,,,,,,No orders in window,0,2026-03-30
C05770,United States,38,Female,Free,2024-09-06,44.0,1.0,110.49,5.0,3.0,1.0,9.0,Loyal Customers,0,2026-03-30
C05771,Poland,44,Male,Gold,2024-08-24,1083.0,3.0,354.92,1.0,3.0,3.0,7.0,At Risk,0,2026-03-30
C05772,Japan,40,Male,Silver,2025-09-19,116.0,2.0,372.49,5.0,3.0,3.0,11.0,Loyal Customers,0,2026-03-30
C05773,United States,41,Male,Silver,2025-11-09,60.0,3.0,251.35,5.0,3.0,2.0,10.0,Loyal Customers,0,2026-03-30
C05774,United Kingdom,54,Male,Free,2025-05-06,201.0,3.0,399.18,4.0,3.0,3.0,10.0,Loyal Customers,0,2026-03-30
C05775,Brazil,43,Male,Silver,2024-04-04,552.0,3.0,151.76999999999998,3.0,3.0,2.0,8.0,Loyal Customers,0,2026-03-30
C05776,United Kingdom,43,Female,Silver,2026-02-26,710.0,2.0,106.43,2.0,3.0,1.0,6.0,Regular,0,2026-03-30
C05777,Brazil,34,Female,Free,2024-03-17,493.0,9.0,2135.2,3.0,3.0,5.0,11.0,Loyal Customers,0,2026-03-30
C05778,United States,34,Male,Free,2025-11-22,426.0,3.0,392.75,3.0,3.0,3.0,9.0,Loyal Customers,0,2026-03-30
C05779,Germany,56,Male,Gold,2025-12-09,6.0,4.0,364.74,5.0,3.0,3.0,11.0,Loyal Customers,1,2026-03-30
C05780,Australia,43,Male,Platinum,2026-02-18,,,,,,,,No orders in window,0,2026-03-30
C05781,Germany,44,Male,Free,2024-06-28,972.0,3.0,283.43,2.0,3.0,3.0,8.0,At Risk,0,2026-03-30
C05782,Germany,47,Male,Free,2025-02-15,228.0,1.0,613.02,4.0,3.0,4.0,11.0,Loyal Customers,0,2026-03-30
C05783,United States,63,Male,Platinum,2025-04-05,440.0,2.0,353.09000000000003,3.0,3.0,3.0,9.0,Loyal Customers,0,2026-03-30
C05784,United States,18,Male,Free,2025-02-17,563.0,3.0,165.93,3.0,3.0,2.0,8.0,Loyal Customers,0,2026-03-30
C05785,Spain,28,Female,Gold,2022-02-28,145.0,3.0,242.42,5.0,3.0,2.0,10.0,Loyal Customers,0,2026-03-30
C05786,United States,43,Female,Free,2024-12-20,1379.0,5.0,648.6899999999999,1.0,3.0,5.0,9.0,At Risk,0,2026-03-30
C05787,Germany,50,Male,Free,2022-03-07,226.0,4.0,391.95,4.0,3.0,3.0,10.0,Loyal Customers,0,2026-03-30
C05788,India,34,Female,Silver,2025-10-19,620.0,4.0,545.71,3.0,3.0,4.0,10.0,Loyal Customers,1,2026-03-30
C05789,France,25,Female,Silver,2024-12-06,783.0,7.0,904.08,2.0,3.0,5.0,10.0,At Risk,0,2026-03-30
C05790,Germany,18,Male,Free,2018-01-31,548.0,4.0,477.14,3.0,3.0,4.0,10.0,Loyal Customers,0,2026-03-30
C05791,United States,45,Female,Free,2025-01-06,1213.0,1.0,101.17,1.0,3.0,1.0,5.0,Regular,0,2026-03-30
C05792,Netherlands,34,Male,Gold,2025-01-05,1303.0,3.0,319.96,1.0,3.0,3.0,7.0,At Risk,1,2026-03-30
C05793,United States,33,Male,Gold,2022-09-11,636.0,2.0,96.13,2.0,3.0,1.0,6.0,Regular,0,2026-03-30
C05794,Germany,36,Male,Free,2025-06-11,80.0,3.0,289.53,5.0,3.0,3.0,11.0,Loyal Customers,0,2026-03-30
C05795,United States,49,Male,Free,2025-03-27,1163.0,1.0,100.78,1.0,3.0,1.0,5.0,Regular,0,2026-03-30
C05796,Australia,54,Male,Free,2024-11-05,419.0,3.0,403.46,3.0,3.0,4.0,10.0,Loyal Customers,0,2026-03-30
C05797,United States,32,Female,Silver,2025-09-21,191.0,3.0,376.32,4.0,3.0,3.0,10.0,Loyal Customers,0,2026-03-30
C05798,United Kingdom,32,Female,Free,2021-05-09,1267.0,1.0,391.99,1.0,3.0,3.0,7.0,At Risk,0,2026-03-30
C05799,Mexico,35,Other,Free,2024-08-18,470.0,3.0,616.38,3.0,3.0,4.0,10.0,Loyal Customers,0,2026-03-30
C05800,Brazil,18,Male,Free,2024-05-09,938.0,4.0,633.25,2.0,3.0,5.0,10.0,At Risk,0,2026-03-30
C05801,Germany,38,Female,Free,2025-12-30,300.0,3.0,481.32,4.0,3.0,4.0,11.0,Loyal Customers,0,2026-03-30
C05802,Netherlands,24,Female,Free,2022-03-30,5.0,6.0,538.9100000000001,5.0,3.0,4.0,12.0,Loyal Customers,0,2026-03-30
C05803,United Kingdom,59,Male,Free,2025-08-09,444.0,2.0,103.47,3.0,3.0,1.0,7.0,Loyal Customers,0,2026-03-30
C05804,United States,36,Male,Free,2026-03-09,896.0,8.0,783.78,2.0,3.0,5.0,10.0,At Risk,0,2026-03-30
C05805,India,36,Male,Free,2022-05-04,,,,,,,,No orders in window,0,2026-03-30
C05806,United States,41,Female,Free,2021-06-17,306.0,1.0,63.55,4.0,3.0,1.0,8.0,Loyal Customers,0,2026-03-30
C05807,United States,55,Male,Free,2024-02-15,884.0,1.0,139.61,2.0,3.0,1.0,6.0,Regular,0,2026-03-30
C05808,Uae,34,Other,Free,2025-12-06,168.0,4.0,393.05,4.0,3.0,3.0,10.0,Loyal Customers,0,2026-03-30
C05809,United States,32,Female,Free,2025-05-16,254.0,2.0,200.51,4.0,3.0,2.0,9.0,Loyal Customers,0,2026-03-30
C05810,United States,40,Female,Silver,2025-07-29,659.0,3.0,166.5,2.0,3.0,2.0,7.0,Regular,0,2026-03-30
C05811,India,19,Male,Free,2025-05-15,325.0,5.0,521.9399999999999,4.0,3.0,4.0,11.0,Loyal Customers,0,2026-03-30
C05812,India,28,Female,Gold,2026-01-06,790.0,3.0,261.21,2.0,3.0,3.0,8.0,At Risk,0,2026-03-30
C05813,Italy,40,Female,Gold,2025-05-03,,,,,,,,No orders in window,0,2026-03-30
C05814,India,31,Male,Gold,2025-05-02,46.0,3.0,175.14999999999998,5.0,3.0,2.0,10.0,Loyal Customers,0,2026-03-30
C05815,United States,36,Female,Free,2022-01-18,220.0,8.0,1056.86,4.0,3.0,5.0,12.0,Loyal Customers,0,2026-03-30
C05816,Spain,36,Male,Free,2024-10-08,634.0,4.0,394.63,2.0,3.0,3.0,8.0,At Risk,0,2026-03-30
C05817,Italy,42,Female,Free,2025-04-17,222.0,6.0,813.11,4.0,3.0,5.0,12.0,Loyal Customers,0,2026-03-30
C05818,Turkey,41,Male,Gold,2023-10-30,850.0,1.0,32.57,2.0,3.0,1.0,6.0,Regular,0,2026-03-30
C05819,United States,22,Female,Free,2026-01-21,478.0,3.0,316.54,3.0,3.0,3.0,9.0,Loyal Customers,0,2026-03-30
C05820,India,26,Male,Free,2025-01-18,369.0,6.0,317.98,3.0,3.0,3.0,9.0,Loyal Customers,0,2026-03-30
C05821,United States,29,Female,Free,2025-08-12,2090.0,1.0,75.42,1.0,3.0,1.0,5.0,Regular,0,2026-03-30
C05822,United States,53,Male,Silver,2025-09-27,1450.0,1.0,74.84,1.0,3.0,1.0,5.0,Regular,0,2026-03-30
C05823,South Africa,52,Female,Free,2025-12-15,749.0,6.0,662.3,2.0,3.0,5.0,10.0,At Risk,0,2026-03-30
C05824,United States,27,Male,Free,2020-11-30,65.0,5.0,452.81,5.0,3.0,4.0,12.0,Loyal Customers,0,2026-03-30
C05825,Germany,18,Female,Free,2024-10-07,147.0,6.0,979.2,5.0,3.0,5.0,13.0,Loyal Customers,0,2026-03-30
C05826,Spain,56,Female,Free,2026-02-18,5.0,3.0,256.28,5.0,3.0,2.0,10.0,Loyal Customers,0,2026-03-30
C05827,United States,30,Male,Gold,2023-09-27,91.0,5.0,190.49,5.0,3.0,2.0,10.0,Loyal Customers,0,2026-03-30
C05828,Sweden,37,Female,Free,2024-05-25,12.0,3.0,574.8,5.0,3.0,4.0,12.0,Loyal Customers,0,2026-03-30
C05829,Italy,18,Male,Silver,2020-05-16,610.0,4.0,726.78,3.0,3.0,5.0,11.0,Loyal Customers,0,2026-03-30
C05830,United States,46,Female,Free,2019-04-01,748.0,3.0,122.91,2.0,3.0,1.0,6.0,Regular,0,2026-03-30
C05831,Spain,46,Male,Free,2025-10-07,329.0,6.0,296.76,4.0,3.0,3.0,10.0,Loyal Customers,0,2026-03-30
C05832,United States,37,Female,Free,2026-03-27,687.0,2.0,155.03,2.0,3.0,2.0,7.0,Regular,0,2026-03-30
C05833,United Kingdom,40,Female,Silver,2023-11-07,420.0,7.0,712.49,3.0,3.0,5.0,11.0,Loyal Customers,0,2026-03-30
C05834,India,30,Other,Free,2023-01-23,606.0,4.0,988.05,3.0,3.0,5.0,11.0,Loyal Customers,0,2026-03-30
C05835,Germany,18,Male,Silver,2025-07-11,742.0,1.0,60.52,2.0,3.0,1.0,6.0,Regular,0,2026-03-30
C05836,France,18,Female,Free,2021-11-23,508.0,6.0,570.4499999999999,3.0,3.0,4.0,10.0,Loyal Customers,1,2026-03-30
C05837,Canada,59,Other,Free,2025-11-14,236.0,4.0,219.62,4.0,3.0,2.0,9.0,Loyal Customers,0,2026-03-30
C05838,Spain,39,Male,Silver,2023-03-10,354.0,6.0,642.6,3.0,3.0,5.0,11.0,Loyal Customers,0,2026-03-30
C05839,Germany,18,Female,Silver,2025-11-17,103.0,5.0,1082.77,5.0,3.0,5.0,13.0,Loyal Customers,0,2026-03-30
C05840,Canada,35,Male,Free,2024-12-08,676.0,2.0,319.97,2.0,3.0,3.0,8.0,At Risk,0,2026-03-30
C05841,United States,39,Female,Gold,2024-06-18,14.0,2.0,248.03,5.0,3.0,2.0,10.0,Loyal Customers,0,2026-03-30
C05842,United States,58,Female,Free,2019-07-26,206.0,3.0,996.03,4.0,3.0,5.0,12.0,Loyal Customers,0,2026-03-30
C05843,United States,39,Male,Free,2022-04-10,1930.0,1.0,86.46,1.0,3.0,1.0,5.0,Regular,0,2026-03-30
C05844,India,26,Male,Silver,2025-01-19,796.0,2.0,735.33,2.0,3.0,5.0,10.0,At Risk,0,2026-03-30
C05845,United States,29,Male,Free,2025-03-20,431.0,4.0,548.27,3.0,3.0,4.0,10.0,Loyal Customers,0,2026-03-30
C05846,Sweden,31,Female,Free,2023-05-25,902.0,1.0,17.11,2.0,3.0,1.0,6.0,Regular,0,2026-03-30
C05847,Mexico,33,Male,Free,2024-07-30,398.0,4.0,483.94999999999993,3.0,3.0,4.0,10.0,Loyal Customers,0,2026-03-30
C05848,United States,28,Male,Free,2025-06-28,645.0,4.0,595.4300000000001,2.0,3.0,4.0,9.0,At Risk,0,2026-03-30
C05849,United States,22,Female,Free,2025-11-02,603.0,3.0,460.07,3.0,3.0,4.0,10.0,Loyal Customers,0,2026-03-30
C05850,Japan,34,Male,Free,2025-11-24,1913.0,1.0,188.03,1.0,3.0,2.0,6.0,Regular,0,2026-03-30
C05851,United States,59,Male,Free,2024-10-06,13.0,3.0,210.04,5.0,3.0,2.0,10.0,Loyal Customers,0,2026-03-30
C05852,India,30,Male,Free,2025-09-28,258.0,6.0,947.75,4.0,3.0,5.0,12.0,Loyal Customers,0,2026-03-30
C05853,United States,22,Female,Free,2024-03-20,155.0,3.0,302.59000000000003,4.0,3.0,3.0,10.0,Loyal Customers,1,2026-03-30
C05854,Germany,28,Female,Gold,2025-10-17,983.0,3.0,202.3,2.0,3.0,2.0,7.0,Regular,0,2026-03-30
C05855,United States,31,Female,Silver,2025-11-01,219.0,2.0,118.36,4.0,3.0,1.0,8.0,Loyal Customers,0,2026-03-30
C05856,Spain,18,Male,Gold,2024-08-06,54.0,1.0,135.54,5.0,3.0,1.0,9.0,Loyal Customers,0,2026-03-30
C05857,United States,64,Female,Gold,2023-03-13,615.0,4.0,525.55,3.0,3.0,4.0,10.0,Loyal Customers,0,2026-03-30
C05858,France,45,Female,Free,2022-12-10,2157.0,1.0,323.6,1.0,3.0,3.0,7.0,At Risk,0,2026-03-30
C05859,Uae,40,Male,Free,2020-08-24,382.0,3.0,326.86,3.0,3.0,3.0,9.0,Loyal Customers,0,2026-03-30
C05860,Canada,43,Female,Platinum,2025-06-15,151.0,4.0,152.05,5.0,3.0,2.0,10.0,Loyal Customers,0,2026-03-30
C05861,South Korea,50,Female,Silver,2024-12-26,1371.0,2.0,105.25,1.0,3.0,1.0,5.0,Regular,0,2026-03-30
C05862,United States,53,Male,Gold,2025-03-27,871.0,2.0,709.78,2.0,3.0,5.0,10.0,At Risk,0,2026-03-30
C05863,United States,38,Male,Gold,2023-07-14,520.0,2.0,321.34000000000003,3.0,3.0,3.0,9.0,Loyal Customers,0,2026-03-30
C05864,United States,29,Female,Free,2023-11-23,345.0,4.0,583.45,4.0,3.0,4.0,11.0,Loyal Customers,1,2026-03-30
C05865,Brazil,44,Male,Silver,2025-12-08,1942.0,1.0,9.28,1.0,3.0,1.0,5.0,Regular,0,2026-03-30
C05866,France,26,Male,Free,2026-01-03,,,,,,,,No orders in window,0,2026-03-30
C05867,Singapore,18,Male,Free,2026-03-11,30.0,2.0,125.56,5.0,3.0,1.0,9.0,Loyal Customers,0,2026-03-30
C05868,India,36,Female,Free,2025-12-19,467.0,4.0,155.59,3.0,3.0,2.0,8.0,Loyal Customers,0,2026-03-30
C05869,Brazil,27,Female,Silver,2026-03-09,493.0,7.0,595.0899999999999,3.0,3.0,4.0,10.0,Loyal Customers,0,2026-03-30
C05870,Sweden,25,Female,Free,2024-08-20,101.0,5.0,204.56,5.0,3.0,2.0,10.0,Loyal Customers,0,2026-03-30
C05871,United States,47,Male,Gold,2025-06-11,76.0,7.0,511.47,5.0,3.0,4.0,12.0,Loyal Customers,0,2026-03-30
C05872,Spain,23,Other,Free,2023-07-25,139.0,2.0,147.57,5.0,3.0,2.0,10.0,Loyal Customers,0,2026-03-30
C05873,Canada,27,Male,Free,2026-02-16,1333.0,4.0,143.08,1.0,3.0,2.0,6.0,Regular,0,2026-03-30
C05874,India,52,Female,Free,2025-04-04,339.0,4.0,228.49,4.0,3.0,2.0,9.0,Loyal Customers,0,2026-03-30
C05875,India,31,Female,Silver,2025-06-10,956.0,1.0,42.53,2.0,3.0,1.0,6.0,Regular,0,2026-03-30
C05876,Canada,34,Male,Silver,2025-06-23,105.0,3.0,314.72,5.0,3.0,3.0,11.0,Loyal Customers,0,2026-03-30
C05877,Brazil,46,Female,Free,2026-02-19,1564.0,2.0,230.67,1.0,3.0,2.0,6.0,Regular,1,2026-03-30
C05878,United States,49,Male,Silver,2024-04-15,,,,,,,,No orders in window,0,2026-03-30
C05879,Japan,31,Male,Free,2021-01-17,438.0,3.0,396.61,3.0,3.0,3.0,9.0,Loyal Customers,0,2026-03-30
C05880,France,51,Female,Silver,2023-10-31,10.0,3.0,656.89,5.0,3.0,5.0,13.0,Loyal Customers,0,2026-03-30
C05881,United States,25,Other,Free,2025-03-20,2084.0,1.0,83.13,1.0,3.0,1.0,5.0,Regular,0,2026-03-30
C05882,India,42,Male,Gold,2025-03-02,192.0,5.0,457.02,4.0,3.0,4.0,11.0,Loyal Customers,1,2026-03-30
C05883,Brazil,24,Female,Silver,2026-01-23,734.0,5.0,603.55,2.0,3.0,4.0,9.0,At Risk,0,2026-03-30
C05884,France,37,Male,Free,2022-11-29,331.0,4.0,269.85,4.0,3.0,3.0,10.0,Loyal Customers,0,2026-03-30
C05885,Mexico,50,Other,Free,2022-08-07,84.0,7.0,592.65,5.0,3.0,4.0,12.0,Loyal Customers,1,2026-03-30
C05886,United States,40,Male,Free,2025-05-17,338.0,2.0,626.4,4.0,3.0,5.0,12.0,Loyal Customers,0,2026-03-30
C05887,Italy,32,Female,Free,2024-04-29,1546.0,2.0,310.01,1.0,3.0,3.0,7.0,At Risk,0,2026-03-30
C05888,Sweden,38,Female,Free,2026-02-01,23.0,4.0,1220.27,5.0,3.0,5.0,13.0,Loyal Customers,1,2026-03-30
C05889,South Korea,44,Male,Silver,2024-11-14,787.0,5.0,242.05,2.0,3.0,2.0,7.0,Regular,0,2026-03-30
C05890,Brazil,53,Male,Gold,2024-12-05,146.0,3.0,323.88,5.0,3.0,3.0,11.0,Loyal Customers,0,2026-03-30
C05891,United States,36,Female,Gold,2026-01-01,617.0,4.0,293.66,3.0,3.0,3.0,9.0,Loyal Customers,0,2026-03-30
C05892,India,33,Female,Silver,2025-04-20,998.0,2.0,253.79,2.0,3.0,2.0,7.0,Regular,0,2026-03-30
C05893,South Korea,22,Other,Platinum,2023-08-22,1826.0,2.0,248.42,1.0,3.0,2.0,6.0,Regular,0,2026-03-30
C05894,Canada,43,Male,Free,2024-08-21,1223.0,2.0,127.97,1.0,3.0,1.0,5.0,Regular,1,2026-03-30
C05895,United Kingdom,26,Male,Silver,2022-06-13,650.0,5.0,427.46,2.0,3.0,4.0,9.0,At Risk,0,2026-03-30
C05896,Brazil,33,Female,Gold,2024-07-28,1215.0,2.0,507.03,1.0,3.0,4.0,8.0,At Risk,0,2026-03-30
C05897,Brazil,50,Male,Free,2023-12-25,998.0,1.0,66.88,2.0,3.0,1.0,6.0,Regular,1,2026-03-30
C05898,France,34,Female,Free,2024-04-21,614.0,4.0,444.0,3.0,3.0,4.0,10.0,Loyal Customers,0,2026-03-30
C05899,United States,31,Female,Free,2023-12-26,130.0,4.0,217.21,5.0,3.0,2.0,10.0,Loyal Customers,0,2026-03-30
C05900,United States,36,Male,Free,2024-09-12,1048.0,4.0,244.32,2.0,3.0,2.0,7.0,Regular,1,2026-03-30
C05901,United States,39,Male,Free,2025-04-22,1719.0,2.0,459.71,1.0,3.0,4.0,8.0,At Risk,0,2026-03-30
C05902,South Korea,21,Female,Free,2025-07-21,1300.0,1.0,52.84,1.0,3.0,1.0,5.0,Regular,0,2026-03-30
C05903,United States,48,Female,Gold,2025-09-16,177.0,2.0,478.84,4.0,3.0,4.0,11.0,Loyal Customers,0,2026-03-30
C05904,Japan,28,Female,Gold,2026-01-27,130.0,3.0,137.48000000000002,5.0,3.0,1.0,9.0,Loyal Customers,0,2026-03-30
C05905,Mexico,25,Male,Free,2024-10-08,1621.0,2.0,131.57,1.0,3.0,1.0,5.0,Regular,0,2026-03-30
C05906,South Korea,42,Male,Gold,2025-10-23,,,,,,,,No orders in window,1,2026-03-30
C05907,France,55,Female,Free,2025-09-16,804.0,5.0,791.5799999999999,2.0,3.0,5.0,10.0,At Risk,0,2026-03-30
C05908,Turkey,60,Female,Free,2022-02-25,444.0,1.0,13.65,3.0,3.0,1.0,7.0,Loyal Customers,0,2026-03-30
C05909,United States,29,Female,Free,2022-12-14,1030.0,3.0,1445.05,2.0,3.0,5.0,10.0,At Risk,0,2026-03-30
C05910,United Kingdom,20,Female,Free,2024-02-10,,,,,,,,No orders in window,0,2026-03-30
C05911,Japan,47,Male,Free,2023-08-29,647.0,3.0,166.87,2.0,3.0,2.0,7.0,Regular,0,2026-03-30
C05912,United Kingdom,49,Female,Free,2025-07-11,256.0,3.0,338.97,4.0,3.0,3.0,10.0,Loyal Customers,0,2026-03-30
C05913,India,32,Male,Free,2019-06-18,215.0,2.0,727.6500000000001,4.0,3.0,5.0,12.0,Loyal Customers,0,2026-03-30
C05914,United Kingdom,42,Female,Free,2024-04-30,,,,,,,,No orders in window,0,2026-03-30
C05915,Uae,42,Male,Silver,2024-07-26,942.0,3.0,223.47,2.0,3.0,2.0,7.0,Regular,0,2026-03-30
C05916,United States,49,Female,Gold,2025-10-05,466.0,1.0,38.27,3.0,3.0,1.0,7.0,Loyal Customers,0,2026-03-30
C05917,United States,33,Female,Free,2024-12-29,76.0,4.0,393.25,5.0,3.0,3.0,11.0,Loyal Customers,0,2026-03-30
C05918,Brazil,37,Male,Free,2023-10-28,248.0,4.0,232.83,4.0,3.0,2.0,9.0,Loyal Customers,0,2026-03-30
C05919,France,27,Male,Gold,2025-08-18,1070.0,3.0,899.3,1.0,3.0,5.0,9.0,At Risk,0,2026-03-30
C05920,Italy,26,Female,Gold,2025-10-01,1269.0,2.0,406.59,1.0,3.0,4.0,8.0,At Risk,0,2026-03-30
C05921,United Kingdom,29,Female,Free,2024-07-13,561.0,3.0,248.15,3.0,3.0,2.0,8.0,Loyal Customers,0,2026-03-30
C05922,Germany,29,Female,Free,2023-06-11,347.0,6.0,542.5600000000001,4.0,3.0,4.0,11.0,Loyal Customers,0,2026-03-30
C05923,Mexico,48,Female,Gold,2023-11-22,828.0,2.0,136.76,2.0,3.0,1.0,6.0,Regular,0,2026-03-30
C05924,United States,48,Male,Free,2023-06-01,1331.0,2.0,299.72,1.0,3.0,3.0,7.0,At Risk,1,2026-03-30
C05925,United Kingdom,34,Female,Silver,2025-02-05,567.0,5.0,634.5,3.0,3.0,5.0,11.0,Loyal Customers,0,2026-03-30
C05926,United States,39,Male,Gold,2024-01-30,38.0,2.0,166.22,5.0,3.0,2.0,10.0,Loyal Customers,0,2026-03-30
C05927,Germany,34,Male,Free,2024-01-03,159.0,5.0,496.27,4.0,3.0,4.0,11.0,Loyal Customers,0,2026-03-30
C05928,United States,34,Male,Silver,2025-04-27,583.0,1.0,309.12,3.0,3.0,3.0,9.0,Loyal Customers,0,2026-03-30
C05929,Singapore,35,Male,Free,2025-12-02,101.0,6.0,401.42,5.0,3.0,4.0,12.0,Loyal Customers,0,2026-03-30
C05930,United Kingdom,32,Female,Free,2025-11-22,1241.0,2.0,178.22,1.0,3.0,2.0,6.0,Regular,0,2026-03-30
C05931,United States,18,Female,Free,2025-02-02,1795.0,1.0,179.0,1.0,3.0,2.0,6.0,Regular,1,2026-03-30
C05932,Mexico,24,Female,Silver,2026-03-28,222.0,1.0,106.02,4.0,3.0,1.0,8.0,Loyal Customers,0,2026-03-30
C05933,United States,39,Male,Free,2021-12-02,550.0,6.0,354.43,3.0,3.0,3.0,9.0,Loyal Customers,0,2026-03-30
C05934,India,51,Female,Gold,2024-07-11,313.0,5.0,613.5,4.0,3.0,4.0,11.0,Loyal Customers,1,2026-03-30
C05935,Brazil,18,Male,Free,2026-01-10,105.0,4.0,258.97,5.0,3.0,2.0,10.0,Loyal Customers,0,2026-03-30
C05936,Canada,34,Male,Gold,2025-09-11,560.0,3.0,603.2,3.0,3.0,4.0,10.0,Loyal Customers,0,2026-03-30
C05937,South Korea,47,Male,Free,2021-09-26,710.0,5.0,541.96,2.0,3.0,4.0,9.0,At Risk,0,2026-03-30
C05938,India,37,Female,Free,2025-08-30,116.0,3.0,254.76,5.0,3.0,2.0,10.0,Loyal Customers,0,2026-03-30
C05939,Germany,30,Female,Gold,2024-12-11,439.0,3.0,345.71,3.0,3.0,3.0,9.0,Loyal Customers,0,2026-03-30
C05940,United States,18,Female,Gold,2026-01-14,1303.0,3.0,178.95999999999998,1.0,3.0,2.0,6.0,Regular,0,2026-03-30
C05941,United Kingdom,22,Other,Free,2020-08-22,324.0,5.0,682.2,4.0,3.0,5.0,12.0,Loyal Customers,0,2026-03-30
C05942,France,34,Male,Free,2026-03-09,768.0,1.0,56.98,2.0,3.0,1.0,6.0,Regular,0,2026-03-30
C05943,France,26,Male,Silver,2024-09-30,913.0,3.0,273.62,2.0,3.0,3.0,8.0,At Risk,0,2026-03-30
C05944,United States,32,Male,Free,2025-01-10,148.0,4.0,423.17,5.0,3.0,4.0,12.0,Loyal Customers,0,2026-03-30
C05945,United Kingdom,26,Female,Free,2026-03-23,514.0,2.0,454.09,3.0,3.0,4.0,10.0,Loyal Customers,0,2026-03-30
C05946,United States,31,Male,Free,2025-03-01,1400.0,3.0,414.24,1.0,3.0,4.0,8.0,At Risk,0,2026-03-30
C05947,Japan,48,Female,Free,2022-05-22,173.0,3.0,284.3,4.0,3.0,3.0,10.0,Loyal Customers,0,2026-03-30
C05948,Japan,40,Male,Free,2023-05-28,146.0,4.0,571.78,5.0,3.0,4.0,12.0,Loyal Customers,0,2026-03-30
C05949,United States,21,Female,Silver,2026-01-04,825.0,2.0,402.55,2.0,3.0,4.0,9.0,At Risk,0,2026-03-30
C05950,United States,29,Male,Gold,2023-10-24,1088.0,3.0,88.28999999999999,1.0,3.0,1.0,5.0,Regular,0,2026-03-30
C05951,India,42,Female,Silver,2024-05-15,126.0,6.0,378.05,5.0,3.0,3.0,11.0,Loyal Customers,0,2026-03-30
C05952,Germany,54,Other,Gold,2023-08-11,773.0,3.0,232.23,2.0,3.0,2.0,7.0,Regular,0,2026-03-30
C05953,United Kingdom,29,Female,Silver,2025-12-05,156.0,4.0,470.64,4.0,3.0,4.0,11.0,Loyal Customers,0,2026-03-30
C05954,Mexico,39,Male,Free,2024-02-10,971.0,1.0,106.26,2.0,3.0,1.0,6.0,Regular,0,2026-03-30
C05955,Italy,18,Male,Silver,2025-07-17,7.0,2.0,652.2900000000001,5.0,3.0,5.0,13.0,Loyal Customers,0,2026-03-30
C05956,United States,26,Male,Gold,2025-11-14,1851.0,2.0,215.91000000000005,1.0,3.0,2.0,6.0,Regular,0,2026-03-30
C05957,United States,47,Female,Free,2024-10-15,120.0,4.0,230.81,5.0,3.0,2.0,10.0,Loyal Customers,0,2026-03-30
C05958,United States,35,Male,Free,2025-11-22,574.0,2.0,172.68,3.0,3.0,2.0,8.0,Loyal Customers,0,2026-03-30
C05959,United Kingdom,42,Female,Gold,2024-01-18,40.0,2.0,158.43,5.0,3.0,2.0,10.0,Loyal Customers,0,2026-03-30
C05960,Mexico,30,Female,Platinum,2026-01-18,379.0,2.0,111.14,3.0,3.0,1.0,7.0,Loyal Customers,0,2026-03-30
C05961,Germany,33,Female,Free,2022-02-05,,,,,,,,No orders in window,0,2026-03-30
C05962,Mexico,53,Male,Free,2025-08-21,255.0,6.0,691.68,4.0,3.0,5.0,12.0,Loyal Customers,0,2026-03-30
C05963,France,56,Female,Gold,2023-11-13,17.0,4.0,1083.74,5.0,3.0,5.0,13.0,Loyal Customers,0,2026-03-30
C05964,Japan,30,Female,Free,2025-10-27,112.0,5.0,406.53,5.0,3.0,4.0,12.0,Loyal Customers,0,2026-03-30
C05965,Netherlands,36,Male,Free,2025-08-11,422.0,5.0,504.63,3.0,3.0,4.0,10.0,Loyal Customers,0,2026-03-30
C05966,United States,28,Male,Free,2026-02-24,19.0,4.0,530.0799999999999,5.0,3.0,4.0,12.0,Loyal Customers,0,2026-03-30
C05967,United States,34,Male,Free,2026-03-24,397.0,4.0,498.42,3.0,3.0,4.0,10.0,Loyal Customers,0,2026-03-30
C05968,United Kingdom,38,Female,Free,2024-10-03,382.0,5.0,438.71,3.0,3.0,4.0,10.0,Loyal Customers,0,2026-03-30
C05969,United States,22,Male,Silver,2026-02-21,407.0,3.0,385.78,3.0,3.0,3.0,9.0,Loyal Customers,0,2026-03-30
C05970,Italy,18,Male,Silver,2017-08-23,,,,,,,,No orders in window,0,2026-03-30
C05971,United Kingdom,47,Female,Free,2025-09-04,188.0,4.0,641.54,4.0,3.0,5.0,12.0,Loyal Customers,1,2026-03-30
C05972,Brazil,33,Female,Gold,2024-08-18,320.0,3.0,123.15,4.0,3.0,1.0,8.0,Loyal Customers,0,2026-03-30
C05973,United States,21,Male,Free,2025-08-08,1063.0,4.0,306.53,1.0,3.0,3.0,7.0,At Risk,0,2026-03-30
C05974,India,18,Female,Free,2024-12-25,378.0,4.0,412.43,3.0,3.0,4.0,10.0,Loyal Customers,0,2026-03-30
C05975,Brazil,33,Male,Silver,2024-05-20,799.0,4.0,683.03,2.0,3.0,5.0,10.0,At Risk,0,2026-03-30
C05976,United States,39,Male,Free,2024-03-16,348.0,3.0,438.36,4.0,3.0,4.0,11.0,Loyal Customers,0,2026-03-30
C05977,United States,18,Female,Free,2023-04-10,337.0,8.0,854.03,4.0,3.0,5.0,12.0,Loyal Customers,0,2026-03-30
C05978,Australia,31,Male,Gold,2024-08-25,127.0,5.0,299.18,5.0,3.0,3.0,11.0,Loyal Customers,0,2026-03-30
C05979,Germany,42,Female,Free,2020-11-27,246.0,3.0,271.34000000000003,4.0,3.0,3.0,10.0,Loyal Customers,0,2026-03-30
C05980,United States,23,Female,Free,2026-03-08,36.0,3.0,395.46,5.0,3.0,3.0,11.0,Loyal Customers,0,2026-03-30
C05981,United States,19,Female,Free,2025-06-29,101.0,8.0,683.46,5.0,3.0,5.0,13.0,Loyal Customers,0,2026-03-30
C05982,South Korea,31,Male,Free,2025-04-27,6.0,4.0,441.76,5.0,3.0,4.0,12.0,Loyal Customers,0,2026-03-30
C05983,United States,39,Male,Gold,2025-08-03,741.0,1.0,71.79,2.0,3.0,1.0,6.0,Regular,0,2026-03-30
C05984,Brazil,25,Male,Silver,2024-05-25,277.0,2.0,171.75,4.0,3.0,2.0,9.0,Loyal Customers,0,2026-03-30
C05985,India,18,Male,Gold,2026-02-06,57.0,4.0,407.41,5.0,3.0,4.0,12.0,Loyal Customers,0,2026-03-30
C05986,United Kingdom,22,Male,Silver,2024-05-13,185.0,3.0,685.13,4.0,3.0,5.0,12.0,Loyal Customers,1,2026-03-30
C05987,Germany,18,Male,Platinum,2024-10-08,982.0,4.0,515.25,2.0,3.0,4.0,9.0,At Risk,0,2026-03-30
C05988,Australia,18,Male,Free,2026-04-01,263.0,4.0,459.27,4.0,3.0,4.0,11.0,Loyal Customers,0,2026-03-30
C05989,India,29,Male,Free,2020-10-24,453.0,2.0,131.93,3.0,3.0,1.0,7.0,Loyal Customers,0,2026-03-30
C05990,United States,31,Male,Silver,2025-01-30,623.0,2.0,448.69,3.0,3.0,4.0,10.0,Loyal Customers,0,2026-03-30
C05991,Sweden,51,Male,Silver,2024-06-20,496.0,4.0,2408.24,3.0,3.0,5.0,11.0,Loyal Customers,0,2026-03-30
C05992,Germany,45,Male,Silver,2025-04-07,131.0,1.0,90.28,5.0,3.0,1.0,9.0,Loyal Customers,0,2026-03-30
C05993,France,39,Male,Free,2024-01-04,,,,,,,,No orders in window,0,2026-03-30
C05994,United States,53,Female,Silver,2022-08-05,1346.0,2.0,149.82,1.0,3.0,2.0,6.0,Regular,0,2026-03-30
C05995,Mexico,35,Male,Silver,2025-09-11,14.0,4.0,510.48,5.0,3.0,4.0,12.0,Loyal Customers,0,2026-03-30
C05996,United States,54,Male,Silver,2025-12-09,540.0,1.0,28.63,3.0,3.0,1.0,7.0,Loyal Customers,1,2026-03-30
C05997,Spain,20,Male,Free,2026-01-20,182.0,6.0,758.58,4.0,3.0,5.0,12.0,Loyal Customers,0,2026-03-30
C05998,United States,28,Male,Free,2023-09-17,952.0,1.0,237.57,2.0,3.0,2.0,7.0,Regular,0,2026-03-30
C05999,United States,29,Female,Gold,2023-07-01,381.0,5.0,309.49,3.0,3.0,3.0,9.0,Loyal Customers,0,2026-03-30
C06000,United States,41,Female,Free,2023-02-01,,,,,,,,No orders in window,0,2026-03-30
C06001,South Korea,51,Male,Free,2025-01-12,1735.0,1.0,96.4,1.0,3.0,1.0,5.0,Regular,0,2026-03-30
C06002,United States,23,Female,Platinum,2024-04-30,602.0,4.0,291.24,3.0,3.0,3.0,9.0,Loyal Customers,1,2026-03-30
C06003,United States,34,Male,Gold,2023-09-15,1530.0,2.0,241.95,1.0,3.0,2.0,6.0,Regular,0,2026-03-30
C06004,United Kingdom,18,Male,Silver,2024-09-12,67.0,3.0,230.39,5.0,3.0,2.0,10.0,Loyal Customers,0,2026-03-30
C06005,United States,31,Male,Gold,2021-09-16,554.0,2.0,141.79000000000002,3.0,3.0,2.0,8.0,Loyal Customers,0,2026-03-30
C06006,France,23,Male,Gold,2025-04-15,720.0,2.0,297.54999999999995,2.0,3.0,3.0,8.0,At Risk,0,2026-03-30
C06007,United States,46,Female,Gold,2021-08-13,101.0,4.0,226.17,5.0,3.0,2.0,10.0,Loyal Customers,0,2026-03-30
C06008,India,41,Male,Free,2025-04-24,271.0,4.0,704.42,4.0,3.0,5.0,12.0,Loyal Customers,0,2026-03-30
C06009,United States,39,Male,Free,2025-12-25,30.0,3.0,370.87,5.0,3.0,3.0,11.0,Loyal Customers,0,2026-03-30
C06010,Germany,51,Female,Free,2023-02-07,1055.0,2.0,586.29,2.0,3.0,4.0,9.0,At Risk,0,2026-03-30
C06011,Japan,18,Female,Free,2025-11-23,469.0,5.0,504.81,3.0,3.0,4.0,10.0,Loyal Customers,0,2026-03-30
C06012,Germany,35,Female,Free,2020-12-13,2.0,4.0,597.49,5.0,3.0,4.0,12.0,Loyal Customers,0,2026-03-30
C06013,India,35,Female,Free,2023-11-08,2070.0,2.0,201.51,1.0,3.0,2.0,6.0,Regular,0,2026-03-30
C06014,Italy,43,Female,Silver,2025-02-18,,,,,,,,No orders in window,0,2026-03-30
C06015,Australia,37,Female,Gold,2023-11-05,1338.0,2.0,907.38,1.0,3.0,5.0,9.0,At Risk,0,2026-03-30
C06016,France,44,Male,Platinum,2023-04-21,49.0,5.0,381.5,5.0,3.0,3.0,11.0,Loyal Customers,1,2026-03-30
C06017,Germany,33,Female,Gold,2023-02-04,33.0,3.0,571.23,5.0,3.0,4.0,12.0,Loyal Customers,0,2026-03-30
C06018,Mexico,56,Male,Silver,2023-12-18,76.0,3.0,220.94,5.0,3.0,2.0,10.0,Loyal Customers,0,2026-03-30
C06019,United Kingdom,24,Female,Free,2025-12-14,880.0,1.0,57.27,2.0,3.0,1.0,6.0,Regular,0,2026-03-30
C06020,United States,33,Male,Free,2019-07-17,1984.0,2.0,100.6,1.0,3.0,1.0,5.0,Regular,0,2026-03-30
C06021,United States,35,Female,Free,2025-07-22,45.0,4.0,877.28,5.0,3.0,5.0,13.0,Loyal Customers,0,2026-03-30
C06022,Australia,49,Male,Free,2023-06-07,1316.0,3.0,196.84,1.0,3.0,2.0,6.0,Regular,1,2026-03-30
C06023,United Kingdom,18,Male,Free,2020-10-15,205.0,1.0,212.9,4.0,3.0,2.0,9.0,Loyal Customers,0,2026-03-30
C06024,Japan,40,Male,Silver,2025-07-17,970.0,1.0,80.34,2.0,3.0,1.0,6.0,Regular,0,2026-03-30
C06025,United States,37,Male,Silver,2024-06-30,377.0,4.0,661.85,3.0,3.0,5.0,11.0,Loyal Customers,0,2026-03-30
C06026,United States,40,Female,Free,2026-03-09,423.0,2.0,510.61,3.0,3.0,4.0,10.0,Loyal Customers,0,2026-03-30
C06027,Japan,28,Female,Free,2024-12-12,1323.0,1.0,111.72,1.0,3.0,1.0,5.0,Regular,1,2026-03-30
C06028,United States,68,Male,Silver,2025-07-25,498.0,1.0,42.43,3.0,3.0,1.0,7.0,Loyal Customers,0,2026-03-30
C06029,United States,18,Female,Free,2025-10-22,519.0,1.0,234.84,3.0,3.0,2.0,8.0,Loyal Customers,0,2026-03-30
C06030,United States,49,Male,Gold,2021-08-16,298.0,3.0,458.24,4.0,3.0,4.0,11.0,Loyal Customers,0,2026-03-30
C06031,United States,29,Female,Gold,2026-03-14,501.0,3.0,107.66,3.0,3.0,1.0,7.0,Loyal Customers,1,2026-03-30
C06032,India,23,Male,Silver,2025-06-08,1124.0,2.0,166.01,1.0,3.0,2.0,6.0,Regular,0,2026-03-30
C06033,Mexico,26,Male,Silver,2025-08-12,3.0,5.0,1257.14,5.0,3.0,5.0,13.0,Loyal Customers,0,2026-03-30
C06034,United States,36,Female,Free,2024-12-07,869.0,2.0,81.41,2.0,3.0,1.0,6.0,Regular,0,2026-03-30
C06035,Poland,48,Male,Free,2024-02-13,1341.0,2.0,156.92000000000002,1.0,3.0,2.0,6.0,Regular,0,2026-03-30
C06036,United States,52,Male,Free,2020-04-16,538.0,3.0,517.02,3.0,3.0,4.0,10.0,Loyal Customers,0,2026-03-30
C06037,United States,39,Female,Platinum,2024-12-02,61.0,4.0,272.13,5.0,3.0,3.0,11.0,Loyal Customers,0,2026-03-30
C06038,United States,37,Male,Gold,2025-05-14,28.0,2.0,254.22000000000003,5.0,3.0,2.0,10.0,Loyal Customers,1,2026-03-30
C06039,United Kingdom,27,Female,Free,2025-10-31,306.0,2.0,127.37,4.0,3.0,1.0,8.0,Loyal Customers,0,2026-03-30
C06040,Mexico,38,Male,Silver,2023-02-06,726.0,2.0,177.59,2.0,3.0,2.0,7.0,Regular,0,2026-03-30
C06041,United Kingdom,37,Female,Silver,2021-03-18,61.0,2.0,294.67,5.0,3.0,3.0,11.0,Loyal Customers,0,2026-03-30
C06042,United States,36,Other,Gold,2021-11-27,,,,,,,,No orders in window,0,2026-03-30
C06043,United States,45,Male,Platinum,2025-12-27,525.0,2.0,310.02,3.0,3.0,3.0,9.0,Loyal Customers,0,2026-03-30
C06044,Mexico,18,Female,Free,2024-12-05,735.0,4.0,430.17,2.0,3.0,4.0,9.0,At Risk,0,2026-03-30
C06045,United States,20,Male,Platinum,2023-06-02,52.0,6.0,896.76,5.0,3.0,5.0,13.0,Loyal Customers,0,2026-03-30
C06046,Spain,33,Male,Free,2025-10-04,37.0,1.0,449.29,5.0,3.0,4.0,12.0,Loyal Customers,0,2026-03-30
C06047,United States,20,Female,Gold,2026-01-07,286.0,4.0,235.98,4.0,3.0,2.0,9.0,Loyal Customers,0,2026-03-30
C06048,United Kingdom,29,Male,Free,2024-03-03,1657.0,1.0,60.08,1.0,3.0,1.0,5.0,Regular,0,2026-03-30
C06049,Japan,42,Male,Free,2019-12-12,1229.0,4.0,328.14,1.0,3.0,3.0,7.0,At Risk,0,2026-03-30
C06050,India,18,Male,Free,2025-01-01,820.0,1.0,161.82,2.0,3.0,2.0,7.0,Regular,0,2026-03-30
C06051,United States,21,Male,Silver,2022-08-04,629.0,3.0,278.36,2.0,3.0,3.0,8.0,At Risk,0,2026-03-30
C06052,Netherlands,50,Male,Free,2023-07-20,425.0,3.0,434.65,3.0,3.0,4.0,10.0,Loyal Customers,0,2026-03-30
C06053,United Kingdom,40,Female,Platinum,2022-04-14,170.0,5.0,776.3100000000001,4.0,3.0,5.0,12.0,Loyal Customers,0,2026-03-30
C06054,Brazil,49,Male,Silver,2024-07-02,1336.0,3.0,81.03999999999999,1.0,3.0,1.0,5.0,Regular,0,2026-03-30
C06055,United States,51,Female,Free,2024-12-29,926.0,1.0,32.12,2.0,3.0,1.0,6.0,Regular,0,2026-03-30
C06056,Singapore,25,Female,Free,2024-02-10,2044.0,1.0,84.23,1.0,3.0,1.0,5.0,Regular,0,2026-03-30
C06057,United States,18,Male,Gold,2025-03-07,202.0,2.0,445.3,4.0,3.0,4.0,11.0,Loyal Customers,0,2026-03-30
C06058,Canada,24,Male,Free,2021-10-24,821.0,1.0,131.32,2.0,3.0,1.0,6.0,Regular,0,2026-03-30
C06059,Mexico,37,Female,Gold,2026-02-02,78.0,1.0,41.93,5.0,3.0,1.0,9.0,Loyal Customers,0,2026-03-30
C06060,Brazil,18,Female,Platinum,2024-12-27,975.0,5.0,810.57,2.0,3.0,5.0,10.0,At Risk,0,2026-03-30
C06061,Germany,49,Male,Free,2019-04-19,178.0,4.0,872.89,4.0,3.0,5.0,12.0,Loyal Customers,0,2026-03-30
C06062,United States,18,Female,Silver,2024-10-27,2192.0,1.0,103.47,1.0,3.0,1.0,5.0,Regular,0,2026-03-30
C06063,India,34,Male,Gold,2025-11-26,1736.0,3.0,1566.39,1.0,3.0,5.0,9.0,At Risk,0,2026-03-30
C06064,United States,34,Male,Platinum,2026-01-22,90.0,5.0,885.0100000000001,5.0,3.0,5.0,13.0,Loyal Customers,0,2026-03-30
C06065,Singapore,39,Female,Free,2025-01-16,240.0,3.0,367.37,4.0,3.0,3.0,10.0,Loyal Customers,0,2026-03-30
C06066,France,38,Male,Gold,2025-02-15,1024.0,2.0,97.82,2.0,3.0,1.0,6.0,Regular,0,2026-03-30
C06067,France,39,Male,Free,2025-07-05,543.0,2.0,132.9,3.0,3.0,1.0,7.0,Loyal Customers,0,2026-03-30
C06068,United States,31,Female,Free,2025-11-21,1470.0,2.0,262.49,1.0,3.0,3.0,7.0,At Risk,0,2026-03-30
C06069,Germany,28,Male,Silver,2024-04-19,339.0,3.0,903.38,4.0,3.0,5.0,12.0,Loyal Customers,0,2026-03-30
C06070,India,50,Female,Silver,2025-09-09,1122.0,2.0,351.06,1.0,3.0,3.0,7.0,At Risk,0,2026-03-30
C06071,United States,40,Male,Free,2025-03-26,518.0,2.0,293.93,3.0,3.0,3.0,9.0,Loyal Customers,0,2026-03-30
C06072,Netherlands,27,Female,Free,2021-08-08,1918.0,1.0,237.02,1.0,3.0,2.0,6.0,Regular,0,2026-03-30
C06073,United States,18,Male,Gold,2026-01-04,338.0,5.0,301.83,4.0,3.0,3.0,10.0,Loyal Customers,1,2026-03-30
C06074,Germany,41,Female,Free,2025-02-22,221.0,2.0,310.46,4.0,3.0,3.0,10.0,Loyal Customers,0,2026-03-30
C06075,Australia,27,Female,Gold,2024-12-31,272.0,2.0,211.2,4.0,3.0,2.0,9.0,Loyal Customers,0,2026-03-30
C06076,Germany,47,Male,Free,2025-08-10,471.0,1.0,116.79,3.0,3.0,1.0,7.0,Loyal Customers,0,2026-03-30
C06077,United States,39,Female,Silver,2025-12-21,1371.0,3.0,698.24,1.0,3.0,5.0,9.0,At Risk,0,2026-03-30
C06078,Canada,45,Female,Silver,2016-12-09,2087.0,2.0,195.18,1.0,3.0,2.0,6.0,Regular,0,2026-03-30
C06079,Germany,34,Female,Free,2023-12-09,393.0,2.0,61.76,3.0,3.0,1.0,7.0,Loyal Customers,0,2026-03-30
C06080,Mexico,57,Female,Silver,2025-08-01,374.0,3.0,349.45,3.0,3.0,3.0,9.0,Loyal Customers,0,2026-03-30
C06081,United States,18,Female,Gold,2024-07-30,20.0,5.0,704.75,5.0,3.0,5.0,13.0,Loyal Customers,0,2026-03-30
C06082,United States,26,Male,Silver,2025-04-15,389.0,2.0,158.51999999999998,3.0,3.0,2.0,8.0,Loyal Customers,0,2026-03-30
C06083,United States,47,Male,Free,2023-05-14,619.0,1.0,77.74,3.0,3.0,1.0,7.0,Loyal Customers,1,2026-03-30
C06084,United Kingdom,18,Male,Platinum,2026-02-21,152.0,3.0,417.8,5.0,3.0,4.0,12.0,Loyal Customers,0,2026-03-30
C06085,Japan,43,Female,Free,2021-01-11,735.0,3.0,228.44,2.0,3.0,2.0,7.0,Regular,0,2026-03-30
C06086,India,36,Female,Free,2025-03-08,345.0,7.0,860.16,4.0,3.0,5.0,12.0,Loyal Customers,0,2026-03-30
C06087,Canada,43,Female,Free,2025-05-07,1168.0,3.0,264.64,1.0,3.0,3.0,7.0,At Risk,0,2026-03-30
C06088,Turkey,40,Male,Platinum,2025-03-21,158.0,5.0,180.21,4.0,3.0,2.0,9.0,Loyal Customers,0,2026-03-30
C06089,India,45,Male,Free,2024-06-16,1854.0,1.0,95.05,1.0,3.0,1.0,5.0,Regular,0,2026-03-30
C06090,United States,34,Female,Platinum,2025-03-11,117.0,2.0,32.16,5.0,3.0,1.0,9.0,Loyal Customers,1,2026-03-30
C06091,United States,23,Female,Free,2021-10-20,245.0,2.0,194.2,4.0,3.0,2.0,9.0,Loyal Customers,0,2026-03-30
C06092,India,39,Male,Free,2024-12-23,,,,,,,,No orders in window,0,2026-03-30
C06093,Canada,18,Male,Free,2025-03-30,165.0,4.0,598.05,4.0,3.0,4.0,11.0,Loyal Customers,0,2026-03-30
C06094,United States,42,Female,Free,2026-02-17,952.0,1.0,24.58,2.0,3.0,1.0,6.0,Regular,0,2026-03-30
C06095,Singapore,36,Male,Gold,2024-04-02,442.0,5.0,1064.69,3.0,3.0,5.0,11.0,Loyal Customers,0,2026-03-30
C06096,South Korea,35,Male,Silver,2025-06-24,771.0,5.0,397.28,2.0,3.0,3.0,8.0,At Risk,0,2026-03-30
C06097,Canada,34,Female,Silver,2026-03-10,353.0,2.0,181.48,3.0,3.0,2.0,8.0,Loyal Customers,0,2026-03-30
C06098,Germany,35,Male,Free,2024-05-14,140.0,3.0,468.1,5.0,3.0,4.0,12.0,Loyal Customers,0,2026-03-30
C06099,Germany,31,Female,Free,2023-12-28,337.0,4.0,251.38,4.0,3.0,2.0,9.0,Loyal Customers,0,2026-03-30
C06100,France,47,Female,Silver,2026-02-13,815.0,3.0,307.27,2.0,3.0,3.0,8.0,At Risk,1,2026-03-30
C06101,Spain,26,Female,Silver,2023-01-13,27.0,6.0,982.25,5.0,3.0,5.0,13.0,Loyal Customers,1,2026-03-30
C06102,United States,21,Male,Gold,2025-08-09,958.0,2.0,66.72,2.0,3.0,1.0,6.0,Regular,0,2026-03-30
C06103,United States,34,Female,Gold,2025-04-17,399.0,5.0,589.69,3.0,3.0,4.0,10.0,Loyal Customers,0,2026-03-30
C06104,United States,23,Female,Silver,2025-04-08,86.0,5.0,843.9,5.0,3.0,5.0,13.0,Loyal Customers,0,2026-03-30
C06105,United States,48,Other,Platinum,2026-03-16,35.0,2.0,315.92,5.0,3.0,3.0,11.0,Loyal Customers,0,2026-03-30
C06106,Spain,35,Male,Silver,2025-12-11,724.0,6.0,647.87,2.0,3.0,5.0,10.0,At Risk,0,2026-03-30
C06107,South Africa,27,Male,Free,2026-03-02,762.0,1.0,18.47,2.0,3.0,1.0,6.0,Regular,0,2026-03-30
C06108,United States,37,Male,Silver,2025-02-03,456.0,3.0,390.63,3.0,3.0,3.0,9.0,Loyal Customers,0,2026-03-30
C06109,Brazil,55,Female,Silver,2025-12-30,1418.0,3.0,327.02,1.0,3.0,3.0,7.0,At Risk,0,2026-03-30
C06110,United States,43,Male,Platinum,2024-05-22,1319.0,2.0,126.29,1.0,3.0,1.0,5.0,Regular,0,2026-03-30
C06111,Brazil,44,Male,Free,2020-04-23,720.0,4.0,533.96,2.0,3.0,4.0,9.0,At Risk,0,2026-03-30
C06112,Brazil,45,Male,Gold,2025-07-20,117.0,3.0,180.48,5.0,3.0,2.0,10.0,Loyal Customers,0,2026-03-30
C06113,Sweden,45,Other,Silver,2014-10-25,413.0,2.0,392.03,3.0,3.0,3.0,9.0,Loyal Customers,0,2026-03-30
C06114,Japan,37,Male,Free,2025-07-14,1203.0,3.0,499.02,1.0,3.0,4.0,8.0,At Risk,1,2026-03-30
C06115,Poland,21,Female,Silver,2026-01-02,101.0,1.0,165.55,5.0,3.0,2.0,10.0,Loyal Customers,0,2026-03-30
C06116,Brazil,30,Male,Free,2025-11-18,1684.0,2.0,152.69,1.0,3.0,2.0,6.0,Regular,0,2026-03-30
C06117,United States,34,Female,Silver,2023-08-21,1043.0,2.0,184.8,2.0,3.0,2.0,7.0,Regular,0,2026-03-30
C06118,Brazil,18,Male,Gold,2025-05-31,860.0,3.0,278.67,2.0,3.0,3.0,8.0,At Risk,0,2026-03-30
C06119,France,30,Female,Platinum,2025-10-21,574.0,6.0,904.9,3.0,3.0,5.0,11.0,Loyal Customers,0,2026-03-30
C06120,United States,24,Female,Gold,2024-04-30,181.0,7.0,818.4300000000001,4.0,3.0,5.0,12.0,Loyal Customers,1,2026-03-30
C06121,Mexico,40,Female,Free,2024-11-09,10.0,3.0,262.39,5.0,3.0,3.0,11.0,Loyal Customers,0,2026-03-30
C06122,Germany,48,Female,Free,2021-04-24,721.0,2.0,83.64,2.0,3.0,1.0,6.0,Regular,0,2026-03-30
C06123,South Korea,25,Male,Gold,2023-11-03,1264.0,3.0,118.92,1.0,3.0,1.0,5.0,Regular,0,2026-03-30
C06124,United States,22,Male,Free,2025-08-24,356.0,4.0,376.73,3.0,3.0,3.0,9.0,Loyal Customers,0,2026-03-30
C06125,Germany,40,Male,Free,2022-02-04,117.0,3.0,192.86,5.0,3.0,2.0,10.0,Loyal Customers,0,2026-03-30
C06126,France,43,Male,Platinum,2024-09-28,1063.0,3.0,1472.1799999999998,1.0,3.0,5.0,9.0,At Risk,0,2026-03-30
C06127,Germany,40,Male,Gold,2022-08-14,1514.0,3.0,443.86,1.0,3.0,4.0,8.0,At Risk,0,2026-03-30
C06128,Turkey,48,Female,Free,2018-10-31,708.0,4.0,252.34,2.0,3.0,2.0,7.0,Regular,0,2026-03-30
C06129,United States,37,Male,Free,2025-10-30,256.0,1.0,82.63,4.0,3.0,1.0,8.0,Loyal Customers,0,2026-03-30
C06130,Brazil,39,Female,Free,2024-10-24,91.0,3.0,323.31,5.0,3.0,3.0,11.0,Loyal Customers,0,2026-03-30
C06131,United States,40,Female,Free,2024-05-22,1911.0,2.0,379.1,1.0,3.0,3.0,7.0,At Risk,0,2026-03-30
C06132,India,47,Female,Free,2024-05-03,374.0,5.0,1576.15,3.0,3.0,5.0,11.0,Loyal Customers,0,2026-03-30
C06133,Brazil,27,Female,Free,2023-12-10,339.0,4.0,527.27,4.0,3.0,4.0,11.0,Loyal Customers,0,2026-03-30
C06134,Canada,26,Male,Platinum,2021-05-08,902.0,3.0,449.75,2.0,3.0,4.0,9.0,At Risk,1,2026-03-30
C06135,United Kingdom,35,Other,Silver,2021-08-22,763.0,4.0,658.94,2.0,3.0,5.0,10.0,At Risk,0,2026-03-30
C06136,United Kingdom,53,Male,Silver,2022-06-06,26.0,3.0,242.8,5.0,3.0,2.0,10.0,Loyal Customers,0,2026-03-30
C06137,Brazil,33,Female,Silver,2026-03-20,770.0,1.0,99.07,2.0,3.0,1.0,6.0,Regular,0,2026-03-30
C06138,Netherlands,43,Male,Gold,2024-12-14,39.0,2.0,780.45,5.0,3.0,5.0,13.0,Loyal Customers,0,2026-03-30
C06139,United States,58,Male,Silver,2023-03-26,33.0,3.0,181.83,5.0,3.0,2.0,10.0,Loyal Customers,0,2026-03-30
C06140,Brazil,32,Female,Gold,2024-08-21,468.0,2.0,244.64,3.0,3.0,2.0,8.0,Loyal Customers,0,2026-03-30
C06141,France,22,Male,Platinum,2025-07-26,171.0,4.0,463.42,4.0,3.0,4.0,11.0,Loyal Customers,0,2026-03-30
C06142,France,52,Female,Gold,2025-10-17,429.0,5.0,494.75,3.0,3.0,4.0,10.0,Loyal Customers,0,2026-03-30
C06143,France,28,Male,Free,2024-06-25,1423.0,3.0,718.21,1.0,3.0,5.0,9.0,At Risk,0,2026-03-30
C06144,France,33,Female,Free,2025-01-12,1379.0,1.0,115.61,1.0,3.0,1.0,5.0,Regular,0,2026-03-30
C06145,Poland,32,Female,Free,2025-05-09,855.0,3.0,301.86,2.0,3.0,3.0,8.0,At Risk,0,2026-03-30
C06146,Australia,45,Male,Free,2024-05-11,60.0,4.0,874.47,5.0,3.0,5.0,13.0,Loyal Customers,0,2026-03-30
C06147,Italy,27,Female,Free,2025-03-17,1529.0,1.0,122.0,1.0,3.0,1.0,5.0,Regular,0,2026-03-30
C06148,United States,29,Female,Free,2026-04-01,181.0,2.0,136.17000000000002,4.0,3.0,1.0,8.0,Loyal Customers,1,2026-03-30
C06149,United Kingdom,36,Female,Gold,2020-06-08,362.0,3.0,308.07000000000005,3.0,3.0,3.0,9.0,Loyal Customers,0,2026-03-30
C06150,United Kingdom,37,Female,Free,2024-05-31,,,,,,,,No orders in window,0,2026-03-30
C06151,Germany,47,Female,Free,2022-03-30,,,,,,,,No orders in window,1,2026-03-30
C06152,Mexico,37,Female,Platinum,2023-09-14,300.0,2.0,108.93,4.0,3.0,1.0,8.0,Loyal Customers,0,2026-03-30
C06153,Singapore,37,Female,Gold,2024-01-17,1794.0,2.0,99.85,1.0,3.0,1.0,5.0,Regular,0,2026-03-30
C06154,Mexico,28,Female,Free,2026-02-05,398.0,4.0,167.31,3.0,3.0,2.0,8.0,Loyal Customers,0,2026-03-30
C06155,Canada,18,Female,Free,2024-06-08,1248.0,2.0,309.65,1.0,3.0,3.0,7.0,At Risk,0,2026-03-30
C06156,United States,18,Male,Silver,2025-07-22,388.0,2.0,132.77,3.0,3.0,1.0,7.0,Loyal Customers,0,2026-03-30
C06157,Italy,45,Female,Gold,2025-12-21,378.0,2.0,526.93,3.0,3.0,4.0,10.0,Loyal Customers,0,2026-03-30
C06158,United Kingdom,23,Male,Free,2025-01-21,95.0,5.0,1028.32,5.0,3.0,5.0,13.0,Loyal Customers,0,2026-03-30
C06159,South Korea,24,Female,Free,2023-09-01,175.0,3.0,269.42,4.0,3.0,3.0,10.0,Loyal Customers,0,2026-03-30
C06160,Poland,26,Female,Free,2025-06-27,,,,,,,,No orders in window,0,2026-03-30
C06161,Germany,45,Male,Silver,2024-09-12,1175.0,1.0,59.92,1.0,3.0,1.0,5.0,Regular,0,2026-03-30
C06162,Netherlands,33,Female,Platinum,2025-09-20,186.0,4.0,550.95,4.0,3.0,4.0,11.0,Loyal Customers,0,2026-03-30
C06163,United Kingdom,43,Female,Free,2025-07-03,821.0,3.0,513.08,2.0,3.0,4.0,9.0,At Risk,0,2026-03-30
C06164,Canada,60,Male,Free,2022-05-30,1585.0,1.0,64.86,1.0,3.0,1.0,5.0,Regular,0,2026-03-30
C06165,Canada,31,Female,Free,2026-03-22,287.0,5.0,383.44,4.0,3.0,3.0,10.0,Loyal Customers,0,2026-03-30
C06166,United States,49,Male,Free,2022-04-08,180.0,2.0,291.94,4.0,3.0,3.0,10.0,Loyal Customers,0,2026-03-30
C06167,Italy,29,Male,Free,2025-07-14,1492.0,2.0,125.87,1.0,3.0,1.0,5.0,Regular,0,2026-03-30
C06168,Germany,68,Female,Free,2025-09-23,206.0,2.0,236.11,4.0,3.0,2.0,9.0,Loyal Customers,0,2026-03-30
C06169,South Africa,33,Female,Free,2026-01-17,1926.0,2.0,287.54,1.0,3.0,3.0,7.0,At Risk,0,2026-03-30
C06170,United States,26,Male,Free,2023-03-17,646.0,3.0,263.61,2.0,3.0,3.0,8.0,At Risk,0,2026-03-30
C06171,Australia,39,Female,Free,2023-10-07,598.0,4.0,435.13,3.0,3.0,4.0,10.0,Loyal Customers,0,2026-03-30
C06172,Mexico,34,Female,Free,2024-12-27,90.0,4.0,502.25,5.0,3.0,4.0,12.0,Loyal Customers,0,2026-03-30
C06173,United States,47,Male,Free,2026-02-24,306.0,6.0,626.93,4.0,3.0,5.0,12.0,Loyal Customers,0,2026-03-30
C06174,France,32,Male,Gold,2023-12-21,67.0,3.0,141.64,5.0,3.0,2.0,10.0,Loyal Customers,0,2026-03-30
C06175,France,28,Male,Free,2022-08-06,49.0,5.0,606.97,5.0,3.0,4.0,12.0,Loyal Customers,0,2026-03-30
C06176,United Kingdom,36,Other,Free,2024-08-07,673.0,4.0,761.72,2.0,3.0,5.0,10.0,At Risk,0,2026-03-30
C06177,United Kingdom,25,Male,Free,2021-11-14,749.0,3.0,496.02,2.0,3.0,4.0,9.0,At Risk,0,2026-03-30
C06178,Netherlands,19,Female,Free,2024-11-07,1180.0,2.0,118.1,1.0,3.0,1.0,5.0,Regular,0,2026-03-30
C06179,Mexico,56,Female,Silver,2024-03-16,626.0,3.0,220.63,2.0,3.0,2.0,7.0,Regular,0,2026-03-30
C06180,India,50,Other,Free,2024-09-20,257.0,2.0,600.9599999999999,4.0,3.0,4.0,11.0,Loyal Customers,0,2026-03-30
C06181,Japan,48,Female,Gold,2026-02-19,1585.0,3.0,197.47,1.0,3.0,2.0,6.0,Regular,0,2026-03-30
C06182,United States,46,Female,Gold,2024-12-05,782.0,3.0,109.8,2.0,3.0,1.0,6.0,Regular,0,2026-03-30
C06183,Australia,32,Male,Silver,2025-10-02,985.0,3.0,314.07,2.0,3.0,3.0,8.0,At Risk,0,2026-03-30
C06184,United States,36,Female,Free,2025-05-04,42.0,5.0,476.93,5.0,3.0,4.0,12.0,Loyal Customers,0,2026-03-30
C06185,France,35,Female,Silver,2025-02-05,635.0,3.0,276.38,2.0,3.0,3.0,8.0,At Risk,0,2026-03-30
C06186,South Korea,48,Male,Gold,2026-02-16,456.0,4.0,496.76,3.0,3.0,4.0,10.0,Loyal Customers,0,2026-03-30
C06187,Uae,35,Male,Free,2024-11-11,207.0,3.0,644.19,4.0,3.0,5.0,12.0,Loyal Customers,0,2026-03-30
C06188,Brazil,42,Female,Free,2026-02-12,716.0,4.0,299.72,2.0,3.0,3.0,8.0,At Risk,0,2026-03-30
C06189,Mexico,18,Male,Free,2024-10-25,314.0,3.0,812.79,4.0,3.0,5.0,12.0,Loyal Customers,0,2026-03-30
C06190,United States,34,Male,Free,2025-09-20,959.0,5.0,719.49,2.0,3.0,5.0,10.0,At Risk,0,2026-03-30
C06191,United States,38,Male,Free,2025-09-19,1080.0,6.0,493.12,1.0,3.0,4.0,8.0,At Risk,0,2026-03-30
C06192,United Kingdom,40,Male,Free,2024-08-29,47.0,4.0,420.77,5.0,3.0,4.0,12.0,Loyal Customers,0,2026-03-30
C06193,United Kingdom,25,Male,Silver,2024-09-19,2102.0,1.0,59.78,1.0,3.0,1.0,5.0,Regular,0,2026-03-30
C06194,Mexico,25,Male,Free,2025-08-12,1017.0,3.0,836.3199999999999,2.0,3.0,5.0,10.0,At Risk,0,2026-03-30
C06195,France,57,Male,Free,2022-11-21,616.0,1.0,476.64,3.0,3.0,4.0,10.0,Loyal Customers,0,2026-03-30
C06196,Canada,37,Female,Free,2024-07-13,1904.0,1.0,45.86,1.0,3.0,1.0,5.0,Regular,0,2026-03-30
C06197,United States,31,Male,Free,2025-01-14,,,,,,,,No orders in window,0,2026-03-30
C06198,India,22,Male,Silver,2024-02-14,1119.0,1.0,185.99,1.0,3.0,2.0,6.0,Regular,0,2026-03-30
C06199,France,38,Male,Free,2024-07-10,71.0,4.0,411.35,5.0,3.0,4.0,12.0,Loyal Customers,0,2026-03-30
C06200,France,27,Female,Free,2024-04-20,1954.0,1.0,166.32,1.0,3.0,2.0,6.0,Regular,0,2026-03-30
C06201,Sweden,30,Male,Free,2024-04-12,37.0,2.0,465.3,5.0,3.0,4.0,12.0,Loyal Customers,0,2026-03-30
C06202,United Kingdom,34,Male,Platinum,2025-09-29,503.0,7.0,1239.49,3.0,3.0,5.0,11.0,Loyal Customers,0,2026-03-30
C06203,Spain,35,Male,Free,2025-02-02,141.0,5.0,931.75,5.0,3.0,5.0,13.0,Loyal Customers,1,2026-03-30
C06204,Italy,37,Female,Silver,2025-05-26,24.0,5.0,337.64,5.0,3.0,3.0,11.0,Loyal Customers,0,2026-03-30
C06205,Japan,33,Male,Free,2026-01-28,377.0,4.0,200.36,3.0,3.0,2.0,8.0,Loyal Customers,0,2026-03-30
C06206,United States,66,Female,Free,2023-05-26,449.0,2.0,72.74000000000001,3.0,3.0,1.0,7.0,Loyal Customers,0,2026-03-30
C06207,United States,51,Female,Free,2025-07-06,135.0,6.0,836.78,5.0,3.0,5.0,13.0,Loyal Customers,1,2026-03-30
C06208,India,62,Male,Silver,2020-12-27,425.0,4.0,387.18,3.0,3.0,3.0,9.0,Loyal Customers,0,2026-03-30
C06209,United States,29,Male,Silver,2020-10-22,8.0,5.0,557.5,5.0,3.0,4.0,12.0,Loyal Customers,0,2026-03-30
C06210,United States,34,Female,Silver,2025-03-04,918.0,3.0,200.94,2.0,3.0,2.0,7.0,Regular,1,2026-03-30
C06211,Canada,35,Male,Free,2026-01-23,154.0,3.0,444.67,4.0,3.0,4.0,11.0,Loyal Customers,0,2026-03-30
C06212,Canada,52,Other,Free,2025-06-05,395.0,2.0,89.11,3.0,3.0,1.0,7.0,Loyal Customers,0,2026-03-30
C06213,Japan,32,Male,Free,2024-05-05,431.0,3.0,295.7,3.0,3.0,3.0,9.0,Loyal Customers,0,2026-03-30
C06214,Canada,18,Female,Free,2025-08-02,1392.0,2.0,297.94,1.0,3.0,3.0,7.0,At Risk,0,2026-03-30
C06215,Japan,27,Male,Silver,2023-12-18,134.0,8.0,969.9,5.0,3.0,5.0,13.0,Loyal Customers,0,2026-03-30
C06216,Brazil,45,Male,Free,2024-09-01,1603.0,2.0,77.28999999999999,1.0,3.0,1.0,5.0,Regular,0,2026-03-30
C06217,Japan,53,Female,Gold,2025-11-27,83.0,3.0,326.35,5.0,3.0,3.0,11.0,Loyal Customers,0,2026-03-30
C06218,United States,21,Male,Free,2025-07-14,36.0,4.0,375.1,5.0,3.0,3.0,11.0,Loyal Customers,0,2026-03-30
C06219,Singapore,42,Male,Free,2025-01-17,1633.0,5.0,408.95,1.0,3.0,4.0,8.0,At Risk,0,2026-03-30
C06220,Canada,41,Male,Free,2022-10-13,255.0,3.0,341.49,4.0,3.0,3.0,10.0,Loyal Customers,0,2026-03-30
C06221,India,31,Female,Gold,2025-12-03,1106.0,3.0,384.53,1.0,3.0,3.0,7.0,At Risk,0,2026-03-30
C06222,India,39,Male,Silver,2025-05-23,906.0,3.0,424.3,2.0,3.0,4.0,9.0,At Risk,0,2026-03-30
C06223,United States,44,Female,Free,2026-01-22,1025.0,3.0,149.38,2.0,3.0,2.0,7.0,Regular,0,2026-03-30
C06224,United States,24,Female,Silver,2024-11-27,198.0,2.0,200.56,4.0,3.0,2.0,9.0,Loyal Customers,0,2026-03-30
C06225,Germany,41,Female,Gold,2025-06-07,1266.0,3.0,325.75,1.0,3.0,3.0,7.0,At Risk,0,2026-03-30
C06226,France,34,Female,Free,2024-08-14,264.0,4.0,747.03,4.0,3.0,5.0,12.0,Loyal Customers,0,2026-03-30
C06227,Netherlands,50,Female,Silver,2024-11-13,362.0,2.0,73.9,3.0,3.0,1.0,7.0,Loyal Customers,0,2026-03-30
C06228,United States,42,Female,Free,2024-07-09,1221.0,2.0,365.8,1.0,3.0,3.0,7.0,At Risk,0,2026-03-30
C06229,Brazil,37,Male,Free,2024-12-05,928.0,2.0,163.84,2.0,3.0,2.0,7.0,Regular,1,2026-03-30
C06230,India,18,Male,Free,2025-07-28,772.0,4.0,321.74,2.0,3.0,3.0,8.0,At Risk,0,2026-03-30
C06231,Brazil,29,Female,Free,2025-02-12,1108.0,4.0,1065.44,1.0,3.0,5.0,9.0,At Risk,0,2026-03-30
C06232,United States,27,Male,Gold,2024-10-01,386.0,3.0,166.58,3.0,3.0,2.0,8.0,Loyal Customers,1,2026-03-30
C06233,United States,37,Female,Free,2024-05-18,507.0,2.0,110.98,3.0,3.0,1.0,7.0,Loyal Customers,0,2026-03-30
C06234,United States,43,Male,Free,2021-03-07,152.0,3.0,183.1,5.0,3.0,2.0,10.0,Loyal Customers,0,2026-03-30
C06235,United Kingdom,27,Male,Silver,2026-03-31,702.0,3.0,183.91,2.0,3.0,2.0,7.0,Regular,0,2026-03-30
C06236,Spain,30,Female,Free,2024-10-11,26.0,5.0,933.1,5.0,3.0,5.0,13.0,Loyal Customers,0,2026-03-30
C06237,United Kingdom,23,Male,Free,2022-03-23,315.0,5.0,439.59,4.0,3.0,4.0,11.0,Loyal Customers,0,2026-03-30
C06238,Uae,32,Male,Free,2026-02-01,362.0,1.0,32.4,3.0,3.0,1.0,7.0,Loyal Customers,0,2026-03-30
C06239,United Kingdom,27,Female,Free,2025-03-23,281.0,2.0,102.41,4.0,3.0,1.0,8.0,Loyal Customers,0,2026-03-30
C06240,United States,19,Male,Free,2026-03-21,994.0,1.0,23.18,2.0,3.0,1.0,6.0,Regular,0,2026-03-30
C06241,India,18,Female,Platinum,2026-01-22,1687.0,3.0,261.01,1.0,3.0,3.0,7.0,At Risk,0,2026-03-30
C06242,Japan,31,Male,Free,2023-10-30,390.0,1.0,155.46,3.0,3.0,2.0,8.0,Loyal Customers,1,2026-03-30
C06243,Japan,39,Female,Free,2023-09-06,477.0,4.0,508.76,3.0,3.0,4.0,10.0,Loyal Customers,0,2026-03-30
C06244,Australia,33,Female,Free,2026-03-10,698.0,1.0,241.9,2.0,3.0,2.0,7.0,Regular,1,2026-03-30
C06245,Italy,32,Male,Silver,2025-10-13,198.0,3.0,180.75,4.0,3.0,2.0,9.0,Loyal Customers,0,2026-03-30
C06246,United Kingdom,32,Male,Free,2026-03-05,146.0,2.0,181.78,5.0,3.0,2.0,10.0,Loyal Customers,1,2026-03-30
C06247,United States,52,Female,Free,2024-03-22,,,,,,,,No orders in window,0,2026-03-30
C06248,Germany,44,Male,Free,2018-07-13,1238.0,1.0,152.91,1.0,3.0,2.0,6.0,Regular,0,2026-03-30
C06249,France,34,Male,Platinum,2026-02-12,488.0,4.0,245.28,3.0,3.0,2.0,8.0,Loyal Customers,0,2026-03-30
C06250,United States,44,Female,Gold,2023-09-11,461.0,1.0,35.49,3.0,3.0,1.0,7.0,Loyal Customers,0,2026-03-30
C06251,Australia,44,Female,Free,2021-04-16,,,,,,,,No orders in window,0,2026-03-30
C06252,India,49,Male,Free,2024-08-30,63.0,3.0,512.0600000000001,5.0,3.0,4.0,12.0,Loyal Customers,0,2026-03-30
C06253,Spain,30,Female,Gold,2025-12-27,231.0,3.0,288.4,4.0,3.0,3.0,10.0,Loyal Customers,0,2026-03-30
C06254,Japan,33,Male,Silver,2025-12-06,1401.0,1.0,39.89,1.0,3.0,1.0,5.0,Regular,0,2026-03-30
C06255,United States,21,Male,Free,2025-07-31,166.0,4.0,433.87,4.0,3.0,4.0,11.0,Loyal Customers,0,2026-03-30
C06256,United States,20,Female,Free,2024-08-10,1235.0,7.0,785.03,1.0,3.0,5.0,9.0,At Risk,0,2026-03-30
C06257,United States,41,Male,Free,2023-12-19,262.0,2.0,640.19,4.0,3.0,5.0,12.0,Loyal Customers,0,2026-03-30
C06258,United States,33,Male,Silver,2025-05-25,1252.0,5.0,305.13,1.0,3.0,3.0,7.0,At Risk,1,2026-03-30
C06259,Brazil,52,Male,Free,2023-03-26,440.0,4.0,909.08,3.0,3.0,5.0,11.0,Loyal Customers,0,2026-03-30
C06260,United States,50,Male,Gold,2026-01-20,1167.0,3.0,267.39,1.0,3.0,3.0,7.0,At Risk,0,2026-03-30
C06261,Italy,34,Female,Silver,2024-05-13,141.0,1.0,240.04,5.0,3.0,2.0,10.0,Loyal Customers,0,2026-03-30
C06262,India,20,Female,Free,2026-03-30,327.0,1.0,66.05,4.0,3.0,1.0,8.0,Loyal Customers,0,2026-03-30
C06263,United States,40,Male,Free,2024-06-05,1399.0,1.0,30.21,1.0,3.0,1.0,5.0,Regular,0,2026-03-30
C06264,Germany,28,Other,Silver,2025-12-27,394.0,2.0,328.54,3.0,3.0,3.0,9.0,Loyal Customers,0,2026-03-30
C06265,Singapore,29,Male,Gold,2025-06-09,2229.0,1.0,169.71,1.0,3.0,2.0,6.0,Regular,1,2026-03-30
C06266,Canada,23,Female,Free,2025-03-26,421.0,3.0,154.12,3.0,3.0,2.0,8.0,Loyal Customers,0,2026-03-30
C06267,United States,25,Female,Gold,2026-02-04,201.0,4.0,336.53000000000003,4.0,3.0,3.0,10.0,Loyal Customers,0,2026-03-30
C06268,United States,31,Male,Free,2026-03-18,603.0,1.0,63.63,3.0,3.0,1.0,7.0,Loyal Customers,0,2026-03-30
C06269,United States,34,Female,Silver,2025-01-18,280.0,2.0,323.5,4.0,3.0,3.0,10.0,Loyal Customers,0,2026-03-30
C06270,Canada,28,Female,Free,2026-02-08,1293.0,3.0,307.2,1.0,3.0,3.0,7.0,At Risk,0,2026-03-30
C06271,Poland,28,Female,Free,2025-05-08,11.0,1.0,50.9,5.0,3.0,1.0,9.0,Loyal Customers,0,2026-03-30
C06272,United Kingdom,51,Female,Free,2021-07-15,3.0,7.0,1591.95,5.0,3.0,5.0,13.0,Loyal Customers,0,2026-03-30
C06273,United Kingdom,23,Other,Gold,2025-02-09,1176.0,2.0,331.16,1.0,3.0,3.0,7.0,At Risk,0,2026-03-30
C06274,United States,27,Female,Free,2025-08-20,1244.0,3.0,430.91,1.0,3.0,4.0,8.0,At Risk,0,2026-03-30
C06275,United Kingdom,40,Male,Free,2025-07-13,1019.0,5.0,602.95,2.0,3.0,4.0,9.0,At Risk,0,2026-03-30
C06276,United States,50,Female,Silver,2026-01-04,629.0,3.0,179.97,2.0,3.0,2.0,7.0,Regular,0,2026-03-30
C06277,United Kingdom,22,Male,Gold,2025-04-16,361.0,3.0,260.93,3.0,3.0,3.0,9.0,Loyal Customers,0,2026-03-30
C06278,United States,32,Female,Gold,2022-12-10,288.0,2.0,303.36,4.0,3.0,3.0,10.0,Loyal Customers,0,2026-03-30
C06279,United States,39,Female,Silver,2025-10-17,208.0,3.0,253.86,4.0,3.0,2.0,9.0,Loyal Customers,0,2026-03-30
C06280,United States,28,Male,Silver,2024-12-05,82.0,3.0,509.5,5.0,3.0,4.0,12.0,Loyal Customers,0,2026-03-30
C06281,India,37,Other,Free,2022-08-02,2210.0,1.0,27.56,1.0,3.0,1.0,5.0,Regular,0,2026-03-30
C06282,United States,36,Female,Gold,2026-02-11,1096.0,4.0,486.24,1.0,3.0,4.0,8.0,At Risk,0,2026-03-30
C06283,Australia,26,Male,Silver,2021-04-11,510.0,6.0,372.32,3.0,3.0,3.0,9.0,Loyal Customers,0,2026-03-30
C06284,Australia,41,Female,Free,2024-10-13,45.0,2.0,180.93,5.0,3.0,2.0,10.0,Loyal Customers,0,2026-03-30
C06285,United States,26,Male,Free,2023-05-10,1582.0,2.0,41.89,1.0,3.0,1.0,5.0,Regular,0,2026-03-30
C06286,Italy,41,Female,Free,2025-12-18,989.0,1.0,206.72,2.0,3.0,2.0,7.0,Regular,1,2026-03-30
C06287,France,41,Female,Free,2025-01-27,344.0,2.0,159.64,4.0,3.0,2.0,9.0,Loyal Customers,0,2026-03-30
C06288,France,32,Female,Free,2026-01-01,324.0,1.0,98.07,4.0,3.0,1.0,8.0,Loyal Customers,0,2026-03-30
C06289,United States,22,Male,Platinum,2023-02-07,1580.0,1.0,68.81,1.0,3.0,1.0,5.0,Regular,0,2026-03-30
C06290,Canada,20,Male,Platinum,2025-03-18,1550.0,2.0,195.16,1.0,3.0,2.0,6.0,Regular,0,2026-03-30
C06291,United States,51,Male,Free,2025-02-08,153.0,2.0,222.61,4.0,3.0,2.0,9.0,Loyal Customers,0,2026-03-30
C06292,Brazil,28,Other,Free,2025-11-14,779.0,5.0,457.34,2.0,3.0,4.0,9.0,At Risk,0,2026-03-30
C06293,United States,44,Male,Free,2019-10-28,1626.0,1.0,48.47,1.0,3.0,1.0,5.0,Regular,0,2026-03-30
C06294,India,41,Male,Silver,2025-06-23,380.0,3.0,310.11,3.0,3.0,3.0,9.0,Loyal Customers,0,2026-03-30
C06295,Canada,18,Male,Free,2023-06-05,1186.0,4.0,596.9599999999999,1.0,3.0,4.0,8.0,At Risk,0,2026-03-30
C06296,Canada,34,Male,Free,2026-02-08,177.0,6.0,457.79,4.0,3.0,4.0,11.0,Loyal Customers,0,2026-03-30
C06297,India,54,Male,Free,2025-05-31,1351.0,3.0,632.04,1.0,3.0,5.0,9.0,At Risk,0,2026-03-30
C06298,India,39,Male,Free,2025-11-21,1141.0,2.0,74.93,1.0,3.0,1.0,5.0,Regular,0,2026-03-30
C06299,Australia,47,Female,Platinum,2025-01-09,459.0,1.0,59.94,3.0,3.0,1.0,7.0,Loyal Customers,0,2026-03-30
C06300,United States,30,Male,Silver,2024-01-06,1444.0,2.0,192.08,1.0,3.0,2.0,6.0,Regular,1,2026-03-30
C06301,United States,35,Female,Platinum,2024-02-17,51.0,5.0,1096.0,5.0,3.0,5.0,13.0,Loyal Customers,0,2026-03-30
C06302,Mexico,18,Male,Platinum,2025-03-02,281.0,1.0,52.43,4.0,3.0,1.0,8.0,Loyal Customers,0,2026-03-30
C06303,Canada,19,Male,Gold,2023-09-10,527.0,4.0,223.29,3.0,3.0,2.0,8.0,Loyal Customers,0,2026-03-30
C06304,India,28,Female,Platinum,2025-12-14,426.0,4.0,182.08,3.0,3.0,2.0,8.0,Loyal Customers,0,2026-03-30
C06305,Mexico,34,Female,Platinum,2023-11-02,1413.0,2.0,108.84,1.0,3.0,1.0,5.0,Regular,1,2026-03-30
C06306,Canada,41,Male,Silver,2025-03-02,730.0,3.0,89.09,2.0,3.0,1.0,6.0,Regular,0,2026-03-30
C06307,United States,64,Male,Platinum,2026-03-01,,,,,,,,No orders in window,0,2026-03-30
C06308,Brazil,18,Female,Gold,2025-08-05,408.0,2.0,130.84,3.0,3.0,1.0,7.0,Loyal Customers,0,2026-03-30
C06309,Uae,26,Male,Free,2024-05-21,776.0,1.0,66.02,2.0,3.0,1.0,6.0,Regular,0,2026-03-30
C06310,Canada,31,Female,Free,2025-07-23,2.0,6.0,927.67,5.0,3.0,5.0,13.0,Loyal Customers,0,2026-03-30
C06311,Japan,58,Male,Free,2024-06-16,27.0,5.0,894.37,5.0,3.0,5.0,13.0,Loyal Customers,1,2026-03-30
C06312,South Africa,43,Female,Free,2024-10-30,739.0,1.0,119.24,2.0,3.0,1.0,6.0,Regular,0,2026-03-30
C06313,United States,70,Male,Gold,2023-05-01,205.0,5.0,660.55,4.0,3.0,5.0,12.0,Loyal Customers,0,2026-03-30
C06314,United States,20,Female,Free,2026-01-03,296.0,4.0,615.1,4.0,3.0,4.0,11.0,Loyal Customers,1,2026-03-30
C06315,United States,48,Male,Free,2024-11-06,166.0,7.0,1347.05,4.0,3.0,5.0,12.0,Loyal Customers,0,2026-03-30
C06316,Germany,18,Female,Free,2024-02-28,432.0,4.0,580.33,3.0,3.0,4.0,10.0,Loyal Customers,0,2026-03-30
C06317,Italy,31,Male,Free,2021-11-18,628.0,1.0,28.6,2.0,3.0,1.0,6.0,Regular,0,2026-03-30
C06318,Canada,35,Male,Free,2026-03-28,165.0,4.0,360.14,4.0,3.0,3.0,10.0,Loyal Customers,0,2026-03-30
C06319,Germany,35,Female,Free,2023-03-26,,,,,,,,No orders in window,0,2026-03-30
C06320,United States,32,Other,Gold,2025-04-13,323.0,3.0,720.59,4.0,3.0,5.0,12.0,Loyal Customers,0,2026-03-30
C06321,Germany,44,Female,Silver,2025-04-01,267.0,2.0,184.53,4.0,3.0,2.0,9.0,Loyal Customers,0,2026-03-30
C06322,Uae,34,Female,Silver,2025-10-22,63.0,1.0,30.61,5.0,3.0,1.0,9.0,Loyal Customers,0,2026-03-30
C06323,United States,45,Female,Free,2025-12-07,1098.0,2.0,154.3,1.0,3.0,2.0,6.0,Regular,0,2026-03-30
C06324,Germany,38,Male,Free,2025-11-11,83.0,4.0,587.0,5.0,3.0,4.0,12.0,Loyal Customers,0,2026-03-30
C06325,Germany,54,Male,Platinum,2022-08-25,239.0,2.0,377.59,4.0,3.0,3.0,10.0,Loyal Customers,0,2026-03-30
C06326,United States,31,Female,Free,2024-11-16,861.0,2.0,212.22,2.0,3.0,2.0,7.0,Regular,0,2026-03-30
C06327,United Kingdom,21,Male,Silver,2023-04-01,111.0,6.0,400.9500000000001,5.0,3.0,3.0,11.0,Loyal Customers,0,2026-03-30
C06328,Italy,21,Female,Free,2025-08-12,120.0,4.0,782.39,5.0,3.0,5.0,13.0,Loyal Customers,0,2026-03-30
C06329,Germany,35,Male,Silver,2024-05-06,,,,,,,,No orders in window,0,2026-03-30
C06330,Netherlands,18,Male,Free,2026-03-06,1209.0,5.0,245.76,1.0,3.0,2.0,6.0,Regular,0,2026-03-30
C06331,South Korea,25,Male,Free,2022-10-19,39.0,5.0,394.28,5.0,3.0,3.0,11.0,Loyal Customers,0,2026-03-30
C06332,Germany,19,Female,Free,2025-11-04,874.0,1.0,175.86,2.0,3.0,2.0,7.0,Regular,0,2026-03-30
C06333,Italy,18,Female,Free,2025-11-20,593.0,3.0,499.05,3.0,3.0,4.0,10.0,Loyal Customers,0,2026-03-30
C06334,United Kingdom,24,Female,Free,2025-10-29,797.0,2.0,149.97,2.0,3.0,2.0,7.0,Regular,1,2026-03-30
C06335,Brazil,46,Female,Free,2024-03-05,259.0,4.0,605.14,4.0,3.0,4.0,11.0,Loyal Customers,0,2026-03-30
C06336,United States,25,Other,Free,2022-06-22,171.0,6.0,731.64,4.0,3.0,5.0,12.0,Loyal Customers,0,2026-03-30
C06337,Brazil,18,Male,Free,2026-02-06,519.0,3.0,366.41,3.0,3.0,3.0,9.0,Loyal Customers,0,2026-03-30
C06338,United States,33,Other,Gold,2023-07-04,243.0,2.0,1386.75,4.0,3.0,5.0,12.0,Loyal Customers,0,2026-03-30
C06339,United States,35,Female,Free,2025-06-27,70.0,6.0,1519.98,5.0,3.0,5.0,13.0,Loyal Customers,0,2026-03-30
C06340,Uae,43,Male,Free,2024-03-20,1297.0,1.0,94.02,1.0,3.0,1.0,5.0,Regular,1,2026-03-30
C06341,United Kingdom,35,Female,Gold,2025-03-11,547.0,3.0,369.91,3.0,3.0,3.0,9.0,Loyal Customers,0,2026-03-30
C06342,Spain,62,Female,Silver,2025-06-15,546.0,1.0,14.35,3.0,3.0,1.0,7.0,Loyal Customers,0,2026-03-30
C06343,Brazil,42,Male,Free,2024-08-12,122.0,4.0,335.81,5.0,3.0,3.0,11.0,Loyal Customers,0,2026-03-30
C06344,United Kingdom,18,Male,Free,2025-09-01,89.0,1.0,46.27,5.0,3.0,1.0,9.0,Loyal Customers,0,2026-03-30
C06345,Italy,46,Female,Free,2025-01-11,145.0,3.0,450.9,5.0,3.0,4.0,12.0,Loyal Customers,0,2026-03-30
C06346,United Kingdom,33,Male,Free,2026-01-27,254.0,3.0,283.70000000000005,4.0,3.0,3.0,10.0,Loyal Customers,0,2026-03-30
C06347,Australia,28,Female,Platinum,2024-01-18,53.0,3.0,204.7,5.0,3.0,2.0,10.0,Loyal Customers,0,2026-03-30
C06348,Brazil,32,Female,Silver,2022-08-14,422.0,5.0,208.57,3.0,3.0,2.0,8.0,Loyal Customers,0,2026-03-30
C06349,United Kingdom,46,Male,Free,2023-12-22,640.0,4.0,322.21000000000004,2.0,3.0,3.0,8.0,At Risk,0,2026-03-30
C06350,South Korea,28,Male,Free,2024-06-18,42.0,6.0,785.69,5.0,3.0,5.0,13.0,Loyal Customers,0,2026-03-30
C06351,France,46,Male,Free,2025-06-08,1693.0,1.0,222.13,1.0,3.0,2.0,6.0,Regular,0,2026-03-30
C06352,United States,49,Male,Platinum,2024-10-09,507.0,4.0,206.99,3.0,3.0,2.0,8.0,Loyal Customers,0,2026-03-30
C06353,United States,43,Male,Platinum,2021-07-06,152.0,1.0,62.6,5.0,3.0,1.0,9.0,Loyal Customers,0,2026-03-30
C06354,Germany,42,Female,Silver,2024-06-27,624.0,2.0,346.06,3.0,3.0,3.0,9.0,Loyal Customers,0,2026-03-30
C06355,Germany,54,Male,Gold,2025-04-02,1151.0,3.0,1624.6799999999998,1.0,3.0,5.0,9.0,At Risk,0,2026-03-30
C06356,Australia,26,Male,Silver,2025-03-09,586.0,5.0,1540.33,3.0,3.0,5.0,11.0,Loyal Customers,0,2026-03-30
C06357,United States,45,Female,Silver,2026-03-15,480.0,3.0,616.16,3.0,3.0,4.0,10.0,Loyal Customers,0,2026-03-30
C06358,United States,32,Male,Free,2024-06-17,1129.0,4.0,360.42,1.0,3.0,3.0,7.0,At Risk,0,2026-03-30
C06359,Canada,33,Male,Free,2025-07-08,369.0,3.0,655.54,3.0,3.0,5.0,11.0,Loyal Customers,0,2026-03-30
C06360,South Korea,27,Male,Platinum,2026-01-18,770.0,3.0,128.91,2.0,3.0,1.0,6.0,Regular,0,2026-03-30
C06361,South Africa,61,Male,Silver,2023-10-03,602.0,3.0,311.59000000000003,3.0,3.0,3.0,9.0,Loyal Customers,0,2026-03-30
C06362,United States,43,Female,Free,2024-07-27,869.0,4.0,1133.62,2.0,3.0,5.0,10.0,At Risk,0,2026-03-30
C06363,South Africa,38,Male,Free,2024-05-21,594.0,2.0,254.59,3.0,3.0,2.0,8.0,Loyal Customers,0,2026-03-30
C06364,United Kingdom,53,Male,Free,2026-01-16,312.0,4.0,580.02,4.0,3.0,4.0,11.0,Loyal Customers,1,2026-03-30
C06365,Netherlands,21,Female,Free,2024-07-06,1143.0,4.0,158.95,1.0,3.0,2.0,6.0,Regular,1,2026-03-30
C06366,Australia,46,Male,Silver,2025-01-29,951.0,2.0,250.45,2.0,3.0,2.0,7.0,Regular,0,2026-03-30
C06367,United States,32,Male,Free,2026-03-22,546.0,3.0,68.03999999999999,3.0,3.0,1.0,7.0,Loyal Customers,0,2026-03-30
C06368,United States,23,Male,Gold,2025-12-03,62.0,4.0,172.79,5.0,3.0,2.0,10.0,Loyal Customers,0,2026-03-30
C06369,Brazil,37,Male,Platinum,2024-12-14,335.0,4.0,1127.73,4.0,3.0,5.0,12.0,Loyal Customers,0,2026-03-30
C06370,United States,47,Other,Free,2026-03-18,462.0,5.0,565.56,3.0,3.0,4.0,10.0,Loyal Customers,1,2026-03-30
C06371,Italy,45,Female,Free,2024-07-31,909.0,4.0,681.56,2.0,3.0,5.0,10.0,At Risk,0,2026-03-30
C06372,Italy,33,Male,Silver,2026-01-30,1725.0,1.0,38.15,1.0,3.0,1.0,5.0,Regular,0,2026-03-30
C06373,Uae,58,Female,Gold,2024-08-06,1560.0,1.0,101.84,1.0,3.0,1.0,5.0,Regular,0,2026-03-30
C06374,United States,22,Male,Silver,2024-02-13,1897.0,3.0,171.95,1.0,3.0,2.0,6.0,Regular,0,2026-03-30
C06375,United States,41,Male,Free,2025-10-04,316.0,3.0,335.76,4.0,3.0,3.0,10.0,Loyal Customers,0,2026-03-30
C06376,Mexico,34,Female,Free,2025-07-17,839.0,2.0,317.89000000000004,2.0,3.0,3.0,8.0,At Risk,0,2026-03-30
C06377,France,53,Female,Free,2024-07-16,1048.0,4.0,188.95,2.0,3.0,2.0,7.0,Regular,0,2026-03-30
C06378,Canada,18,Female,Gold,2024-07-23,132.0,6.0,963.23,5.0,3.0,5.0,13.0,Loyal Customers,0,2026-03-30
C06379,Germany,19,Male,Silver,2026-01-19,1118.0,2.0,238.86,1.0,3.0,2.0,6.0,Regular,1,2026-03-30
C06380,United Kingdom,30,Male,Silver,2024-09-24,42.0,2.0,78.68,5.0,3.0,1.0,9.0,Loyal Customers,0,2026-03-30
C06381,India,18,Female,Gold,2024-10-09,1006.0,2.0,119.74,2.0,3.0,1.0,6.0,Regular,0,2026-03-30
C06382,Mexico,27,Female,Silver,2026-03-18,1435.0,1.0,70.63,1.0,3.0,1.0,5.0,Regular,0,2026-03-30
C06383,Japan,41,Female,Silver,2026-03-11,1257.0,2.0,232.63,1.0,3.0,2.0,6.0,Regular,0,2026-03-30
C06384,Turkey,30,Female,Free,2025-02-27,1381.0,3.0,1049.62,1.0,3.0,5.0,9.0,At Risk,0,2026-03-30
C06385,India,23,Female,Gold,2025-09-20,465.0,2.0,70.7,3.0,3.0,1.0,7.0,Loyal Customers,0,2026-03-30
C06386,France,34,Female,Free,2024-11-22,1260.0,1.0,24.94,1.0,3.0,1.0,5.0,Regular,0,2026-03-30
C06387,United Kingdom,42,Male,Silver,2025-02-10,13.0,3.0,243.36,5.0,3.0,2.0,10.0,Loyal Customers,0,2026-03-30
C06388,Uae,63,Female,Gold,2025-03-07,575.0,1.0,51.96,3.0,3.0,1.0,7.0,Loyal Customers,0,2026-03-30
C06389,Brazil,22,Male,Free,2025-08-06,1903.0,2.0,149.21,1.0,3.0,2.0,6.0,Regular,0,2026-03-30
C06390,United Kingdom,23,Male,Silver,2025-06-10,1164.0,4.0,579.52,1.0,3.0,4.0,8.0,At Risk,0,2026-03-30
C06391,United States,29,Male,Platinum,2022-08-09,345.0,4.0,297.28,4.0,3.0,3.0,10.0,Loyal Customers,0,2026-03-30
C06392,United Kingdom,36,Female,Free,2025-11-29,160.0,5.0,309.32,4.0,3.0,3.0,10.0,Loyal Customers,0,2026-03-30
C06393,United States,42,Female,Platinum,2024-08-05,296.0,5.0,401.03,4.0,3.0,3.0,10.0,Loyal Customers,0,2026-03-30
C06394,France,32,Male,Free,2021-03-30,,,,,,,,No orders in window,1,2026-03-30
C06395,Mexico,43,Female,Silver,2025-10-11,1567.0,2.0,771.5799999999999,1.0,3.0,5.0,9.0,At Risk,0,2026-03-30
C06396,United Kingdom,37,Female,Gold,2022-05-22,1007.0,2.0,140.61,2.0,3.0,2.0,7.0,Regular,0,2026-03-30
C06397,United States,23,Female,Free,2023-12-25,253.0,5.0,1106.57,4.0,3.0,5.0,12.0,Loyal Customers,0,2026-03-30
C06398,United States,43,Female,Free,2024-11-14,588.0,3.0,258.62,3.0,3.0,2.0,8.0,Loyal Customers,0,2026-03-30
C06399,United States,51,Female,Gold,2026-02-09,1564.0,1.0,17.15,1.0,3.0,1.0,5.0,Regular,0,2026-03-30
C06400,Brazil,36,Male,Silver,2025-12-26,1052.0,4.0,1270.02,2.0,3.0,5.0,10.0,At Risk,0,2026-03-30
C06401,United States,37,Male,Silver,2024-10-29,1192.0,4.0,1180.62,1.0,3.0,5.0,9.0,At Risk,0,2026-03-30
C06402,France,26,Male,Gold,2025-09-09,66.0,6.0,1122.78,5.0,3.0,5.0,13.0,Loyal Customers,0,2026-03-30
C06403,South Korea,36,Female,Free,2026-03-31,1343.0,3.0,198.45,1.0,3.0,2.0,6.0,Regular,0,2026-03-30
C06404,United Kingdom,19,Female,Platinum,2024-10-22,362.0,3.0,221.01,3.0,3.0,2.0,8.0,Loyal Customers,1,2026-03-30
C06405,United States,31,Female,Free,2023-06-17,870.0,3.0,122.69,2.0,3.0,1.0,6.0,Regular,0,2026-03-30
C06406,Australia,59,Male,Free,2024-10-03,288.0,3.0,412.89,4.0,3.0,4.0,11.0,Loyal Customers,0,2026-03-30
C06407,Uae,28,Male,Free,2023-03-06,778.0,6.0,732.43,2.0,3.0,5.0,10.0,At Risk,0,2026-03-30
C06408,United Kingdom,22,Male,Gold,2022-02-15,488.0,5.0,891.04,3.0,3.0,5.0,11.0,Loyal Customers,1,2026-03-30
C06409,Germany,29,Male,Platinum,2026-02-07,609.0,5.0,614.09,3.0,3.0,4.0,10.0,Loyal Customers,0,2026-03-30
C06410,United Kingdom,38,Male,Silver,2021-09-19,1096.0,1.0,78.87,1.0,3.0,1.0,5.0,Regular,0,2026-03-30
C06411,United Kingdom,32,Female,Platinum,2025-12-03,586.0,7.0,524.45,3.0,3.0,4.0,10.0,Loyal Customers,0,2026-03-30
C06412,United States,33,Male,Silver,2026-02-04,1013.0,3.0,1136.31,2.0,3.0,5.0,10.0,At Risk,0,2026-03-30
C06413,United States,40,Female,Free,2025-10-22,518.0,5.0,825.15,3.0,3.0,5.0,11.0,Loyal Customers,0,2026-03-30
C06414,United Kingdom,42,Male,Gold,2025-12-31,1228.0,3.0,296.53,1.0,3.0,3.0,7.0,At Risk,1,2026-03-30
C06415,United Kingdom,52,Male,Silver,2022-12-28,93.0,2.0,236.34,5.0,3.0,2.0,10.0,Loyal Customers,0,2026-03-30
C06416,United Kingdom,18,Male,Platinum,2024-10-02,391.0,1.0,209.26,3.0,3.0,2.0,8.0,Loyal Customers,0,2026-03-30
C06417,South Korea,32,Female,Free,2026-03-20,245.0,4.0,324.62,4.0,3.0,3.0,10.0,Loyal Customers,1,2026-03-30
C06418,United States,18,Male,Platinum,2024-11-17,948.0,4.0,123.45,2.0,3.0,1.0,6.0,Regular,0,2026-03-30
C06419,India,36,Other,Free,2023-08-23,1513.0,1.0,705.61,1.0,3.0,5.0,9.0,At Risk,0,2026-03-30
C06420,United States,30,Male,Free,2025-04-26,156.0,3.0,448.87,4.0,3.0,4.0,11.0,Loyal Customers,0,2026-03-30
C06421,United States,18,Female,Silver,2026-02-15,693.0,7.0,564.0699999999999,2.0,3.0,4.0,9.0,At Risk,1,2026-03-30
C06422,South Korea,32,Female,Silver,2025-01-11,1499.0,1.0,36.87,1.0,3.0,1.0,5.0,Regular,0,2026-03-30
C06423,United States,45,Female,Platinum,2026-03-16,199.0,4.0,958.05,4.0,3.0,5.0,12.0,Loyal Customers,0,2026-03-30
C06424,United States,55,Other,Silver,2024-06-05,672.0,3.0,247.32,2.0,3.0,2.0,7.0,Regular,0,2026-03-30
C06425,India,32,Female,Platinum,2025-05-18,16.0,4.0,349.83000000000004,5.0,3.0,3.0,11.0,Loyal Customers,0,2026-03-30
C06426,Canada,23,Male,Silver,2025-07-23,884.0,3.0,189.29,2.0,3.0,2.0,7.0,Regular,0,2026-03-30
C06427,Singapore,41,Female,Free,2025-11-23,758.0,2.0,163.10000000000002,2.0,3.0,2.0,7.0,Regular,0,2026-03-30
C06428,United States,44,Female,Gold,2022-10-31,239.0,1.0,697.44,4.0,3.0,5.0,12.0,Loyal Customers,0,2026-03-30
C06429,Italy,19,Male,Free,2022-09-26,2103.0,1.0,55.39,1.0,3.0,1.0,5.0,Regular,0,2026-03-30
C06430,Japan,23,Male,Free,2025-10-17,65.0,2.0,366.99,5.0,3.0,3.0,11.0,Loyal Customers,0,2026-03-30
C06431,Germany,21,Female,Free,2025-11-21,1219.0,5.0,737.3,1.0,3.0,5.0,9.0,At Risk,1,2026-03-30
C06432,United States,51,Male,Free,2024-07-05,20.0,2.0,110.28,5.0,3.0,1.0,9.0,Loyal Customers,1,2026-03-30
C06433,Germany,40,Male,Gold,2025-05-11,518.0,3.0,254.87,3.0,3.0,2.0,8.0,Loyal Customers,0,2026-03-30
C06434,Australia,29,Male,Free,2023-06-07,81.0,4.0,788.56,5.0,3.0,5.0,13.0,Loyal Customers,0,2026-03-30
C06435,Japan,34,Male,Free,2025-12-01,226.0,5.0,325.74,4.0,3.0,3.0,10.0,Loyal Customers,0,2026-03-30
C06436,France,18,Male,Free,2024-06-23,78.0,4.0,232.08,5.0,3.0,2.0,10.0,Loyal Customers,0,2026-03-30
C06437,United States,39,Female,Gold,2026-01-15,1282.0,2.0,96.52,1.0,3.0,1.0,5.0,Regular,0,2026-03-30
C06438,Turkey,47,Female,Gold,2022-09-09,124.0,3.0,651.06,5.0,3.0,5.0,13.0,Loyal Customers,0,2026-03-30
C06439,Spain,37,Male,Free,2024-07-12,960.0,5.0,614.6,2.0,3.0,4.0,9.0,At Risk,0,2026-03-30
C06440,Netherlands,51,Male,Gold,2023-05-10,829.0,5.0,749.83,2.0,3.0,5.0,10.0,At Risk,0,2026-03-30
C06441,Germany,31,Female,Platinum,2023-09-03,1283.0,1.0,52.06,1.0,3.0,1.0,5.0,Regular,0,2026-03-30
C06442,Turkey,29,Female,Gold,2025-02-27,2229.0,1.0,125.4,1.0,3.0,1.0,5.0,Regular,0,2026-03-30
C06443,United Kingdom,35,Male,Silver,2025-08-21,1025.0,4.0,466.97,2.0,3.0,4.0,9.0,At Risk,1,2026-03-30
C06444,United States,34,Female,Free,2026-02-05,1368.0,2.0,187.02,1.0,3.0,2.0,6.0,Regular,1,2026-03-30
C06445,Australia,35,Male,Free,2025-11-27,177.0,8.0,696.45,4.0,3.0,5.0,12.0,Loyal Customers,0,2026-03-30
C06446,United States,56,Female,Platinum,2022-05-30,473.0,3.0,312.25,3.0,3.0,3.0,9.0,Loyal Customers,0,2026-03-30
C06447,Australia,30,Male,Free,2025-10-21,1074.0,1.0,131.23,1.0,3.0,1.0,5.0,Regular,0,2026-03-30
C06448,South Korea,54,Female,Silver,2025-05-15,1895.0,1.0,85.88,1.0,3.0,1.0,5.0,Regular,0,2026-03-30
C06449,Canada,67,Male,Free,2025-07-08,115.0,5.0,539.91,5.0,3.0,4.0,12.0,Loyal Customers,0,2026-03-30
C06450,United Kingdom,47,Female,Silver,2026-02-28,258.0,8.0,1633.31,4.0,3.0,5.0,12.0,Loyal Customers,0,2026-03-30
C06451,United Kingdom,51,Female,Silver,2023-12-25,342.0,2.0,109.0,4.0,3.0,1.0,8.0,Loyal Customers,1,2026-03-30
C06452,India,53,Male,Free,2024-08-14,118.0,3.0,262.02,5.0,3.0,3.0,11.0,Loyal Customers,0,2026-03-30
C06453,India,26,Female,Gold,2022-06-23,682.0,3.0,365.07,2.0,3.0,3.0,8.0,At Risk,0,2026-03-30
C06454,South Korea,54,Female,Silver,2025-12-28,123.0,5.0,450.01,5.0,3.0,4.0,12.0,Loyal Customers,0,2026-03-30
C06455,Australia,27,Female,Platinum,2022-05-03,73.0,3.0,157.4,5.0,3.0,2.0,10.0,Loyal Customers,0,2026-03-30
C06456,United States,37,Female,Free,2025-08-05,107.0,4.0,677.4499999999999,5.0,3.0,5.0,13.0,Loyal Customers,0,2026-03-30
C06457,United States,34,Female,Gold,2026-01-01,,,,,,,,No orders in window,0,2026-03-30
C06458,United Kingdom,36,Female,Silver,2024-07-05,711.0,7.0,664.07,2.0,3.0,5.0,10.0,At Risk,0,2026-03-30
C06459,Sweden,36,Male,Free,2026-02-02,570.0,4.0,333.41,3.0,3.0,3.0,9.0,Loyal Customers,0,2026-03-30
C06460,India,19,Female,Free,2017-08-05,197.0,2.0,138.66,4.0,3.0,1.0,8.0,Loyal Customers,0,2026-03-30
C06461,United States,27,Male,Free,2022-08-17,2228.0,1.0,35.18,1.0,3.0,1.0,5.0,Regular,0,2026-03-30
C06462,United States,56,Male,Free,2023-07-29,456.0,2.0,442.16,3.0,3.0,4.0,10.0,Loyal Customers,0,2026-03-30
C06463,United States,30,Male,Platinum,2026-01-06,1404.0,1.0,37.38,1.0,3.0,1.0,5.0,Regular,0,2026-03-30
C06464,Australia,44,Female,Free,2025-04-27,87.0,6.0,959.77,5.0,3.0,5.0,13.0,Loyal Customers,0,2026-03-30
C06465,United States,23,Female,Platinum,2023-04-07,791.0,2.0,299.42,2.0,3.0,3.0,8.0,At Risk,1,2026-03-30
C06466,United States,49,Male,Free,2025-02-08,380.0,3.0,793.0,3.0,3.0,5.0,11.0,Loyal Customers,0,2026-03-30
C06467,India,19,Male,Free,2024-07-18,489.0,4.0,402.53,3.0,3.0,4.0,10.0,Loyal Customers,1,2026-03-30
C06468,Brazil,35,Male,Free,2025-04-23,1438.0,1.0,22.43,1.0,3.0,1.0,5.0,Regular,0,2026-03-30
C06469,Australia,48,Male,Gold,2025-12-03,398.0,3.0,291.84,3.0,3.0,3.0,9.0,Loyal Customers,0,2026-03-30
C06470,United States,19,Female,Free,2020-08-16,215.0,3.0,293.61,4.0,3.0,3.0,10.0,Loyal Customers,0,2026-03-30
C06471,United States,23,Male,Free,2025-09-27,55.0,3.0,126.38,5.0,3.0,1.0,9.0,Loyal Customers,1,2026-03-30
C06472,United Kingdom,24,Female,Free,2025-12-15,15.0,7.0,694.37,5.0,3.0,5.0,13.0,Loyal Customers,0,2026-03-30
C06473,Canada,39,Female,Silver,2026-01-13,176.0,5.0,365.38,4.0,3.0,3.0,10.0,Loyal Customers,0,2026-03-30
C06474,France,18,Male,Free,2024-09-16,870.0,2.0,295.67,2.0,3.0,3.0,8.0,At Risk,0,2026-03-30
C06475,United States,50,Male,Gold,2025-09-30,638.0,3.0,499.79,2.0,3.0,4.0,9.0,At Risk,0,2026-03-30
C06476,United States,22,Female,Platinum,2025-12-01,87.0,6.0,1152.25,5.0,3.0,5.0,13.0,Loyal Customers,0,2026-03-30
C06477,Mexico,28,Female,Silver,2026-03-27,730.0,7.0,1988.34,2.0,3.0,5.0,10.0,At Risk,0,2026-03-30
C06478,United Kingdom,55,Male,Platinum,2025-04-22,6.0,6.0,656.95,5.0,3.0,5.0,13.0,Loyal Customers,0,2026-03-30
C06479,Canada,32,Female,Gold,2023-05-28,578.0,6.0,890.4,3.0,3.0,5.0,11.0,Loyal Customers,0,2026-03-30
C06480,United Kingdom,35,Male,Silver,2025-09-09,87.0,5.0,428.1,5.0,3.0,4.0,12.0,Loyal Customers,0,2026-03-30
C06481,Germany,49,Male,Silver,2025-07-23,90.0,3.0,823.63,5.0,3.0,5.0,13.0,Loyal Customers,0,2026-03-30
C06482,Germany,47,Female,Free,2025-11-19,546.0,3.0,284.08,3.0,3.0,3.0,9.0,Loyal Customers,0,2026-03-30
C06483,Mexico,46,Male,Gold,2022-11-25,22.0,4.0,511.38,5.0,3.0,4.0,12.0,Loyal Customers,0,2026-03-30
C06484,Spain,48,Male,Gold,2023-05-11,84.0,3.0,500.85,5.0,3.0,4.0,12.0,Loyal Customers,0,2026-03-30
C06485,United States,45,Female,Free,2025-10-02,24.0,6.0,569.96,5.0,3.0,4.0,12.0,Loyal Customers,0,2026-03-30
C06486,United Kingdom,39,Male,Silver,2025-11-23,1387.0,3.0,388.74,1.0,3.0,3.0,7.0,At Risk,0,2026-03-30
C06487,Uae,18,Male,Platinum,2023-08-31,164.0,5.0,525.51,4.0,3.0,4.0,11.0,Loyal Customers,0,2026-03-30
C06488,Poland,25,Female,Gold,2021-10-02,878.0,2.0,203.29,2.0,3.0,2.0,7.0,Regular,0,2026-03-30
C06489,United Kingdom,43,Male,Free,2026-03-26,1227.0,2.0,587.69,1.0,3.0,4.0,8.0,At Risk,0,2026-03-30
C06490,Germany,29,Female,Free,2024-03-30,225.0,2.0,171.67,4.0,3.0,2.0,9.0,Loyal Customers,0,2026-03-30
C06491,Japan,45,Female,Gold,2026-01-08,313.0,3.0,157.15,4.0,3.0,2.0,9.0,Loyal Customers,1,2026-03-30
C06492,United Kingdom,22,Female,Silver,2022-06-12,,,,,,,,No orders in window,0,2026-03-30
C06493,United States,52,Female,Free,2023-12-18,21.0,4.0,386.46,5.0,3.0,3.0,11.0,Loyal Customers,0,2026-03-30
C06494,United States,46,Male,Silver,2024-03-16,642.0,2.0,284.54,2.0,3.0,3.0,8.0,At Risk,1,2026-03-30
C06495,Germany,34,Male,Free,2024-06-14,111.0,4.0,590.4200000000001,5.0,3.0,4.0,12.0,Loyal Customers,0,2026-03-30
C06496,Germany,20,Male,Free,2025-10-21,21.0,2.0,343.67,5.0,3.0,3.0,11.0,Loyal Customers,1,2026-03-30
C06497,United States,53,Male,Free,2024-10-08,286.0,4.0,478.9,4.0,3.0,4.0,11.0,Loyal Customers,0,2026-03-30
C06498,South Korea,33,Male,Silver,2025-12-29,2129.0,1.0,987.92,1.0,3.0,5.0,9.0,At Risk,0,2026-03-30
C06499,United States,57,Female,Platinum,2026-01-06,654.0,4.0,732.38,2.0,3.0,5.0,10.0,At Risk,0,2026-03-30
C06500,Spain,53,Female,Free,2025-12-06,43.0,8.0,858.83,5.0,3.0,5.0,13.0,Loyal Customers,0,2026-03-30
C06501,India,51,Male,Free,2023-06-01,938.0,1.0,41.87,2.0,3.0,1.0,6.0,Regular,0,2026-03-30
C06502,United States,25,Other,Free,2025-02-19,1346.0,1.0,188.86,1.0,3.0,2.0,6.0,Regular,0,2026-03-30
C06503,United States,43,Female,Free,2022-03-03,244.0,2.0,82.01,4.0,3.0,1.0,8.0,Loyal Customers,0,2026-03-30
C06504,Canada,36,Male,Free,2022-07-30,161.0,2.0,67.14,4.0,3.0,1.0,8.0,Loyal Customers,0,2026-03-30
C06505,India,29,Male,Silver,2026-03-06,307.0,7.0,894.85,4.0,3.0,5.0,12.0,Loyal Customers,0,2026-03-30
C06506,United States,29,Female,Free,2024-05-02,7.0,6.0,534.52,5.0,3.0,4.0,12.0,Loyal Customers,0,2026-03-30
C06507,United States,24,Male,Gold,2025-08-11,2.0,7.0,1137.54,5.0,3.0,5.0,13.0,Loyal Customers,0,2026-03-30
C06508,Germany,44,Male,Free,2025-12-26,,,,,,,,No orders in window,0,2026-03-30
C06509,Mexico,33,Male,Silver,2025-11-19,631.0,4.0,876.2,2.0,3.0,5.0,10.0,At Risk,0,2026-03-30
C06510,Brazil,49,Male,Platinum,2025-07-28,7.0,6.0,975.69,5.0,3.0,5.0,13.0,Loyal Customers,0,2026-03-30
C06511,United States,44,Female,Free,2026-02-26,262.0,5.0,318.96000000000004,4.0,3.0,3.0,10.0,Loyal Customers,0,2026-03-30
C06512,Spain,30,Male,Free,2026-03-12,852.0,4.0,218.38,2.0,3.0,2.0,7.0,Regular,0,2026-03-30
C06513,Japan,38,Male,Gold,2024-08-17,1913.0,3.0,172.02,1.0,3.0,2.0,6.0,Regular,1,2026-03-30
C06514,Canada,40,Male,Silver,2024-02-05,757.0,5.0,387.04,2.0,3.0,3.0,8.0,At Risk,0,2026-03-30
C06515,United States,30,Male,Gold,2025-03-25,410.0,3.0,529.77,3.0,3.0,4.0,10.0,Loyal Customers,0,2026-03-30
C06516,India,21,Male,Free,2025-10-01,697.0,2.0,131.87,2.0,3.0,1.0,6.0,Regular,0,2026-03-30
C06517,India,38,Female,Free,2026-01-20,597.0,4.0,244.78,3.0,3.0,2.0,8.0,Loyal Customers,0,2026-03-30
C06518,United States,45,Female,Free,2025-12-05,1544.0,3.0,232.84,1.0,3.0,2.0,6.0,Regular,0,2026-03-30
C06519,United States,24,Other,Free,2023-08-09,835.0,4.0,594.04,2.0,3.0,4.0,9.0,At Risk,0,2026-03-30
C06520,United States,29,Male,Free,2024-07-19,1738.0,2.0,402.06,1.0,3.0,4.0,8.0,At Risk,0,2026-03-30
C06521,Poland,39,Female,Free,2025-11-19,1371.0,2.0,459.41,1.0,3.0,4.0,8.0,At Risk,0,2026-03-30
C06522,Mexico,48,Female,Free,2022-03-25,808.0,2.0,204.32,2.0,3.0,2.0,7.0,Regular,0,2026-03-30
C06523,United Kingdom,27,Female,Free,2025-09-07,402.0,2.0,134.83,3.0,3.0,1.0,7.0,Loyal Customers,0,2026-03-30
C06524,Netherlands,34,Male,Platinum,2023-11-16,36.0,2.0,250.12,5.0,3.0,2.0,10.0,Loyal Customers,0,2026-03-30
C06525,United States,26,Male,Free,2025-03-02,,,,,,,,No orders in window,0,2026-03-30
C06526,United States,33,Other,Free,2025-05-22,602.0,4.0,300.03,3.0,3.0,3.0,9.0,Loyal Customers,0,2026-03-30
C06527,United States,46,Male,Silver,2022-07-08,62.0,4.0,839.44,5.0,3.0,5.0,13.0,Loyal Customers,0,2026-03-30
C06528,Netherlands,28,Male,Free,2025-04-07,606.0,1.0,70.76,3.0,3.0,1.0,7.0,Loyal Customers,0,2026-03-30
C06529,United States,34,Male,Free,2024-02-21,304.0,5.0,684.75,4.0,3.0,5.0,12.0,Loyal Customers,0,2026-03-30
C06530,South Korea,23,Female,Free,2025-08-25,77.0,3.0,290.67,5.0,3.0,3.0,11.0,Loyal Customers,0,2026-03-30
C06531,United States,48,Female,Silver,2025-02-16,1643.0,2.0,305.55,1.0,3.0,3.0,7.0,At Risk,0,2026-03-30
C06532,United States,50,Female,Silver,2025-07-22,524.0,3.0,148.47,3.0,3.0,2.0,8.0,Loyal Customers,0,2026-03-30
C06533,United Kingdom,25,Male,Gold,2022-10-18,919.0,2.0,266.77,2.0,3.0,3.0,8.0,At Risk,0,2026-03-30
C06534,Mexico,41,Male,Free,2024-09-16,789.0,2.0,204.84,2.0,3.0,2.0,7.0,Regular,0,2026-03-30
C06535,Brazil,28,Female,Silver,2025-05-07,514.0,4.0,346.12,3.0,3.0,3.0,9.0,Loyal Customers,0,2026-03-30
C06536,United States,34,Female,Free,2026-03-25,35.0,3.0,618.07,5.0,3.0,4.0,12.0,Loyal Customers,0,2026-03-30
C06537,United States,35,Male,Silver,2026-01-16,111.0,3.0,399.06,5.0,3.0,3.0,11.0,Loyal Customers,1,2026-03-30
C06538,United States,18,Male,Free,2023-09-15,1109.0,4.0,540.78,1.0,3.0,4.0,8.0,At Risk,0,2026-03-30
C06539,Germany,18,Female,Gold,2026-02-09,787.0,3.0,186.73,2.0,3.0,2.0,7.0,Regular,0,2026-03-30
C06540,Canada,19,Female,Free,2023-06-07,111.0,6.0,1205.6,5.0,3.0,5.0,13.0,Loyal Customers,0,2026-03-30
C06541,United States,41,Female,Silver,2025-09-03,303.0,5.0,452.67,4.0,3.0,4.0,11.0,Loyal Customers,0,2026-03-30
C06542,United States,32,Male,Silver,2024-07-06,2013.0,1.0,65.88,1.0,3.0,1.0,5.0,Regular,0,2026-03-30
C06543,United States,39,Male,Free,2025-09-05,1589.0,1.0,89.65,1.0,3.0,1.0,5.0,Regular,0,2026-03-30
C06544,India,18,Female,Gold,2025-07-26,90.0,3.0,509.56000000000006,5.0,3.0,4.0,12.0,Loyal Customers,0,2026-03-30
C06545,India,46,Other,Free,2026-02-12,125.0,3.0,653.57,5.0,3.0,5.0,13.0,Loyal Customers,0,2026-03-30
C06546,United States,29,Female,Free,2025-11-16,433.0,4.0,308.75,3.0,3.0,3.0,9.0,Loyal Customers,0,2026-03-30
C06547,Italy,18,Male,Free,2024-03-26,947.0,1.0,13.33,2.0,3.0,1.0,6.0,Regular,0,2026-03-30
C06548,Australia,58,Male,Silver,2025-02-06,699.0,1.0,41.78,2.0,3.0,1.0,6.0,Regular,0,2026-03-30
C06549,Japan,25,Female,Free,2026-01-17,832.0,5.0,760.09,2.0,3.0,5.0,10.0,At Risk,1,2026-03-30
C06550,United States,23,Male,Free,2024-10-10,683.0,3.0,356.69,2.0,3.0,3.0,8.0,At Risk,1,2026-03-30
C06551,Italy,40,Male,Free,2025-05-22,35.0,2.0,183.53,5.0,3.0,2.0,10.0,Loyal Customers,0,2026-03-30
C06552,France,38,Female,Silver,2024-03-20,372.0,2.0,319.82000000000005,3.0,3.0,3.0,9.0,Loyal Customers,0,2026-03-30
C06553,France,18,Female,Gold,2021-02-09,573.0,3.0,332.35,3.0,3.0,3.0,9.0,Loyal Customers,1,2026-03-30
C06554,Germany,32,Female,Free,2025-12-28,65.0,4.0,388.91,5.0,3.0,3.0,11.0,Loyal Customers,0,2026-03-30
C06555,United States,35,Male,Free,2024-07-09,1159.0,2.0,187.64,1.0,3.0,2.0,6.0,Regular,0,2026-03-30
C06556,Poland,28,Female,Free,2025-02-12,313.0,3.0,363.55,4.0,3.0,3.0,10.0,Loyal Customers,0,2026-03-30
C06557,India,30,Female,Silver,2025-12-28,1230.0,3.0,370.43,1.0,3.0,3.0,7.0,At Risk,0,2026-03-30
C06558,United States,53,Male,Free,2025-07-22,1088.0,2.0,93.66,1.0,3.0,1.0,5.0,Regular,0,2026-03-30
C06559,Italy,24,Female,Free,2024-05-04,509.0,2.0,342.33,3.0,3.0,3.0,9.0,Loyal Customers,0,2026-03-30
C06560,United Kingdom,44,Male,Silver,2023-08-31,450.0,3.0,428.12,3.0,3.0,4.0,10.0,Loyal Customers,0,2026-03-30
C06561,United States,32,Female,Silver,2024-11-20,1383.0,1.0,379.66,1.0,3.0,3.0,7.0,At Risk,0,2026-03-30
C06562,United States,35,Female,Free,2025-08-02,156.0,2.0,227.7,4.0,3.0,2.0,9.0,Loyal Customers,0,2026-03-30
C06563,United Kingdom,39,Female,Free,2018-04-05,302.0,3.0,217.41000000000005,4.0,3.0,2.0,9.0,Loyal Customers,0,2026-03-30
C06564,Canada,32,Female,Silver,2025-02-12,147.0,6.0,371.04,5.0,3.0,3.0,11.0,Loyal Customers,0,2026-03-30
C06565,India,49,Female,Free,2026-03-11,157.0,3.0,478.61,4.0,3.0,4.0,11.0,Loyal Customers,0,2026-03-30
C06566,United States,33,Male,Free,2025-12-29,115.0,2.0,74.43,5.0,3.0,1.0,9.0,Loyal Customers,0,2026-03-30
C06567,India,27,Male,Silver,2022-01-28,835.0,2.0,137.0,2.0,3.0,1.0,6.0,Regular,0,2026-03-30
C06568,United Kingdom,35,Female,Free,2023-06-21,455.0,9.0,1004.13,3.0,3.0,5.0,11.0,Loyal Customers,0,2026-03-30
C06569,United States,43,Male,Free,2022-07-19,1999.0,1.0,66.81,1.0,3.0,1.0,5.0,Regular,0,2026-03-30
C06570,United Kingdom,58,Female,Free,2025-10-11,1216.0,1.0,65.21,1.0,3.0,1.0,5.0,Regular,0,2026-03-30
C06571,United Kingdom,22,Male,Free,2025-01-18,683.0,2.0,427.72,2.0,3.0,4.0,9.0,At Risk,0,2026-03-30
C06572,United States,30,Male,Free,2023-12-20,102.0,3.0,343.85,5.0,3.0,3.0,11.0,Loyal Customers,0,2026-03-30
C06573,Brazil,38,Female,Free,2025-01-09,293.0,3.0,217.37,4.0,3.0,2.0,9.0,Loyal Customers,0,2026-03-30
C06574,United States,23,Female,Gold,2025-05-19,166.0,4.0,1526.15,4.0,3.0,5.0,12.0,Loyal Customers,0,2026-03-30
C06575,Uae,53,Female,Free,2024-08-31,2088.0,1.0,45.88,1.0,3.0,1.0,5.0,Regular,0,2026-03-30
C06576,France,44,Female,Gold,2025-09-14,1168.0,2.0,129.29000000000002,1.0,3.0,1.0,5.0,Regular,0,2026-03-30
C06577,Canada,31,Female,Silver,2023-01-22,322.0,4.0,332.14,4.0,3.0,3.0,10.0,Loyal Customers,0,2026-03-30
C06578,United Kingdom,55,Male,Platinum,2023-11-02,37.0,6.0,791.49,5.0,3.0,5.0,13.0,Loyal Customers,0,2026-03-30
C06579,Australia,32,Female,Free,2025-09-28,866.0,1.0,210.41,2.0,3.0,2.0,7.0,Regular,0,2026-03-30
C06580,Germany,40,Male,Free,2023-07-11,456.0,4.0,562.29,3.0,3.0,4.0,10.0,Loyal Customers,0,2026-03-30
C06581,India,53,Female,Free,2024-07-15,724.0,6.0,727.65,2.0,3.0,5.0,10.0,At Risk,0,2026-03-30
C06582,South Korea,30,Male,Free,2025-05-29,67.0,2.0,65.41,5.0,3.0,1.0,9.0,Loyal Customers,0,2026-03-30
C06583,India,22,Male,Free,2026-01-25,1567.0,3.0,192.17,1.0,3.0,2.0,6.0,Regular,0,2026-03-30
C06584,United States,64,Female,Free,2024-05-31,833.0,4.0,411.6,2.0,3.0,4.0,9.0,At Risk,0,2026-03-30
C06585,Mexico,18,Male,Free,2025-11-29,92.0,4.0,370.29,5.0,3.0,3.0,11.0,Loyal Customers,0,2026-03-30
C06586,Canada,41,Female,Free,2025-08-16,1204.0,4.0,519.22,1.0,3.0,4.0,8.0,At Risk,0,2026-03-30
C06587,United States,26,Female,Free,2025-11-13,1628.0,1.0,245.18,1.0,3.0,2.0,6.0,Regular,0,2026-03-30
C06588,Australia,41,Male,Free,2026-03-27,2037.0,1.0,364.31,1.0,3.0,3.0,7.0,At Risk,0,2026-03-30
C06589,India,56,Female,Silver,2024-12-13,399.0,1.0,34.77,3.0,3.0,1.0,7.0,Loyal Customers,0,2026-03-30
C06590,Germany,26,Female,Gold,2023-04-01,713.0,4.0,297.44,2.0,3.0,3.0,8.0,At Risk,0,2026-03-30
C06591,United States,34,Male,Gold,2024-05-09,51.0,3.0,312.59000000000003,5.0,3.0,3.0,11.0,Loyal Customers,0,2026-03-30
C06592,United States,51,Female,Free,2023-12-15,21.0,6.0,513.6,5.0,3.0,4.0,12.0,Loyal Customers,0,2026-03-30
C06593,Germany,25,Male,Free,2025-04-01,965.0,1.0,273.63,2.0,3.0,3.0,8.0,At Risk,1,2026-03-30
C06594,Germany,43,Female,Free,2025-12-15,751.0,4.0,413.45,2.0,3.0,4.0,9.0,At Risk,0,2026-03-30
C06595,Italy,18,Female,Free,2022-11-03,1208.0,3.0,281.66,1.0,3.0,3.0,7.0,At Risk,0,2026-03-30
C06596,Brazil,41,Female,Silver,2025-10-03,133.0,5.0,605.78,5.0,3.0,4.0,12.0,Loyal Customers,0,2026-03-30
C06597,United States,52,Male,Free,2026-03-16,59.0,3.0,152.57,5.0,3.0,2.0,10.0,Loyal Customers,1,2026-03-30
C06598,United Kingdom,25,Female,Platinum,2025-12-31,174.0,3.0,471.67,4.0,3.0,4.0,11.0,Loyal Customers,0,2026-03-30
C06599,South Korea,35,Female,Silver,2025-06-12,1159.0,2.0,162.53,1.0,3.0,2.0,6.0,Regular,0,2026-03-30
C06600,United Kingdom,30,Male,Free,2025-06-22,1376.0,2.0,275.24,1.0,3.0,3.0,7.0,At Risk,0,2026-03-30
C06601,India,32,Female,Free,2025-04-01,63.0,4.0,462.14,5.0,3.0,4.0,12.0,Loyal Customers,1,2026-03-30
C06602,Germany,40,Female,Free,2021-05-30,356.0,7.0,781.6700000000001,3.0,3.0,5.0,11.0,Loyal Customers,0,2026-03-30
C06603,India,23,Female,Free,2022-07-01,698.0,2.0,299.7,2.0,3.0,3.0,8.0,At Risk,0,2026-03-30
C06604,United States,28,Female,Free,2025-07-29,12.0,3.0,358.58000000000004,5.0,3.0,3.0,11.0,Loyal Customers,0,2026-03-30
C06605,India,22,Female,Free,2025-07-03,29.0,4.0,126.67,5.0,3.0,1.0,9.0,Loyal Customers,0,2026-03-30
C06606,India,35,Male,Platinum,2026-03-15,1644.0,5.0,571.02,1.0,3.0,4.0,8.0,At Risk,0,2026-03-30
C06607,India,18,Female,Free,2025-10-23,144.0,2.0,880.49,5.0,3.0,5.0,13.0,Loyal Customers,0,2026-03-30
C06608,United States,52,Male,Free,2024-05-18,100.0,7.0,729.05,5.0,3.0,5.0,13.0,Loyal Customers,0,2026-03-30
C06609,Australia,41,Male,Free,2022-08-27,119.0,2.0,593.59,5.0,3.0,4.0,12.0,Loyal Customers,0,2026-03-30
C06610,Brazil,50,Male,Gold,2026-02-03,128.0,2.0,222.14,5.0,3.0,2.0,10.0,Loyal Customers,0,2026-03-30
C06611,Canada,34,Male,Free,2026-03-10,1568.0,2.0,272.9,1.0,3.0,3.0,7.0,At Risk,0,2026-03-30
C06612,United States,30,Male,Silver,2023-11-22,1153.0,4.0,277.68,1.0,3.0,3.0,7.0,At Risk,0,2026-03-30
C06613,United States,41,Female,Free,2023-12-08,741.0,4.0,505.75,2.0,3.0,4.0,9.0,At Risk,0,2026-03-30
C06614,South Korea,25,Female,Free,2025-12-15,454.0,3.0,96.78,3.0,3.0,1.0,7.0,Loyal Customers,0,2026-03-30
C06615,United States,36,Male,Free,2026-03-29,1062.0,1.0,23.23,1.0,3.0,1.0,5.0,Regular,0,2026-03-30
C06616,United States,44,Male,Silver,2023-10-24,445.0,3.0,259.48,3.0,3.0,3.0,9.0,Loyal Customers,0,2026-03-30
C06617,Australia,33,Male,Free,2023-01-17,273.0,4.0,664.62,4.0,3.0,5.0,12.0,Loyal Customers,0,2026-03-30
C06618,United States,24,Female,Free,2024-06-17,226.0,6.0,1298.25,4.0,3.0,5.0,12.0,Loyal Customers,0,2026-03-30
C06619,Germany,30,Male,Free,2025-10-24,734.0,3.0,390.64,2.0,3.0,3.0,8.0,At Risk,0,2026-03-30
C06620,United States,28,Female,Gold,2025-10-22,158.0,5.0,672.2,4.0,3.0,5.0,12.0,Loyal Customers,0,2026-03-30
C06621,Japan,35,Male,Silver,2023-09-25,1485.0,2.0,307.92,1.0,3.0,3.0,7.0,At Risk,0,2026-03-30
C06622,United Kingdom,54,Male,Free,2025-04-15,1395.0,3.0,127.43,1.0,3.0,1.0,5.0,Regular,0,2026-03-30
C06623,United States,24,Male,Gold,2025-04-09,110.0,1.0,60.86,5.0,3.0,1.0,9.0,Loyal Customers,0,2026-03-30
C06624,United States,38,Male,Free,2024-04-03,621.0,5.0,718.79,3.0,3.0,5.0,11.0,Loyal Customers,0,2026-03-30
C06625,Germany,48,Female,Free,2019-08-16,1856.0,2.0,608.4499999999999,1.0,3.0,4.0,8.0,At Risk,0,2026-03-30
C06626,Uae,46,Female,Gold,2025-11-02,130.0,4.0,783.34,5.0,3.0,5.0,13.0,Loyal Customers,0,2026-03-30
C06627,India,41,Female,Silver,2023-01-01,637.0,6.0,478.56,2.0,3.0,4.0,9.0,At Risk,0,2026-03-30
C06628,Turkey,38,Male,Free,2023-08-18,469.0,2.0,70.16999999999999,3.0,3.0,1.0,7.0,Loyal Customers,1,2026-03-30
C06629,Germany,18,Female,Free,2022-11-04,1445.0,1.0,28.31,1.0,3.0,1.0,5.0,Regular,0,2026-03-30
C06630,Australia,34,Male,Free,2026-03-01,477.0,3.0,242.03,3.0,3.0,2.0,8.0,Loyal Customers,0,2026-03-30
C06631,France,24,Female,Free,2024-01-20,1691.0,3.0,311.62,1.0,3.0,3.0,7.0,At Risk,0,2026-03-30
C06632,South Africa,27,Male,Free,2025-02-13,191.0,3.0,242.84,4.0,3.0,2.0,9.0,Loyal Customers,0,2026-03-30
C06633,United Kingdom,42,Other,Free,2025-07-30,119.0,4.0,450.44,5.0,3.0,4.0,12.0,Loyal Customers,0,2026-03-30
C06634,United States,35,Female,Gold,2026-03-01,514.0,2.0,164.17,3.0,3.0,2.0,8.0,Loyal Customers,0,2026-03-30
C06635,Mexico,32,Female,Gold,2026-01-26,65.0,6.0,498.47,5.0,3.0,4.0,12.0,Loyal Customers,0,2026-03-30
C06636,Canada,40,Female,Free,2025-08-06,3.0,4.0,642.4200000000001,5.0,3.0,5.0,13.0,Loyal Customers,0,2026-03-30
C06637,Canada,53,Male,Free,2025-04-24,1682.0,3.0,195.0,1.0,3.0,2.0,6.0,Regular,0,2026-03-30
C06638,Brazil,18,Female,Silver,2025-12-26,617.0,6.0,320.48,3.0,3.0,3.0,9.0,Loyal Customers,0,2026-03-30
C06639,Mexico,18,Female,Silver,2025-05-06,989.0,2.0,283.28,2.0,3.0,3.0,8.0,At Risk,0,2026-03-30
C06640,United States,52,Male,Free,2023-12-14,1031.0,1.0,130.32,2.0,3.0,1.0,6.0,Regular,1,2026-03-30
C06641,Sweden,28,Female,Platinum,2026-03-14,213.0,6.0,978.03,4.0,3.0,5.0,12.0,Loyal Customers,0,2026-03-30
C06642,United States,48,Female,Gold,2025-10-22,1450.0,2.0,434.0,1.0,3.0,4.0,8.0,At Risk,0,2026-03-30
C06643,United States,59,Female,Gold,2023-04-08,472.0,7.0,864.8,3.0,3.0,5.0,11.0,Loyal Customers,0,2026-03-30
C06644,Italy,18,Male,Free,2025-07-30,321.0,7.0,691.55,4.0,3.0,5.0,12.0,Loyal Customers,0,2026-03-30
C06645,India,33,Female,Gold,2025-07-03,1926.0,2.0,75.2,1.0,3.0,1.0,5.0,Regular,0,2026-03-30
C06646,Italy,40,Female,Gold,2026-01-08,772.0,3.0,500.48,2.0,3.0,4.0,9.0,At Risk,0,2026-03-30
C06647,Germany,18,Male,Free,2022-06-21,367.0,3.0,449.57,3.0,3.0,4.0,10.0,Loyal Customers,0,2026-03-30
C06648,Japan,48,Female,Silver,2024-07-04,1117.0,2.0,113.33,1.0,3.0,1.0,5.0,Regular,1,2026-03-30
C06649,Brazil,37,Female,Free,2026-02-05,75.0,4.0,487.8,5.0,3.0,4.0,12.0,Loyal Customers,0,2026-03-30
C06650,United States,18,Male,Silver,2023-06-12,252.0,3.0,460.39,4.0,3.0,4.0,11.0,Loyal Customers,0,2026-03-30
C06651,France,30,Female,Free,2025-09-25,456.0,4.0,1103.35,3.0,3.0,5.0,11.0,Loyal Customers,0,2026-03-30
C06652,United States,40,Male,Gold,2025-02-16,62.0,7.0,941.26,5.0,3.0,5.0,13.0,Loyal Customers,0,2026-03-30
C06653,United Kingdom,28,Female,Silver,2019-06-22,1682.0,3.0,408.75,1.0,3.0,4.0,8.0,At Risk,0,2026-03-30
C06654,Italy,41,Female,Silver,2025-02-01,594.0,4.0,474.84,3.0,3.0,4.0,10.0,Loyal Customers,0,2026-03-30
C06655,France,45,Female,Free,2025-07-20,858.0,4.0,175.69,2.0,3.0,2.0,7.0,Regular,0,2026-03-30
C06656,Canada,31,Male,Free,2022-01-26,74.0,4.0,281.9,5.0,3.0,3.0,11.0,Loyal Customers,0,2026-03-30
C06657,United States,43,Female,Free,2024-01-06,414.0,3.0,123.76999999999998,3.0,3.0,1.0,7.0,Loyal Customers,0,2026-03-30
C06658,United States,26,Female,Free,2024-05-19,67.0,4.0,709.7,5.0,3.0,5.0,13.0,Loyal Customers,0,2026-03-30
C06659,United States,47,Female,Silver,2025-02-16,416.0,7.0,1334.77,3.0,3.0,5.0,11.0,Loyal Customers,1,2026-03-30
C06660,Italy,40,Female,Gold,2023-03-17,50.0,5.0,819.69,5.0,3.0,5.0,13.0,Loyal Customers,0,2026-03-30
C06661,India,34,Female,Gold,2023-01-26,720.0,4.0,585.76,2.0,3.0,4.0,9.0,At Risk,0,2026-03-30
C06662,India,18,Male,Free,2024-10-05,263.0,4.0,257.71000000000004,4.0,3.0,2.0,9.0,Loyal Customers,0,2026-03-30
C06663,United Kingdom,40,Male,Free,2021-03-29,746.0,3.0,201.36,2.0,3.0,2.0,7.0,Regular,1,2026-03-30
C06664,Japan,50,Female,Free,2024-12-25,,,,,,,,No orders in window,0,2026-03-30
C06665,United Kingdom,27,Male,Gold,2024-07-06,348.0,3.0,394.31,4.0,3.0,3.0,10.0,Loyal Customers,0,2026-03-30
C06666,Japan,32,Other,Free,2025-05-06,1052.0,2.0,395.11,2.0,3.0,3.0,8.0,At Risk,0,2026-03-30
C06667,United States,47,Female,Free,2024-11-19,2.0,4.0,641.82,5.0,3.0,5.0,13.0,Loyal Customers,1,2026-03-30
C06668,Mexico,40,Male,Platinum,2024-07-01,1654.0,2.0,143.68,1.0,3.0,2.0,6.0,Regular,0,2026-03-30
C06669,Brazil,25,Male,Free,2025-09-26,2162.0,1.0,32.08,1.0,3.0,1.0,5.0,Regular,0,2026-03-30
C06670,India,44,Male,Free,2023-02-18,638.0,2.0,156.19,2.0,3.0,2.0,7.0,Regular,1,2026-03-30
C06671,Canada,18,Male,Gold,2026-03-08,660.0,3.0,176.13,2.0,3.0,2.0,7.0,Regular,0,2026-03-30
C06672,United Kingdom,31,Male,Silver,2025-02-03,84.0,8.0,461.11,5.0,3.0,4.0,12.0,Loyal Customers,0,2026-03-30
C06673,United States,33,Male,Free,2021-09-30,490.0,2.0,465.44,3.0,3.0,4.0,10.0,Loyal Customers,0,2026-03-30
C06674,United States,25,Female,Silver,2023-12-27,43.0,4.0,309.87,5.0,3.0,3.0,11.0,Loyal Customers,0,2026-03-30
C06675,United States,48,Male,Silver,2024-05-19,341.0,2.0,236.9,4.0,3.0,2.0,9.0,Loyal Customers,0,2026-03-30
C06676,United Kingdom,33,Female,Silver,2024-04-02,1675.0,3.0,385.25,1.0,3.0,3.0,7.0,At Risk,0,2026-03-30
C06677,Germany,45,Male,Gold,2026-02-13,381.0,5.0,265.4,3.0,3.0,3.0,9.0,Loyal Customers,0,2026-03-30
C06678,Canada,24,Male,Free,2025-03-15,121.0,8.0,947.53,5.0,3.0,5.0,13.0,Loyal Customers,0,2026-03-30
C06679,United Kingdom,41,Other,Free,2024-03-06,423.0,2.0,92.08,3.0,3.0,1.0,7.0,Loyal Customers,0,2026-03-30
C06680,Germany,32,Male,Silver,2023-06-11,342.0,2.0,334.14,4.0,3.0,3.0,10.0,Loyal Customers,0,2026-03-30
C06681,France,43,Male,Free,2026-02-18,257.0,6.0,641.4300000000001,4.0,3.0,5.0,12.0,Loyal Customers,0,2026-03-30
C06682,Italy,31,Female,Free,2025-06-12,975.0,1.0,105.86,2.0,3.0,1.0,6.0,Regular,0,2026-03-30
C06683,India,39,Female,Platinum,2025-11-21,18.0,5.0,747.02,5.0,3.0,5.0,13.0,Loyal Customers,0,2026-03-30
C06684,United States,23,Female,Free,2024-01-19,137.0,3.0,493.04,5.0,3.0,4.0,12.0,Loyal Customers,0,2026-03-30
C06685,Sweden,18,Female,Gold,2025-07-14,205.0,3.0,605.02,4.0,3.0,4.0,11.0,Loyal Customers,0,2026-03-30
C06686,Italy,52,Female,Platinum,2024-04-05,48.0,4.0,679.72,5.0,3.0,5.0,13.0,Loyal Customers,0,2026-03-30
C06687,Brazil,23,Male,Gold,2024-06-04,254.0,6.0,346.58,4.0,3.0,3.0,10.0,Loyal Customers,0,2026-03-30
C06688,Poland,40,Male,Free,2025-09-16,1202.0,2.0,429.65,1.0,3.0,4.0,8.0,At Risk,0,2026-03-30
C06689,United Kingdom,30,Male,Free,2025-06-14,85.0,3.0,233.12,5.0,3.0,2.0,10.0,Loyal Customers,0,2026-03-30
C06690,Singapore,32,Female,Free,2023-06-30,599.0,2.0,122.68,3.0,3.0,1.0,7.0,Loyal Customers,0,2026-03-30
C06691,India,34,Female,Free,2023-10-06,1344.0,2.0,88.32,1.0,3.0,1.0,5.0,Regular,0,2026-03-30
C06692,United States,43,Male,Free,2023-06-03,1037.0,1.0,28.67,2.0,3.0,1.0,6.0,Regular,0,2026-03-30
C06693,United States,19,Female,Free,2025-10-21,1928.0,2.0,105.92,1.0,3.0,1.0,5.0,Regular,0,2026-03-30
C06694,United Kingdom,22,Female,Platinum,2023-08-21,1026.0,3.0,582.17,2.0,3.0,4.0,9.0,At Risk,0,2026-03-30
C06695,United States,37,Male,Free,2025-10-13,239.0,4.0,367.56,4.0,3.0,3.0,10.0,Loyal Customers,1,2026-03-30
C06696,United Kingdom,42,Female,Free,2024-08-29,659.0,3.0,331.09000000000003,2.0,3.0,3.0,8.0,At Risk,0,2026-03-30
C06697,United States,32,Male,Gold,2025-02-08,609.0,4.0,1053.17,3.0,3.0,5.0,11.0,Loyal Customers,0,2026-03-30
C06698,India,36,Female,Silver,2025-05-22,299.0,2.0,208.64,4.0,3.0,2.0,9.0,Loyal Customers,0,2026-03-30
C06699,Germany,42,Female,Gold,2023-02-25,686.0,4.0,1344.8,2.0,3.0,5.0,10.0,At Risk,0,2026-03-30
C06700,United Kingdom,50,Female,Free,2024-07-28,874.0,3.0,269.89,2.0,3.0,3.0,8.0,At Risk,0,2026-03-30
C06701,United Kingdom,30,Male,Free,2022-03-06,796.0,4.0,217.14,2.0,3.0,2.0,7.0,Regular,0,2026-03-30
C06702,United States,26,Male,Gold,2025-03-27,480.0,4.0,284.56,3.0,3.0,3.0,9.0,Loyal Customers,0,2026-03-30
C06703,Canada,27,Female,Silver,2025-05-06,1586.0,2.0,136.64,1.0,3.0,1.0,5.0,Regular,0,2026-03-30
C06704,France,21,Male,Free,2026-03-19,289.0,10.0,707.5899999999999,4.0,3.0,5.0,12.0,Loyal Customers,0,2026-03-30
C06705,Brazil,32,Female,Free,2021-10-12,961.0,2.0,371.36,2.0,3.0,3.0,8.0,At Risk,0,2026-03-30
C06706,Italy,35,Female,Free,2025-03-11,3.0,5.0,305.45,5.0,3.0,3.0,11.0,Loyal Customers,0,2026-03-30
C06707,India,44,Male,Free,2019-01-02,225.0,1.0,32.92,4.0,3.0,1.0,8.0,Loyal Customers,0,2026-03-30
C06708,Germany,33,Male,Silver,2025-10-08,28.0,4.0,170.66,5.0,3.0,2.0,10.0,Loyal Customers,0,2026-03-30
C06709,France,35,Male,Free,2019-02-10,134.0,4.0,179.64,5.0,3.0,2.0,10.0,Loyal Customers,0,2026-03-30
C06710,India,32,Male,Free,2025-08-08,1373.0,1.0,70.9,1.0,3.0,1.0,5.0,Regular,0,2026-03-30
C06711,France,18,Male,Silver,2025-06-23,499.0,4.0,221.54,3.0,3.0,2.0,8.0,Loyal Customers,0,2026-03-30
C06712,United Kingdom,41,Female,Free,2024-06-14,215.0,3.0,244.38,4.0,3.0,2.0,9.0,Loyal Customers,0,2026-03-30
C06713,United States,21,Female,Free,2023-04-30,1961.0,2.0,412.81,1.0,3.0,4.0,8.0,At Risk,0,2026-03-30
C06714,India,34,Female,Free,2024-06-16,844.0,5.0,601.33,2.0,3.0,4.0,9.0,At Risk,0,2026-03-30
C06715,Mexico,18,Female,Free,2023-06-09,133.0,6.0,964.82,5.0,3.0,5.0,13.0,Loyal Customers,0,2026-03-30
C06716,United States,41,Male,Silver,2026-03-28,69.0,2.0,526.28,5.0,3.0,4.0,12.0,Loyal Customers,0,2026-03-30
C06717,United States,33,Female,Free,2025-07-19,63.0,2.0,82.16,5.0,3.0,1.0,9.0,Loyal Customers,0,2026-03-30
C06718,United States,49,Male,Free,2020-08-19,883.0,6.0,471.21,2.0,3.0,4.0,9.0,At Risk,0,2026-03-30
C06719,Brazil,35,Female,Free,2023-08-24,2.0,4.0,208.47,5.0,3.0,2.0,10.0,Loyal Customers,0,2026-03-30
C06720,India,24,Male,Free,2022-01-19,115.0,1.0,39.47,5.0,3.0,1.0,9.0,Loyal Customers,0,2026-03-30
C06721,United States,37,Male,Gold,2024-01-08,112.0,3.0,426.93,5.0,3.0,4.0,12.0,Loyal Customers,0,2026-03-30
C06722,United States,38,Female,Silver,2026-03-04,34.0,3.0,375.03,5.0,3.0,3.0,11.0,Loyal Customers,0,2026-03-30
C06723,United States,43,Male,Silver,2024-09-21,249.0,2.0,345.15,4.0,3.0,3.0,10.0,Loyal Customers,0,2026-03-30
C06724,Mexico,35,Female,Silver,2026-03-05,160.0,4.0,507.64,4.0,3.0,4.0,11.0,Loyal Customers,0,2026-03-30
C06725,Germany,44,Female,Platinum,2025-11-06,1829.0,2.0,317.13,1.0,3.0,3.0,7.0,At Risk,0,2026-03-30
C06726,Australia,24,Male,Free,2023-04-11,229.0,4.0,1018.18,4.0,3.0,5.0,12.0,Loyal Customers,0,2026-03-30
C06727,United Kingdom,55,Female,Gold,2025-05-31,921.0,3.0,788.07,2.0,3.0,5.0,10.0,At Risk,1,2026-03-30
C06728,India,31,Female,Free,2025-12-31,235.0,6.0,885.8,4.0,3.0,5.0,12.0,Loyal Customers,0,2026-03-30
C06729,United Kingdom,32,Female,Free,2026-01-06,15.0,1.0,107.73,5.0,3.0,1.0,9.0,Loyal Customers,0,2026-03-30
C06730,United States,28,Male,Free,2025-01-14,1218.0,2.0,209.02,1.0,3.0,2.0,6.0,Regular,0,2026-03-30
C06731,Uae,19,Male,Silver,2024-10-10,535.0,2.0,132.31,3.0,3.0,1.0,7.0,Loyal Customers,0,2026-03-30
C06732,United States,44,Female,Gold,2024-10-28,470.0,2.0,259.04,3.0,3.0,2.0,8.0,Loyal Customers,0,2026-03-30
C06733,Brazil,34,Male,Free,2019-09-01,273.0,8.0,1277.42,4.0,3.0,5.0,12.0,Loyal Customers,0,2026-03-30
C06734,United States,30,Female,Gold,2023-08-14,1866.0,1.0,149.36,1.0,3.0,2.0,6.0,Regular,0,2026-03-30
C06735,Brazil,23,Other,Free,2022-02-28,332.0,1.0,257.1,4.0,3.0,2.0,9.0,Loyal Customers,0,2026-03-30
C06736,Germany,35,Female,Free,2025-01-23,327.0,6.0,540.6,4.0,3.0,4.0,11.0,Loyal Customers,0,2026-03-30
C06737,United States,27,Female,Silver,2025-07-24,271.0,3.0,283.87,4.0,3.0,3.0,10.0,Loyal Customers,1,2026-03-30
C06738,India,45,Female,Silver,2022-05-09,285.0,3.0,364.08,4.0,3.0,3.0,10.0,Loyal Customers,0,2026-03-30
C06739,United Kingdom,18,Female,Free,2020-02-12,144.0,3.0,78.68,5.0,3.0,1.0,9.0,Loyal Customers,0,2026-03-30
C06740,United States,32,Female,Gold,2023-10-19,216.0,4.0,602.86,4.0,3.0,4.0,11.0,Loyal Customers,0,2026-03-30
C06741,United States,36,Female,Silver,2025-10-10,246.0,4.0,639.91,4.0,3.0,5.0,12.0,Loyal Customers,0,2026-03-30
C06742,United States,56,Female,Silver,2025-09-27,235.0,7.0,673.81,4.0,3.0,5.0,12.0,Loyal Customers,0,2026-03-30
C06743,United States,29,Female,Free,2023-03-04,358.0,4.0,723.96,3.0,3.0,5.0,11.0,Loyal Customers,0,2026-03-30
C06744,France,36,Male,Silver,2025-10-11,158.0,5.0,607.65,4.0,3.0,4.0,11.0,Loyal Customers,0,2026-03-30
C06745,India,53,Female,Silver,2026-02-09,,,,,,,,No orders in window,0,2026-03-30
C06746,Australia,26,Male,Free,2023-11-29,1265.0,2.0,251.6,1.0,3.0,2.0,6.0,Regular,0,2026-03-30
C06747,Turkey,33,Male,Silver,2024-04-24,2281.0,1.0,103.37,1.0,3.0,1.0,5.0,Regular,0,2026-03-30
C06748,Canada,33,Female,Platinum,2025-05-07,941.0,2.0,367.21,2.0,3.0,3.0,8.0,At Risk,0,2026-03-30
C06749,India,41,Male,Silver,2025-05-03,663.0,6.0,736.27,2.0,3.0,5.0,10.0,At Risk,0,2026-03-30
C06750,United States,21,Male,Silver,2025-05-26,653.0,4.0,533.35,2.0,3.0,4.0,9.0,At Risk,0,2026-03-30
C06751,United States,24,Male,Silver,2024-07-29,233.0,6.0,823.71,4.0,3.0,5.0,12.0,Loyal Customers,0,2026-03-30
C06752,United States,27,Other,Silver,2025-01-18,436.0,5.0,1218.38,3.0,3.0,5.0,11.0,Loyal Customers,0,2026-03-30
C06753,United States,43,Male,Silver,2025-04-04,946.0,1.0,85.47,2.0,3.0,1.0,6.0,Regular,0,2026-03-30
C06754,South Korea,27,Female,Free,2026-01-06,1834.0,1.0,11.75,1.0,3.0,1.0,5.0,Regular,0,2026-03-30
C06755,Germany,31,Female,Free,2026-02-21,468.0,2.0,561.13,3.0,3.0,4.0,10.0,Loyal Customers,0,2026-03-30
C06756,France,18,Male,Free,2023-01-24,252.0,6.0,615.72,4.0,3.0,4.0,11.0,Loyal Customers,0,2026-03-30
C06757,United Kingdom,53,Male,Free,2022-11-06,1434.0,1.0,79.8,1.0,3.0,1.0,5.0,Regular,0,2026-03-30
C06758,United States,49,Male,Platinum,2025-11-05,1095.0,2.0,153.4,1.0,3.0,2.0,6.0,Regular,1,2026-03-30
C06759,United States,28,Male,Free,2019-09-08,155.0,5.0,1692.66,4.0,3.0,5.0,12.0,Loyal Customers,0,2026-03-30
C06760,Japan,24,Female,Free,2023-08-18,900.0,2.0,207.19,2.0,3.0,2.0,7.0,Regular,0,2026-03-30
C06761,Brazil,42,Male,Free,2026-02-19,1459.0,1.0,40.26,1.0,3.0,1.0,5.0,Regular,0,2026-03-30
C06762,Netherlands,61,Female,Free,2025-06-25,15.0,1.0,186.62,5.0,3.0,2.0,10.0,Loyal Customers,0,2026-03-30
C06763,South Africa,19,Male,Free,2023-10-02,180.0,3.0,437.67,4.0,3.0,4.0,11.0,Loyal Customers,0,2026-03-30
C06764,Turkey,28,Male,Free,2025-02-25,82.0,4.0,292.36,5.0,3.0,3.0,11.0,Loyal Customers,0,2026-03-30
C06765,United States,27,Male,Platinum,2024-07-29,23.0,3.0,754.4399999999999,5.0,3.0,5.0,13.0,Loyal Customers,0,2026-03-30
C06766,Germany,57,Female,Free,2024-03-31,318.0,3.0,518.3499999999999,4.0,3.0,4.0,11.0,Loyal Customers,0,2026-03-30
C06767,Spain,42,Female,Silver,2025-06-15,505.0,3.0,197.64,3.0,3.0,2.0,8.0,Loyal Customers,0,2026-03-30
C06768,Spain,34,Male,Platinum,2021-05-30,600.0,5.0,727.0699999999999,3.0,3.0,5.0,11.0,Loyal Customers,0,2026-03-30
C06769,Mexico,29,Male,Silver,2025-08-04,63.0,5.0,232.35,5.0,3.0,2.0,10.0,Loyal Customers,0,2026-03-30
C06770,United Kingdom,48,Male,Free,2023-04-21,738.0,2.0,270.35,2.0,3.0,3.0,8.0,At Risk,0,2026-03-30
C06771,Germany,19,Female,Silver,2023-07-28,334.0,4.0,840.27,4.0,3.0,5.0,12.0,Loyal Customers,1,2026-03-30
C06772,France,47,Male,Free,2025-06-07,340.0,3.0,278.14,4.0,3.0,3.0,10.0,Loyal Customers,0,2026-03-30
C06773,United States,42,Female,Free,2026-02-04,1127.0,3.0,380.86,1.0,3.0,3.0,7.0,At Risk,0,2026-03-30
C06774,Germany,50,Female,Silver,2024-05-24,99.0,4.0,426.87,5.0,3.0,4.0,12.0,Loyal Customers,0,2026-03-30
C06775,France,51,Female,Gold,2025-11-18,3.0,2.0,321.71000000000004,5.0,3.0,3.0,11.0,Loyal Customers,0,2026-03-30
C06776,United States,21,Female,Free,2024-10-25,741.0,2.0,307.74,2.0,3.0,3.0,8.0,At Risk,0,2026-03-30
C06777,France,47,Female,Free,2026-01-04,161.0,4.0,950.44,4.0,3.0,5.0,12.0,Loyal Customers,0,2026-03-30
C06778,United Kingdom,29,Male,Free,2025-07-07,897.0,2.0,159.73,2.0,3.0,2.0,7.0,Regular,0,2026-03-30
C06779,India,49,Male,Free,2026-03-12,103.0,5.0,1181.37,5.0,3.0,5.0,13.0,Loyal Customers,0,2026-03-30
C06780,India,33,Male,Silver,2025-06-19,565.0,2.0,141.94,3.0,3.0,2.0,8.0,Loyal Customers,0,2026-03-30
C06781,United States,43,Male,Gold,2024-11-23,196.0,3.0,310.66,4.0,3.0,3.0,10.0,Loyal Customers,0,2026-03-30
C06782,Italy,19,Female,Free,2023-07-23,704.0,5.0,580.23,2.0,3.0,4.0,9.0,At Risk,0,2026-03-30
C06783,United States,49,Male,Gold,2023-10-09,231.0,4.0,401.59,4.0,3.0,4.0,11.0,Loyal Customers,0,2026-03-30
C06784,United States,25,Female,Free,2024-11-05,,,,,,,,No orders in window,0,2026-03-30
C06785,Netherlands,18,Male,Platinum,2023-03-17,249.0,4.0,207.03,4.0,3.0,2.0,9.0,Loyal Customers,0,2026-03-30
C06786,United Kingdom,34,Female,Free,2026-03-19,458.0,4.0,281.13,3.0,3.0,3.0,9.0,Loyal Customers,0,2026-03-30
C06787,France,50,Female,Free,2024-08-24,233.0,3.0,341.32,4.0,3.0,3.0,10.0,Loyal Customers,0,2026-03-30
C06788,United States,33,Female,Free,2025-12-24,,,,,,,,No orders in window,0,2026-03-30
C06789,Germany,36,Female,Free,2024-04-01,245.0,2.0,297.76,4.0,3.0,3.0,10.0,Loyal Customers,0,2026-03-30
C06790,United States,21,Male,Free,2025-11-13,5.0,5.0,1049.47,5.0,3.0,5.0,13.0,Loyal Customers,0,2026-03-30
C06791,United States,35,Female,Silver,2026-01-06,205.0,3.0,528.14,4.0,3.0,4.0,11.0,Loyal Customers,0,2026-03-30
C06792,United Kingdom,49,Male,Free,2023-08-08,178.0,8.0,857.41,4.0,3.0,5.0,12.0,Loyal Customers,0,2026-03-30
C06793,United Kingdom,31,Male,Silver,2019-10-02,232.0,2.0,115.82,4.0,3.0,1.0,8.0,Loyal Customers,0,2026-03-30
C06794,India,31,Female,Silver,2026-02-06,679.0,2.0,328.84000000000003,2.0,3.0,3.0,8.0,At Risk,0,2026-03-30
C06795,France,18,Female,Silver,2024-12-22,112.0,3.0,337.6,5.0,3.0,3.0,11.0,Loyal Customers,0,2026-03-30
C06796,United States,42,Female,Silver,2025-07-07,251.0,2.0,454.9,4.0,3.0,4.0,11.0,Loyal Customers,0,2026-03-30
C06797,Spain,48,Male,Free,2025-11-27,35.0,5.0,459.4500000000001,5.0,3.0,4.0,12.0,Loyal Customers,0,2026-03-30
C06798,United States,18,Female,Free,2022-05-06,771.0,3.0,203.27,2.0,3.0,2.0,7.0,Regular,0,2026-03-30
C06799,France,35,Male,Free,2024-08-31,21.0,2.0,128.3,5.0,3.0,1.0,9.0,Loyal Customers,0,2026-03-30
C06800,United States,36,Female,Free,2025-10-28,1650.0,3.0,116.31,1.0,3.0,1.0,5.0,Regular,0,2026-03-30
C06801,Spain,37,Male,Gold,2022-12-24,194.0,3.0,114.42,4.0,3.0,1.0,8.0,Loyal Customers,0,2026-03-30
C06802,Turkey,18,Female,Free,2025-05-29,8.0,4.0,740.9200000000001,5.0,3.0,5.0,13.0,Loyal Customers,0,2026-03-30
C06803,United States,41,Female,Silver,2023-12-22,191.0,5.0,439.61,4.0,3.0,4.0,11.0,Loyal Customers,0,2026-03-30
C06804,Italy,40,Male,Silver,2024-10-13,995.0,2.0,243.56,2.0,3.0,2.0,7.0,Regular,0,2026-03-30
C06805,India,23,Male,Free,2019-09-19,309.0,4.0,187.59,4.0,3.0,2.0,9.0,Loyal Customers,0,2026-03-30
C06806,Sweden,30,Female,Free,2024-03-05,35.0,3.0,110.0,5.0,3.0,1.0,9.0,Loyal Customers,0,2026-03-30
C06807,United States,18,Female,Free,2021-09-25,1282.0,4.0,469.01,1.0,3.0,4.0,8.0,At Risk,1,2026-03-30
C06808,United Kingdom,40,Female,Gold,2025-12-02,264.0,6.0,498.09,4.0,3.0,4.0,11.0,Loyal Customers,0,2026-03-30
C06809,Japan,43,Other,Free,2021-08-06,797.0,6.0,610.9399999999999,2.0,3.0,4.0,9.0,At Risk,1,2026-03-30
C06810,United States,55,Female,Silver,2026-01-25,1629.0,2.0,161.5,1.0,3.0,2.0,6.0,Regular,0,2026-03-30
C06811,United States,35,Female,Platinum,2024-11-10,1389.0,2.0,162.61,1.0,3.0,2.0,6.0,Regular,0,2026-03-30
C06812,India,20,Male,Free,2026-01-19,183.0,1.0,443.22,4.0,3.0,4.0,11.0,Loyal Customers,0,2026-03-30
C06813,South Korea,19,Male,Silver,2026-01-13,296.0,7.0,831.23,4.0,3.0,5.0,12.0,Loyal Customers,0,2026-03-30
C06814,India,26,Female,Gold,2024-03-21,18.0,3.0,228.63,5.0,3.0,2.0,10.0,Loyal Customers,0,2026-03-30
C06815,South Africa,31,Male,Free,2026-02-23,283.0,4.0,423.67,4.0,3.0,4.0,11.0,Loyal Customers,0,2026-03-30
C06816,United States,23,Female,Free,2024-11-17,107.0,4.0,292.49,5.0,3.0,3.0,11.0,Loyal Customers,0,2026-03-30
C06817,United States,48,Female,Silver,2024-09-10,430.0,3.0,735.1,3.0,3.0,5.0,11.0,Loyal Customers,0,2026-03-30
C06818,Germany,35,Male,Gold,2025-07-25,232.0,5.0,453.08,4.0,3.0,4.0,11.0,Loyal Customers,0,2026-03-30
C06819,Canada,32,Male,Platinum,2026-02-16,552.0,4.0,604.12,3.0,3.0,4.0,10.0,Loyal Customers,0,2026-03-30
C06820,United Kingdom,25,Female,Free,2025-05-19,147.0,3.0,880.73,5.0,3.0,5.0,13.0,Loyal Customers,0,2026-03-30
C06821,India,23,Female,Free,2025-05-26,981.0,3.0,523.32,2.0,3.0,4.0,9.0,At Risk,0,2026-03-30
C06822,Spain,30,Female,Free,2025-12-25,1549.0,3.0,377.7,1.0,3.0,3.0,7.0,At Risk,0,2026-03-30
C06823,United States,51,Male,Free,2017-07-07,873.0,3.0,261.35,2.0,3.0,3.0,8.0,At Risk,0,2026-03-30
C06824,India,19,Female,Free,2025-08-10,170.0,6.0,539.28,4.0,3.0,4.0,11.0,Loyal Customers,0,2026-03-30
C06825,Japan,18,Female,Free,2024-08-27,1138.0,2.0,211.95,1.0,3.0,2.0,6.0,Regular,0,2026-03-30
C06826,United States,52,Female,Free,2025-07-07,396.0,5.0,425.78,3.0,3.0,4.0,10.0,Loyal Customers,0,2026-03-30
C06827,United States,44,Female,Free,2023-10-15,814.0,3.0,247.28,2.0,3.0,2.0,7.0,Regular,0,2026-03-30
C06828,India,57,Male,Free,2025-07-18,300.0,4.0,481.79,4.0,3.0,4.0,11.0,Loyal Customers,0,2026-03-30
C06829,Australia,43,Female,Free,2023-03-31,50.0,2.0,423.33,5.0,3.0,4.0,12.0,Loyal Customers,0,2026-03-30
C06830,India,51,Male,Silver,2023-07-12,699.0,6.0,288.1,2.0,3.0,3.0,8.0,At Risk,0,2026-03-30
C06831,Mexico,27,Male,Silver,2024-01-19,32.0,7.0,1606.69,5.0,3.0,5.0,13.0,Loyal Customers,0,2026-03-30
C06832,Australia,32,Female,Free,2025-07-05,1480.0,1.0,178.27,1.0,3.0,2.0,6.0,Regular,0,2026-03-30
C06833,Brazil,18,Male,Free,2025-03-19,328.0,2.0,334.24,4.0,3.0,3.0,10.0,Loyal Customers,0,2026-03-30
C06834,United States,18,Female,Silver,2026-03-28,507.0,1.0,40.02,3.0,3.0,1.0,7.0,Loyal Customers,0,2026-03-30
C06835,United Kingdom,28,Female,Free,2025-08-21,64.0,7.0,782.3399999999999,5.0,3.0,5.0,13.0,Loyal Customers,0,2026-03-30
C06836,South Africa,41,Male,Free,2026-01-08,202.0,3.0,713.27,4.0,3.0,5.0,12.0,Loyal Customers,0,2026-03-30
C06837,United States,45,Male,Free,2025-03-03,58.0,5.0,799.07,5.0,3.0,5.0,13.0,Loyal Customers,0,2026-03-30
C06838,United States,26,Male,Silver,2025-11-19,789.0,3.0,332.96,2.0,3.0,3.0,8.0,At Risk,0,2026-03-30
C06839,United States,18,Female,Free,2022-12-10,906.0,3.0,433.72,2.0,3.0,4.0,9.0,At Risk,0,2026-03-30
C06840,Germany,31,Female,Gold,2025-11-13,360.0,3.0,807.68,3.0,3.0,5.0,11.0,Loyal Customers,0,2026-03-30
C06841,Canada,43,Female,Platinum,2023-10-12,61.0,2.0,113.37,5.0,3.0,1.0,9.0,Loyal Customers,0,2026-03-30
C06842,South Korea,26,Female,Free,2025-07-17,644.0,1.0,67.77,2.0,3.0,1.0,6.0,Regular,1,2026-03-30
C06843,United Kingdom,39,Male,Free,2026-03-20,2022.0,2.0,128.22,1.0,3.0,1.0,5.0,Regular,0,2026-03-30
C06844,United States,33,Male,Free,2022-08-28,88.0,2.0,1038.26,5.0,3.0,5.0,13.0,Loyal Customers,0,2026-03-30
C06845,India,41,Male,Free,2026-01-11,718.0,5.0,327.79,2.0,3.0,3.0,8.0,At Risk,0,2026-03-30
C06846,United Kingdom,48,Male,Platinum,2024-08-25,1097.0,4.0,658.9499999999999,1.0,3.0,5.0,9.0,At Risk,0,2026-03-30
C06847,Netherlands,46,Female,Free,2024-02-28,715.0,2.0,438.19000000000005,2.0,3.0,4.0,9.0,At Risk,0,2026-03-30
C06848,United States,53,Male,Silver,2025-11-07,88.0,5.0,713.36,5.0,3.0,5.0,13.0,Loyal Customers,0,2026-03-30
C06849,France,34,Male,Free,2024-10-05,913.0,3.0,262.48,2.0,3.0,3.0,8.0,At Risk,0,2026-03-30
C06850,United Kingdom,51,Male,Silver,2025-07-08,24.0,6.0,1508.33,5.0,3.0,5.0,13.0,Loyal Customers,0,2026-03-30
C06851,United States,38,Female,Silver,2025-07-01,981.0,2.0,242.15,2.0,3.0,2.0,7.0,Regular,1,2026-03-30
C06852,United States,27,Female,Free,2023-08-04,307.0,4.0,371.59,4.0,3.0,3.0,10.0,Loyal Customers,0,2026-03-30
C06853,Germany,40,Male,Silver,2024-12-05,33.0,3.0,462.87,5.0,3.0,4.0,12.0,Loyal Customers,0,2026-03-30
C06854,Japan,52,Female,Free,2023-06-20,1052.0,2.0,532.21,2.0,3.0,4.0,9.0,At Risk,0,2026-03-30
C06855,Sweden,18,Female,Silver,2025-04-02,984.0,2.0,97.57,2.0,3.0,1.0,6.0,Regular,0,2026-03-30
C06856,United States,52,Male,Gold,2025-08-22,1155.0,3.0,263.5,1.0,3.0,3.0,7.0,At Risk,0,2026-03-30
C06857,United States,36,Female,Free,2026-03-06,67.0,4.0,642.96,5.0,3.0,5.0,13.0,Loyal Customers,0,2026-03-30
C06858,United States,23,Male,Free,2025-09-08,268.0,3.0,172.92,4.0,3.0,2.0,9.0,Loyal Customers,0,2026-03-30
C06859,India,32,Female,Gold,2025-12-11,1429.0,1.0,42.3,1.0,3.0,1.0,5.0,Regular,0,2026-03-30
C06860,United States,51,Other,Gold,2025-10-23,317.0,2.0,172.69,4.0,3.0,2.0,9.0,Loyal Customers,0,2026-03-30
C06861,India,27,Female,Free,2025-03-23,177.0,1.0,51.98,4.0,3.0,1.0,8.0,Loyal Customers,0,2026-03-30
C06862,United Kingdom,41,Male,Silver,2023-04-01,1296.0,2.0,100.15,1.0,3.0,1.0,5.0,Regular,0,2026-03-30
C06863,South Africa,36,Female,Gold,2022-04-19,811.0,2.0,119.95,2.0,3.0,1.0,6.0,Regular,0,2026-03-30
C06864,Uae,21,Female,Free,2024-09-16,793.0,2.0,281.48,2.0,3.0,3.0,8.0,At Risk,0,2026-03-30
C06865,Germany,38,Male,Platinum,2024-02-23,67.0,4.0,478.6,5.0,3.0,4.0,12.0,Loyal Customers,1,2026-03-30
C06866,Singapore,44,Female,Free,2026-01-06,216.0,3.0,392.88,4.0,3.0,3.0,10.0,Loyal Customers,0,2026-03-30
C06867,Germany,29,Male,Free,2026-02-25,1414.0,2.0,297.82,1.0,3.0,3.0,7.0,At Risk,0,2026-03-30
C06868,India,20,Female,Free,2025-01-24,78.0,3.0,313.33000000000004,5.0,3.0,3.0,11.0,Loyal Customers,0,2026-03-30
C06869,Mexico,34,Female,Silver,2024-06-23,432.0,4.0,516.21,3.0,3.0,4.0,10.0,Loyal Customers,0,2026-03-30
C06870,United States,27,Female,Free,2025-09-30,560.0,4.0,93.53,3.0,3.0,1.0,7.0,Loyal Customers,0,2026-03-30
C06871,Germany,40,Male,Gold,2023-11-27,441.0,8.0,693.64,3.0,3.0,5.0,11.0,Loyal Customers,0,2026-03-30
C06872,Italy,34,Male,Free,2025-02-14,8.0,4.0,445.78,5.0,3.0,4.0,12.0,Loyal Customers,0,2026-03-30
C06873,Japan,45,Female,Gold,2024-03-28,469.0,1.0,115.16,3.0,3.0,1.0,7.0,Loyal Customers,0,2026-03-30
C06874,Mexico,18,Male,Free,2018-09-29,937.0,5.0,1067.0,2.0,3.0,5.0,10.0,At Risk,0,2026-03-30
C06875,United States,51,Male,Free,2024-03-27,571.0,2.0,245.01,3.0,3.0,2.0,8.0,Loyal Customers,0,2026-03-30
C06876,United States,21,Female,Gold,2017-01-29,502.0,4.0,635.14,3.0,3.0,5.0,11.0,Loyal Customers,0,2026-03-30
C06877,United Kingdom,51,Female,Free,2025-08-24,1383.0,3.0,158.53,1.0,3.0,2.0,6.0,Regular,0,2026-03-30
C06878,India,25,Female,Free,2024-12-31,150.0,3.0,796.04,5.0,3.0,5.0,13.0,Loyal Customers,0,2026-03-30
C06879,India,35,Male,Free,2025-05-05,148.0,7.0,924.16,5.0,3.0,5.0,13.0,Loyal Customers,0,2026-03-30
C06880,India,54,Female,Silver,2025-11-11,524.0,2.0,49.760000000000005,3.0,3.0,1.0,7.0,Loyal Customers,0,2026-03-30
C06881,India,34,Male,Free,2024-06-12,841.0,2.0,274.81,2.0,3.0,3.0,8.0,At Risk,0,2026-03-30
C06882,United States,25,Female,Silver,2025-05-01,888.0,3.0,198.72,2.0,3.0,2.0,7.0,Regular,0,2026-03-30
C06883,United States,37,Male,Silver,2024-02-17,264.0,4.0,264.49,4.0,3.0,3.0,10.0,Loyal Customers,0,2026-03-30
C06884,United States,25,Other,Free,2021-07-25,1005.0,3.0,312.29,2.0,3.0,3.0,8.0,At Risk,0,2026-03-30
C06885,Netherlands,51,Other,Free,2024-08-28,252.0,3.0,234.44,4.0,3.0,2.0,9.0,Loyal Customers,0,2026-03-30
C06886,United States,58,Other,Free,2026-02-03,1356.0,1.0,95.02,1.0,3.0,1.0,5.0,Regular,0,2026-03-30
C06887,Australia,33,Female,Silver,2026-03-09,791.0,2.0,140.67,2.0,3.0,2.0,7.0,Regular,0,2026-03-30
C06888,Mexico,22,Male,Free,2022-06-01,,,,,,,,No orders in window,0,2026-03-30
C06889,France,19,Other,Free,2026-02-25,552.0,3.0,205.74,3.0,3.0,2.0,8.0,Loyal Customers,0,2026-03-30
C06890,Japan,32,Female,Platinum,2025-07-18,535.0,7.0,1603.2,3.0,3.0,5.0,11.0,Loyal Customers,0,2026-03-30
C06891,Germany,50,Female,Platinum,2023-10-19,977.0,4.0,461.77,2.0,3.0,4.0,9.0,At Risk,0,2026-03-30
C06892,Germany,35,Female,Free,2024-11-09,192.0,6.0,1236.63,4.0,3.0,5.0,12.0,Loyal Customers,0,2026-03-30
C06893,Singapore,45,Male,Free,2022-01-06,466.0,3.0,281.66,3.0,3.0,3.0,9.0,Loyal Customers,1,2026-03-30
C06894,United Kingdom,33,Other,Platinum,2025-07-14,546.0,3.0,209.03,3.0,3.0,2.0,8.0,Loyal Customers,0,2026-03-30
C06895,United States,44,Female,Free,2025-03-15,169.0,6.0,994.31,4.0,3.0,5.0,12.0,Loyal Customers,0,2026-03-30
C06896,United States,36,Male,Free,2026-02-10,514.0,6.0,757.55,3.0,3.0,5.0,11.0,Loyal Customers,0,2026-03-30
C06897,United States,55,Male,Free,2025-06-24,37.0,2.0,607.53,5.0,3.0,4.0,12.0,Loyal Customers,0,2026-03-30
C06898,United States,21,Female,Gold,2021-04-21,,,,,,,,No orders in window,0,2026-03-30
C06899,United States,29,Male,Free,2026-02-19,6.0,3.0,210.18,5.0,3.0,2.0,10.0,Loyal Customers,0,2026-03-30
C06900,United States,47,Male,Silver,2026-03-14,701.0,2.0,157.31,2.0,3.0,2.0,7.0,Regular,0,2026-03-30
C06901,Australia,32,Other,Silver,2025-11-09,880.0,2.0,426.55,2.0,3.0,4.0,9.0,At Risk,1,2026-03-30
C06902,Australia,24,Male,Gold,2024-11-29,,,,,,,,No orders in window,0,2026-03-30
C06903,United States,43,Male,Silver,2024-11-09,425.0,5.0,236.48,3.0,3.0,2.0,8.0,Loyal Customers,0,2026-03-30
C06904,United States,18,Female,Free,2023-08-30,1050.0,1.0,194.03,2.0,3.0,2.0,7.0,Regular,0,2026-03-30
C06905,South Korea,30,Male,Platinum,2022-11-30,831.0,4.0,550.83,2.0,3.0,4.0,9.0,At Risk,0,2026-03-30
C06906,United States,46,Male,Free,2025-12-07,397.0,5.0,524.0699999999999,3.0,3.0,4.0,10.0,Loyal Customers,0,2026-03-30
C06907,France,42,Female,Free,2025-04-07,468.0,2.0,169.01999999999998,3.0,3.0,2.0,8.0,Loyal Customers,0,2026-03-30
C06908,Brazil,27,Male,Silver,2024-08-26,156.0,3.0,281.9,4.0,3.0,3.0,10.0,Loyal Customers,0,2026-03-30
C06909,United States,26,Female,Free,2026-03-26,165.0,5.0,486.19,4.0,3.0,4.0,11.0,Loyal Customers,0,2026-03-30
C06910,Germany,22,Male,Free,2022-07-04,857.0,1.0,268.48,2.0,3.0,3.0,8.0,At Risk,0,2026-03-30
C06911,Singapore,21,Male,Free,2025-09-12,135.0,4.0,156.38,5.0,3.0,2.0,10.0,Loyal Customers,0,2026-03-30
C06912,United States,39,Male,Gold,2024-12-27,258.0,4.0,488.51,4.0,3.0,4.0,11.0,Loyal Customers,0,2026-03-30
C06913,India,48,Male,Silver,2025-06-29,213.0,1.0,284.83,4.0,3.0,3.0,10.0,Loyal Customers,0,2026-03-30
C06914,Mexico,41,Male,Free,2024-01-29,478.0,1.0,47.37,3.0,3.0,1.0,7.0,Loyal Customers,0,2026-03-30
C06915,Australia,47,Female,Free,2026-01-06,135.0,5.0,996.2,5.0,3.0,5.0,13.0,Loyal Customers,1,2026-03-30
C06916,United States,32,Male,Free,2024-02-17,242.0,3.0,312.51,4.0,3.0,3.0,10.0,Loyal Customers,0,2026-03-30
C06917,United States,22,Male,Free,2025-03-13,119.0,2.0,41.82,5.0,3.0,1.0,9.0,Loyal Customers,0,2026-03-30
C06918,United States,44,Male,Silver,2025-02-18,435.0,2.0,223.6,3.0,3.0,2.0,8.0,Loyal Customers,0,2026-03-30
C06919,United States,44,Male,Free,2019-10-06,306.0,1.0,93.06,4.0,3.0,1.0,8.0,Loyal Customers,0,2026-03-30
C06920,United States,37,Female,Free,2022-07-29,224.0,2.0,344.06,4.0,3.0,3.0,10.0,Loyal Customers,1,2026-03-30
C06921,United Kingdom,30,Female,Platinum,2024-12-17,969.0,5.0,365.21,2.0,3.0,3.0,8.0,At Risk,0,2026-03-30
C06922,Brazil,54,Female,Platinum,2024-12-14,270.0,3.0,480.13,4.0,3.0,4.0,11.0,Loyal Customers,0,2026-03-30
C06923,Japan,58,Male,Free,2025-03-03,62.0,4.0,378.2,5.0,3.0,3.0,11.0,Loyal Customers,0,2026-03-30
C06924,United Kingdom,28,Male,Silver,2024-05-06,745.0,5.0,442.61,2.0,3.0,4.0,9.0,At Risk,0,2026-03-30
C06925,United States,44,Female,Silver,2024-05-22,42.0,6.0,577.0799999999999,5.0,3.0,4.0,12.0,Loyal Customers,0,2026-03-30
C06926,United States,25,Female,Platinum,2025-05-24,1244.0,4.0,303.69,1.0,3.0,3.0,7.0,At Risk,0,2026-03-30
C06927,United States,43,Male,Silver,2026-01-08,131.0,4.0,171.14,5.0,3.0,2.0,10.0,Loyal Customers,0,2026-03-30
C06928,Canada,36,Female,Silver,2024-08-17,121.0,4.0,326.19,5.0,3.0,3.0,11.0,Loyal Customers,0,2026-03-30
C06929,United States,45,Female,Silver,2023-09-20,883.0,2.0,177.93,2.0,3.0,2.0,7.0,Regular,0,2026-03-30
C06930,Germany,46,Male,Silver,2025-08-17,14.0,4.0,546.48,5.0,3.0,4.0,12.0,Loyal Customers,0,2026-03-30
C06931,France,37,Female,Silver,2024-01-08,651.0,3.0,339.44,2.0,3.0,3.0,8.0,At Risk,0,2026-03-30
C06932,United States,29,Female,Platinum,2022-05-19,94.0,3.0,558.14,5.0,3.0,4.0,12.0,Loyal Customers,1,2026-03-30
C06933,United States,36,Female,Free,2026-03-07,129.0,4.0,835.01,5.0,3.0,5.0,13.0,Loyal Customers,0,2026-03-30
C06934,United Kingdom,18,Male,Platinum,2025-08-13,290.0,7.0,1689.8200000000002,4.0,3.0,5.0,12.0,Loyal Customers,0,2026-03-30
C06935,United States,26,Female,Free,2025-07-07,11.0,7.0,320.4,5.0,3.0,3.0,11.0,Loyal Customers,0,2026-03-30
C06936,Australia,20,Female,Platinum,2024-09-03,1403.0,3.0,139.06,1.0,3.0,1.0,5.0,Regular,0,2026-03-30
C06937,United States,39,Male,Free,2024-09-30,567.0,7.0,1266.41,3.0,3.0,5.0,11.0,Loyal Customers,0,2026-03-30
C06938,Mexico,40,Male,Silver,2026-02-13,1255.0,1.0,56.54,1.0,3.0,1.0,5.0,Regular,0,2026-03-30
C06939,India,46,Male,Free,2025-06-13,2163.0,2.0,223.2,1.0,3.0,2.0,6.0,Regular,0,2026-03-30
C06940,India,39,Female,Silver,2022-12-26,23.0,5.0,493.33,5.0,3.0,4.0,12.0,Loyal Customers,0,2026-03-30
C06941,United Kingdom,45,Female,Silver,2026-02-18,270.0,5.0,404.0,4.0,3.0,4.0,11.0,Loyal Customers,0,2026-03-30
C06942,Japan,40,Male,Free,2024-05-23,984.0,3.0,454.82,2.0,3.0,4.0,9.0,At Risk,0,2026-03-30
C06943,United States,37,Female,Gold,2023-10-21,108.0,8.0,623.75,5.0,3.0,5.0,13.0,Loyal Customers,0,2026-03-30
C06944,United Kingdom,18,Male,Free,2025-10-28,160.0,3.0,629.13,4.0,3.0,5.0,12.0,Loyal Customers,0,2026-03-30
C06945,Australia,37,Female,Silver,2015-07-18,496.0,3.0,325.95,3.0,3.0,3.0,9.0,Loyal Customers,0,2026-03-30
C06946,United States,30,Female,Silver,2020-12-15,61.0,3.0,118.93,5.0,3.0,1.0,9.0,Loyal Customers,1,2026-03-30
C06947,France,18,Male,Free,2025-09-21,728.0,6.0,1012.52,2.0,3.0,5.0,10.0,At Risk,0,2026-03-30
C06948,Germany,27,Male,Free,2024-08-12,24.0,3.0,1626.58,5.0,3.0,5.0,13.0,Loyal Customers,0,2026-03-30
C06949,United States,49,Male,Free,2024-01-01,,,,,,,,No orders in window,0,2026-03-30
C06950,Canada,49,Male,Free,2022-04-21,332.0,2.0,220.18,4.0,3.0,2.0,9.0,Loyal Customers,0,2026-03-30
C06951,France,26,Male,Free,2024-08-07,1085.0,3.0,549.9,1.0,3.0,4.0,8.0,At Risk,0,2026-03-30
C06952,India,27,Female,Platinum,2026-03-21,376.0,4.0,418.96,3.0,3.0,4.0,10.0,Loyal Customers,1,2026-03-30
C06953,India,39,Male,Free,2023-12-17,64.0,4.0,424.19,5.0,3.0,4.0,12.0,Loyal Customers,0,2026-03-30
C06954,Mexico,47,Male,Silver,2025-04-18,1100.0,4.0,477.52,1.0,3.0,4.0,8.0,At Risk,1,2026-03-30
C06955,United States,32,Male,Gold,2023-12-02,612.0,3.0,246.78,3.0,3.0,2.0,8.0,Loyal Customers,0,2026-03-30
C06956,South Korea,26,Male,Silver,2022-11-17,616.0,1.0,56.57,3.0,3.0,1.0,7.0,Loyal Customers,0,2026-03-30
C06957,Italy,34,Male,Gold,2021-03-16,142.0,2.0,77.92999999999999,5.0,3.0,1.0,9.0,Loyal Customers,0,2026-03-30
C06958,Australia,31,Male,Free,2023-11-18,287.0,5.0,460.44,4.0,3.0,4.0,11.0,Loyal Customers,0,2026-03-30
C06959,United States,30,Female,Silver,2026-03-03,790.0,3.0,117.56,2.0,3.0,1.0,6.0,Regular,0,2026-03-30
C06960,Brazil,29,Other,Free,2022-03-27,108.0,3.0,76.62,5.0,3.0,1.0,9.0,Loyal Customers,0,2026-03-30
C06961,United States,26,Male,Free,2023-05-19,940.0,1.0,43.43,2.0,3.0,1.0,6.0,Regular,0,2026-03-30
C06962,United Kingdom,39,Female,Silver,2025-12-06,700.0,5.0,411.34,2.0,3.0,4.0,9.0,At Risk,0,2026-03-30
C06963,United States,28,Male,Free,2025-12-18,98.0,5.0,492.99,5.0,3.0,4.0,12.0,Loyal Customers,0,2026-03-30
C06964,France,48,Female,Free,2024-04-12,116.0,3.0,930.03,5.0,3.0,5.0,13.0,Loyal Customers,0,2026-03-30
C06965,Brazil,35,Female,Free,2023-04-02,671.0,4.0,853.1200000000001,2.0,3.0,5.0,10.0,At Risk,0,2026-03-30
C06966,Mexico,18,Female,Free,2024-11-09,110.0,5.0,600.94,5.0,3.0,4.0,12.0,Loyal Customers,0,2026-03-30
C06967,France,43,Male,Free,2025-12-21,418.0,3.0,235.47,3.0,3.0,2.0,8.0,Loyal Customers,0,2026-03-30
C06968,Japan,18,Female,Free,2024-01-17,468.0,8.0,1627.36,3.0,3.0,5.0,11.0,Loyal Customers,0,2026-03-30
C06969,Uae,30,Male,Gold,2024-07-26,191.0,5.0,916.76,4.0,3.0,5.0,12.0,Loyal Customers,0,2026-03-30
C06970,United Kingdom,18,Male,Free,2025-05-05,680.0,1.0,179.88,2.0,3.0,2.0,7.0,Regular,0,2026-03-30
C06971,Germany,48,Female,Silver,2022-10-31,327.0,2.0,92.34,4.0,3.0,1.0,8.0,Loyal Customers,0,2026-03-30
C06972,India,47,Female,Free,2022-10-02,1552.0,2.0,198.87,1.0,3.0,2.0,6.0,Regular,0,2026-03-30
C06973,Germany,35,Female,Silver,2023-09-02,158.0,2.0,63.27,4.0,3.0,1.0,8.0,Loyal Customers,0,2026-03-30
C06974,Canada,28,Female,Free,2025-06-20,317.0,6.0,1413.91,4.0,3.0,5.0,12.0,Loyal Customers,0,2026-03-30
C06975,United States,32,Male,Gold,2026-01-15,1144.0,3.0,249.68,1.0,3.0,2.0,6.0,Regular,0,2026-03-30
C06976,United States,55,Male,Silver,2022-12-07,837.0,5.0,285.45,2.0,3.0,3.0,8.0,At Risk,0,2026-03-30
C06977,United States,45,Female,Free,2026-01-08,427.0,3.0,132.56,3.0,3.0,1.0,7.0,Loyal Customers,0,2026-03-30
C06978,United States,63,Other,Free,2025-06-03,235.0,7.0,1164.71,4.0,3.0,5.0,12.0,Loyal Customers,0,2026-03-30
C06979,United States,30,Female,Free,2025-07-03,998.0,5.0,293.44,2.0,3.0,3.0,8.0,At Risk,0,2026-03-30
C06980,India,44,Female,Silver,2025-06-04,912.0,3.0,580.15,2.0,3.0,4.0,9.0,At Risk,0,2026-03-30
C06981,Netherlands,43,Male,Free,2025-06-30,112.0,3.0,463.25,5.0,3.0,4.0,12.0,Loyal Customers,0,2026-03-30
C06982,India,47,Female,Platinum,2022-11-21,180.0,4.0,541.19,4.0,3.0,4.0,11.0,Loyal Customers,0,2026-03-30
C06983,Mexico,45,Male,Gold,2026-03-27,109.0,3.0,753.5799999999999,5.0,3.0,5.0,13.0,Loyal Customers,0,2026-03-30
C06984,United States,44,Male,Free,2019-07-08,75.0,7.0,1186.19,5.0,3.0,5.0,13.0,Loyal Customers,1,2026-03-30
C06985,Germany,60,Female,Gold,2022-08-31,406.0,1.0,61.39,3.0,3.0,1.0,7.0,Loyal Customers,1,2026-03-30
C06986,United States,48,Female,Free,2025-01-13,315.0,3.0,651.54,4.0,3.0,5.0,12.0,Loyal Customers,1,2026-03-30
C06987,India,52,Female,Free,2022-03-14,369.0,4.0,355.16,3.0,3.0,3.0,9.0,Loyal Customers,0,2026-03-30
C06988,India,36,Male,Silver,2026-03-23,341.0,3.0,163.0,4.0,3.0,2.0,9.0,Loyal Customers,0,2026-03-30
C06989,Australia,18,Male,Free,2024-11-20,1776.0,3.0,740.91,1.0,3.0,5.0,9.0,At Risk,0,2026-03-30
C06990,Germany,25,Male,Free,2025-01-22,158.0,2.0,63.1,4.0,3.0,1.0,8.0,Loyal Customers,1,2026-03-30
C06991,Germany,51,Female,Free,2025-11-09,329.0,6.0,633.71,4.0,3.0,5.0,12.0,Loyal Customers,0,2026-03-30
C06992,Singapore,18,Male,Free,2026-02-17,,,,,,,,No orders in window,0,2026-03-30
C06993,United Kingdom,29,Female,Free,2024-01-13,1155.0,1.0,148.01,1.0,3.0,2.0,6.0,Regular,0,2026-03-30
C06994,India,61,Other,Free,2026-01-16,341.0,3.0,419.0,4.0,3.0,4.0,11.0,Loyal Customers,0,2026-03-30
C06995,Netherlands,30,Female,Silver,2023-08-06,215.0,3.0,789.82,4.0,3.0,5.0,12.0,Loyal Customers,0,2026-03-30
C06996,United States,34,Male,Free,2025-11-22,76.0,3.0,133.1,5.0,3.0,1.0,9.0,Loyal Customers,0,2026-03-30
C06997,India,40,Male,Silver,2025-11-12,214.0,5.0,448.09,4.0,3.0,4.0,11.0,Loyal Customers,0,2026-03-30
C06998,United States,22,Male,Free,2024-04-06,54.0,3.0,241.0,5.0,3.0,2.0,10.0,Loyal Customers,0,2026-03-30
C06999,France,51,Female,Gold,2023-11-22,693.0,4.0,280.01,2.0,3.0,3.0,8.0,At Risk,1,2026-03-30
C07000,Canada,37,Male,Free,2026-02-22,135.0,3.0,255.75,5.0,3.0,2.0,10.0,Loyal Customers,0,2026-03-30
C07001,France,48,Female,Gold,2024-10-05,763.0,6.0,264.85,2.0,3.0,3.0,8.0,At Risk,0,2026-03-30
C07002,United States,38,Other,Free,2022-02-06,534.0,4.0,403.78,3.0,3.0,4.0,10.0,Loyal Customers,0,2026-03-30
C07003,India,61,Male,Free,2025-09-18,50.0,3.0,257.58,5.0,3.0,2.0,10.0,Loyal Customers,0,2026-03-30
C07004,United States,43,Male,Free,2019-05-08,652.0,5.0,797.5600000000001,2.0,3.0,5.0,10.0,At Risk,0,2026-03-30
C07005,India,18,Female,Gold,2025-12-08,168.0,2.0,44.56,4.0,3.0,1.0,8.0,Loyal Customers,0,2026-03-30
C07006,United States,29,Female,Gold,2024-06-17,415.0,4.0,1188.01,3.0,3.0,5.0,11.0,Loyal Customers,1,2026-03-30
C07007,Canada,39,Male,Free,2025-03-04,699.0,3.0,96.22,2.0,3.0,1.0,6.0,Regular,0,2026-03-30
C07008,United States,32,Female,Silver,2023-01-17,1590.0,1.0,380.97,1.0,3.0,3.0,7.0,At Risk,0,2026-03-30
C07009,United States,37,Female,Platinum,2021-09-06,709.0,2.0,816.7900000000001,2.0,3.0,5.0,10.0,At Risk,0,2026-03-30
C07010,Brazil,20,Female,Free,2021-05-14,1380.0,5.0,523.6600000000001,1.0,3.0,4.0,8.0,At Risk,0,2026-03-30
C07011,Australia,29,Female,Silver,2025-03-04,1651.0,2.0,109.9,1.0,3.0,1.0,5.0,Regular,0,2026-03-30
C07012,Australia,52,Male,Free,2024-04-17,2028.0,1.0,86.86,1.0,3.0,1.0,5.0,Regular,0,2026-03-30
C07013,Canada,39,Female,Silver,2024-07-12,1026.0,2.0,63.150000000000006,2.0,3.0,1.0,6.0,Regular,0,2026-03-30
C07014,South Korea,50,Male,Free,2024-08-29,846.0,4.0,214.07,2.0,3.0,2.0,7.0,Regular,0,2026-03-30
C07015,Netherlands,18,Male,Free,2025-07-03,514.0,3.0,1106.92,3.0,3.0,5.0,11.0,Loyal Customers,0,2026-03-30
C07016,United Kingdom,22,Female,Free,2023-07-19,435.0,5.0,1058.61,3.0,3.0,5.0,11.0,Loyal Customers,1,2026-03-30
C07017,United States,30,Male,Silver,2026-02-21,271.0,4.0,428.79,4.0,3.0,4.0,11.0,Loyal Customers,0,2026-03-30
C07018,Germany,26,Male,Free,2025-08-09,429.0,3.0,202.26,3.0,3.0,2.0,8.0,Loyal Customers,0,2026-03-30
C07019,United Kingdom,48,Male,Gold,2026-03-01,416.0,5.0,683.6700000000001,3.0,3.0,5.0,11.0,Loyal Customers,0,2026-03-30
C07020,United States,40,Male,Silver,2024-11-16,408.0,4.0,350.04999999999995,3.0,3.0,3.0,9.0,Loyal Customers,0,2026-03-30
C07021,Singapore,31,Female,Free,2025-12-02,737.0,3.0,497.44,2.0,3.0,4.0,9.0,At Risk,1,2026-03-30
C07022,United States,34,Female,Free,2023-09-21,251.0,5.0,951.41,4.0,3.0,5.0,12.0,Loyal Customers,0,2026-03-30
C07023,Germany,38,Female,Gold,2024-12-20,106.0,3.0,362.18,5.0,3.0,3.0,11.0,Loyal Customers,0,2026-03-30
C07024,France,51,Male,Free,2024-07-17,135.0,2.0,199.1,5.0,3.0,2.0,10.0,Loyal Customers,0,2026-03-30
C07025,India,31,Female,Silver,2026-01-14,61.0,4.0,433.15,5.0,3.0,4.0,12.0,Loyal Customers,0,2026-03-30
C07026,India,25,Male,Free,2025-01-24,1130.0,5.0,676.23,1.0,3.0,5.0,9.0,At Risk,0,2026-03-30
C07027,United Kingdom,43,Female,Gold,2023-01-07,2062.0,1.0,32.25,1.0,3.0,1.0,5.0,Regular,0,2026-03-30
C07028,India,18,Male,Free,2025-10-29,547.0,2.0,269.45,3.0,3.0,3.0,9.0,Loyal Customers,0,2026-03-30
C07029,United States,37,Male,Free,2026-01-15,516.0,5.0,367.33,3.0,3.0,3.0,9.0,Loyal Customers,0,2026-03-30
C07030,Germany,31,Female,Silver,2025-10-05,781.0,2.0,314.74,2.0,3.0,3.0,8.0,At Risk,0,2026-03-30
C07031,United States,42,Female,Silver,2021-12-07,410.0,4.0,229.33,3.0,3.0,2.0,8.0,Loyal Customers,1,2026-03-30
C07032,Germany,33,Male,Silver,2024-03-08,2247.0,1.0,421.71,1.0,3.0,4.0,8.0,At Risk,0,2026-03-30
C07033,South Africa,40,Male,Free,2026-03-09,242.0,3.0,405.96,4.0,3.0,4.0,11.0,Loyal Customers,0,2026-03-30
C07034,Brazil,18,Female,Free,2026-01-28,1622.0,1.0,39.87,1.0,3.0,1.0,5.0,Regular,0,2026-03-30
C07035,United States,33,Female,Gold,2023-04-12,184.0,4.0,383.23,4.0,3.0,3.0,10.0,Loyal Customers,0,2026-03-30
C07036,Turkey,18,Male,Silver,2025-10-20,504.0,6.0,406.9,3.0,3.0,4.0,10.0,Loyal Customers,0,2026-03-30
C07037,United States,40,Male,Free,2026-02-15,195.0,6.0,441.08,4.0,3.0,4.0,11.0,Loyal Customers,0,2026-03-30
C07038,United States,33,Female,Free,2024-03-20,,,,,,,,No orders in window,0,2026-03-30
C07039,Australia,36,Male,Free,2023-03-11,1105.0,3.0,411.74,1.0,3.0,4.0,8.0,At Risk,0,2026-03-30
C07040,Spain,28,Female,Gold,2025-04-19,,,,,,,,No orders in window,0,2026-03-30
C07041,India,32,Female,Gold,2025-10-31,1444.0,1.0,263.0,1.0,3.0,3.0,7.0,At Risk,0,2026-03-30
C07042,India,33,Female,Free,2025-05-16,243.0,7.0,836.04,4.0,3.0,5.0,12.0,Loyal Customers,0,2026-03-30
C07043,South Korea,39,Female,Silver,2025-02-01,371.0,2.0,126.41,3.0,3.0,1.0,7.0,Loyal Customers,0,2026-03-30
C07044,India,34,Female,Free,2023-03-27,812.0,6.0,927.54,2.0,3.0,5.0,10.0,At Risk,0,2026-03-30
C07045,Canada,66,Female,Gold,2025-01-22,105.0,5.0,1470.62,5.0,3.0,5.0,13.0,Loyal Customers,0,2026-03-30
C07046,Turkey,43,Female,Free,2026-03-11,1696.0,3.0,189.02,1.0,3.0,2.0,6.0,Regular,1,2026-03-30
C07047,United States,44,Male,Silver,2024-11-03,596.0,5.0,764.15,3.0,3.0,5.0,11.0,Loyal Customers,0,2026-03-30
C07048,Japan,47,Female,Silver,2023-02-03,,,,,,,,No orders in window,0,2026-03-30
C07049,Singapore,54,Female,Silver,2025-11-22,482.0,3.0,621.89,3.0,3.0,4.0,10.0,Loyal Customers,0,2026-03-30
C07050,United Kingdom,39,Male,Free,2022-03-07,,,,,,,,No orders in window,0,2026-03-30
C07051,India,35,Female,Silver,2026-02-14,732.0,3.0,326.99,2.0,3.0,3.0,8.0,At Risk,0,2026-03-30
C07052,United States,36,Male,Free,2025-03-28,77.0,5.0,496.19,5.0,3.0,4.0,12.0,Loyal Customers,0,2026-03-30
C07053,Italy,30,Male,Silver,2026-02-19,446.0,4.0,650.71,3.0,3.0,5.0,11.0,Loyal Customers,0,2026-03-30
C07054,United States,35,Male,Free,2024-03-24,1075.0,2.0,158.55,1.0,3.0,2.0,6.0,Regular,1,2026-03-30
C07055,United States,46,Male,Silver,2022-05-21,403.0,5.0,285.33,3.0,3.0,3.0,9.0,Loyal Customers,0,2026-03-30
C07056,South Korea,47,Female,Silver,2025-10-21,1315.0,2.0,141.39,1.0,3.0,2.0,6.0,Regular,0,2026-03-30
C07057,United States,36,Female,Gold,2026-01-28,173.0,2.0,72.5,4.0,3.0,1.0,8.0,Loyal Customers,0,2026-03-30
C07058,Poland,18,Male,Free,2025-09-22,21.0,6.0,1014.96,5.0,3.0,5.0,13.0,Loyal Customers,1,2026-03-30
C07059,United States,32,Female,Free,2023-09-15,342.0,2.0,450.11,4.0,3.0,4.0,11.0,Loyal Customers,1,2026-03-30
C07060,India,18,Female,Gold,2025-09-12,626.0,4.0,552.52,2.0,3.0,4.0,9.0,At Risk,0,2026-03-30
C07061,United States,36,Male,Free,2025-04-20,313.0,5.0,1264.38,4.0,3.0,5.0,12.0,Loyal Customers,0,2026-03-30
C07062,Australia,55,Female,Free,2023-05-06,620.0,3.0,194.35,3.0,3.0,2.0,8.0,Loyal Customers,0,2026-03-30
C07063,United States,31,Female,Platinum,2023-07-04,655.0,3.0,685.61,2.0,3.0,5.0,10.0,At Risk,0,2026-03-30
C07064,Canada,35,Female,Gold,2025-12-04,358.0,3.0,266.92,3.0,3.0,3.0,9.0,Loyal Customers,0,2026-03-30
C07065,United Kingdom,29,Female,Gold,2021-08-01,2250.0,2.0,124.55,1.0,3.0,1.0,5.0,Regular,1,2026-03-30
C07066,India,27,Male,Silver,2024-08-26,26.0,6.0,904.52,5.0,3.0,5.0,13.0,Loyal Customers,0,2026-03-30
C07067,Canada,30,Female,Free,2024-03-21,1085.0,2.0,345.93,1.0,3.0,3.0,7.0,At Risk,0,2026-03-30
C07068,France,41,Female,Free,2023-01-02,6.0,4.0,253.17,5.0,3.0,2.0,10.0,Loyal Customers,0,2026-03-30
C07069,Germany,48,Female,Free,2026-02-25,1114.0,4.0,484.0,1.0,3.0,4.0,8.0,At Risk,0,2026-03-30
C07070,United States,40,Female,Free,2026-02-19,1707.0,1.0,73.89,1.0,3.0,1.0,5.0,Regular,0,2026-03-30
C07071,United States,60,Female,Free,2025-03-28,,,,,,,,No orders in window,0,2026-03-30
C07072,United States,18,Male,Gold,2025-06-02,292.0,3.0,675.75,4.0,3.0,5.0,12.0,Loyal Customers,0,2026-03-30
C07073,United States,18,Male,Free,2025-02-04,19.0,3.0,283.76,5.0,3.0,3.0,11.0,Loyal Customers,1,2026-03-30
C07074,South Africa,53,Female,Free,2026-02-16,499.0,1.0,39.46,3.0,3.0,1.0,7.0,Loyal Customers,0,2026-03-30
C07075,India,19,Male,Silver,2025-10-07,219.0,6.0,401.54,4.0,3.0,4.0,11.0,Loyal Customers,0,2026-03-30
C07076,United Kingdom,44,Male,Platinum,2023-02-10,702.0,2.0,92.12,2.0,3.0,1.0,6.0,Regular,0,2026-03-30
C07077,United States,52,Male,Free,2023-01-27,35.0,5.0,694.93,5.0,3.0,5.0,13.0,Loyal Customers,0,2026-03-30
C07078,India,23,Male,Free,2024-08-29,1128.0,2.0,48.27,1.0,3.0,1.0,5.0,Regular,0,2026-03-30
C07079,United States,42,Female,Free,2023-03-08,706.0,2.0,539.39,2.0,3.0,4.0,9.0,At Risk,1,2026-03-30
C07080,Mexico,43,Female,Free,2022-06-16,291.0,1.0,15.96,4.0,3.0,1.0,8.0,Loyal Customers,0,2026-03-30
C07081,United Kingdom,45,Male,Free,2026-01-07,,,,,,,,No orders in window,0,2026-03-30
C07082,Brazil,36,Male,Free,2024-05-13,92.0,5.0,678.3299999999999,5.0,3.0,5.0,13.0,Loyal Customers,0,2026-03-30
C07083,Spain,28,Female,Free,2025-07-24,647.0,2.0,72.63,2.0,3.0,1.0,6.0,Regular,0,2026-03-30
C07084,United States,43,Male,Free,2024-11-09,246.0,3.0,304.41,4.0,3.0,3.0,10.0,Loyal Customers,0,2026-03-30
C07085,United States,18,Female,Free,2025-10-05,482.0,7.0,494.43000000000006,3.0,3.0,4.0,10.0,Loyal Customers,0,2026-03-30
C07086,United States,61,Female,Silver,2022-05-15,246.0,4.0,168.81,4.0,3.0,2.0,9.0,Loyal Customers,0,2026-03-30
C07087,United States,32,Male,Free,2024-04-07,2096.0,1.0,130.21,1.0,3.0,1.0,5.0,Regular,0,2026-03-30
C07088,United States,42,Female,Free,2023-08-20,114.0,5.0,1517.45,5.0,3.0,5.0,13.0,Loyal Customers,1,2026-03-30
C07089,South Korea,30,Female,Free,2025-05-24,179.0,3.0,493.34,4.0,3.0,4.0,11.0,Loyal Customers,0,2026-03-30
C07090,Canada,29,Male,Silver,2025-01-30,103.0,4.0,643.6,5.0,3.0,5.0,13.0,Loyal Customers,1,2026-03-30
C07091,Italy,43,Other,Free,2024-11-30,912.0,3.0,384.22,2.0,3.0,3.0,8.0,At Risk,0,2026-03-30
C07092,United States,37,Female,Silver,2026-03-11,1688.0,2.0,225.13,1.0,3.0,2.0,6.0,Regular,0,2026-03-30
C07093,United States,38,Female,Free,2024-03-03,1143.0,3.0,346.58,1.0,3.0,3.0,7.0,At Risk,0,2026-03-30
C07094,Canada,27,Male,Silver,2024-04-06,1238.0,2.0,237.51,1.0,3.0,2.0,6.0,Regular,0,2026-03-30
C07095,Australia,27,Male,Free,2023-01-14,239.0,4.0,240.58,4.0,3.0,2.0,9.0,Loyal Customers,0,2026-03-30
C07096,Germany,30,Female,Platinum,2026-03-19,962.0,5.0,531.05,2.0,3.0,4.0,9.0,At Risk,0,2026-03-30
C07097,Japan,30,Female,Gold,2024-11-26,221.0,7.0,752.25,4.0,3.0,5.0,12.0,Loyal Customers,0,2026-03-30
C07098,United Kingdom,41,Female,Platinum,2026-03-02,189.0,4.0,177.56,4.0,3.0,2.0,9.0,Loyal Customers,0,2026-03-30
C07099,Turkey,21,Male,Silver,2024-02-14,606.0,1.0,62.12,3.0,3.0,1.0,7.0,Loyal Customers,0,2026-03-30
C07100,India,18,Male,Silver,2020-10-27,689.0,1.0,52.75,2.0,3.0,1.0,6.0,Regular,0,2026-03-30
C07101,United Kingdom,29,Female,Gold,2025-08-04,982.0,3.0,250.89,2.0,3.0,2.0,7.0,Regular,1,2026-03-30
C07102,United Kingdom,29,Male,Free,2024-07-30,29.0,6.0,528.64,5.0,3.0,4.0,12.0,Loyal Customers,0,2026-03-30
C07103,United States,43,Male,Free,2026-02-03,,,,,,,,No orders in window,0,2026-03-30
C07104,Japan,39,Female,Free,2026-03-26,2.0,3.0,173.01,5.0,3.0,2.0,10.0,Loyal Customers,0,2026-03-30
C07105,India,41,Female,Free,2022-05-28,311.0,4.0,445.72,4.0,3.0,4.0,11.0,Loyal Customers,0,2026-03-30
C07106,India,18,Male,Silver,2026-02-23,125.0,2.0,157.76,5.0,3.0,2.0,10.0,Loyal Customers,0,2026-03-30
C07107,Sweden,26,Female,Silver,2025-08-26,424.0,6.0,597.27,3.0,3.0,4.0,10.0,Loyal Customers,0,2026-03-30
C07108,United States,30,Female,Free,2025-10-07,896.0,3.0,631.25,2.0,3.0,5.0,10.0,At Risk,0,2026-03-30
C07109,India,22,Female,Gold,2024-05-12,431.0,3.0,867.94,3.0,3.0,5.0,11.0,Loyal Customers,0,2026-03-30
C07110,United States,51,Male,Free,2024-04-18,455.0,3.0,145.63,3.0,3.0,2.0,8.0,Loyal Customers,0,2026-03-30
C07111,United States,31,Female,Free,2023-03-14,1711.0,2.0,173.45000000000002,1.0,3.0,2.0,6.0,Regular,1,2026-03-30
C07112,Canada,52,Female,Silver,2025-10-11,28.0,2.0,209.37,5.0,3.0,2.0,10.0,Loyal Customers,0,2026-03-30
C07113,Germany,43,Female,Free,2024-02-26,206.0,3.0,364.14,4.0,3.0,3.0,10.0,Loyal Customers,0,2026-03-30
C07114,United States,52,Female,Free,2025-08-06,630.0,2.0,1729.26,2.0,3.0,5.0,10.0,At Risk,0,2026-03-30
C07115,Brazil,31,Female,Free,2025-05-22,357.0,5.0,896.33,3.0,3.0,5.0,11.0,Loyal Customers,0,2026-03-30
C07116,United Kingdom,26,Male,Free,2022-09-12,18.0,3.0,283.23,5.0,3.0,3.0,11.0,Loyal Customers,0,2026-03-30
C07117,United States,30,Male,Silver,2020-02-17,1096.0,2.0,204.25,1.0,3.0,2.0,6.0,Regular,0,2026-03-30
C07118,Italy,48,Male,Free,2025-11-07,55.0,6.0,471.91,5.0,3.0,4.0,12.0,Loyal Customers,0,2026-03-30
C07119,Canada,21,Male,Platinum,2025-07-20,10.0,2.0,76.2,5.0,3.0,1.0,9.0,Loyal Customers,0,2026-03-30
C07120,United States,35,Male,Free,2023-01-26,797.0,3.0,119.39,2.0,3.0,1.0,6.0,Regular,0,2026-03-30
C07121,India,32,Male,Free,2024-06-14,428.0,5.0,590.81,3.0,3.0,4.0,10.0,Loyal Customers,0,2026-03-30
C07122,Italy,48,Male,Gold,2021-08-05,184.0,5.0,420.11,4.0,3.0,4.0,11.0,Loyal Customers,0,2026-03-30
C07123,France,35,Female,Platinum,2025-09-11,191.0,4.0,627.12,4.0,3.0,5.0,12.0,Loyal Customers,0,2026-03-30
C07124,United States,19,Female,Free,2024-11-15,1054.0,3.0,350.37,2.0,3.0,3.0,8.0,At Risk,0,2026-03-30
C07125,United States,39,Male,Silver,2023-04-06,1544.0,2.0,125.43,1.0,3.0,1.0,5.0,Regular,0,2026-03-30
C07126,Germany,35,Male,Silver,2020-09-12,475.0,5.0,340.49,3.0,3.0,3.0,9.0,Loyal Customers,0,2026-03-30
C07127,France,27,Male,Silver,2023-06-05,13.0,7.0,500.71,5.0,3.0,4.0,12.0,Loyal Customers,0,2026-03-30
C07128,United States,34,Other,Free,2026-02-23,169.0,3.0,370.21,4.0,3.0,3.0,10.0,Loyal Customers,0,2026-03-30
C07129,South Africa,36,Female,Free,2025-03-16,989.0,2.0,541.99,2.0,3.0,4.0,9.0,At Risk,0,2026-03-30
C07130,United States,37,Male,Free,2026-01-28,232.0,3.0,124.63,4.0,3.0,1.0,8.0,Loyal Customers,0,2026-03-30
C07131,Spain,24,Male,Free,2017-10-05,369.0,3.0,232.48,3.0,3.0,2.0,8.0,Loyal Customers,0,2026-03-30
C07132,United States,18,Male,Silver,2021-10-12,1153.0,3.0,112.7,1.0,3.0,1.0,5.0,Regular,0,2026-03-30
C07133,United States,43,Female,Gold,2026-03-07,184.0,2.0,181.83,4.0,3.0,2.0,9.0,Loyal Customers,0,2026-03-30
C07134,United States,48,Female,Gold,2024-01-11,84.0,3.0,270.84000000000003,5.0,3.0,3.0,11.0,Loyal Customers,0,2026-03-30
C07135,Poland,34,Female,Free,2025-05-31,815.0,4.0,1142.93,2.0,3.0,5.0,10.0,At Risk,0,2026-03-30
C07136,United States,50,Male,Gold,2024-02-08,697.0,3.0,283.88,2.0,3.0,3.0,8.0,At Risk,0,2026-03-30
C07137,United States,56,Female,Platinum,2021-05-06,2127.0,1.0,154.88,1.0,3.0,2.0,6.0,Regular,0,2026-03-30
C07138,Brazil,18,Female,Silver,2025-09-13,801.0,2.0,481.09,2.0,3.0,4.0,9.0,At Risk,0,2026-03-30
C07139,India,21,Male,Free,2026-03-10,72.0,6.0,869.28,5.0,3.0,5.0,13.0,Loyal Customers,0,2026-03-30
C07140,United States,46,Male,Platinum,2025-06-04,332.0,5.0,261.31,4.0,3.0,3.0,10.0,Loyal Customers,0,2026-03-30
C07141,United States,36,Female,Platinum,2024-01-19,517.0,7.0,1314.1699999999998,3.0,3.0,5.0,11.0,Loyal Customers,0,2026-03-30
C07142,United States,51,Male,Platinum,2023-02-18,1551.0,1.0,96.37,1.0,3.0,1.0,5.0,Regular,0,2026-03-30
C07143,Mexico,28,Male,Free,2024-03-15,498.0,2.0,46.26,3.0,3.0,1.0,7.0,Loyal Customers,0,2026-03-30
C07144,Germany,18,Male,Free,2022-09-10,1897.0,1.0,439.96,1.0,3.0,4.0,8.0,At Risk,0,2026-03-30
C07145,United States,21,Female,Free,2025-04-08,106.0,5.0,764.1899999999999,5.0,3.0,5.0,13.0,Loyal Customers,0,2026-03-30
C07146,United Kingdom,21,Female,Free,2025-05-27,1050.0,4.0,308.26,2.0,3.0,3.0,8.0,At Risk,0,2026-03-30
C07147,United States,59,Male,Free,2026-01-07,321.0,4.0,925.16,4.0,3.0,5.0,12.0,Loyal Customers,0,2026-03-30
C07148,Germany,32,Male,Gold,2026-02-16,980.0,1.0,30.2,2.0,3.0,1.0,6.0,Regular,0,2026-03-30
C07149,South Korea,40,Male,Free,2025-08-17,773.0,4.0,508.62,2.0,3.0,4.0,9.0,At Risk,1,2026-03-30
C07150,United States,43,Female,Silver,2025-10-03,136.0,4.0,449.03,5.0,3.0,4.0,12.0,Loyal Customers,0,2026-03-30
C07151,France,66,Female,Silver,2019-12-24,430.0,5.0,447.69,3.0,3.0,4.0,10.0,Loyal Customers,0,2026-03-30
C07152,United States,18,Male,Free,2026-03-25,434.0,2.0,214.47,3.0,3.0,2.0,8.0,Loyal Customers,1,2026-03-30
C07153,Brazil,18,Female,Platinum,2025-03-30,,,,,,,,No orders in window,0,2026-03-30
C07154,United States,39,Female,Free,2025-09-22,1904.0,2.0,389.38,1.0,3.0,3.0,7.0,At Risk,0,2026-03-30
C07155,Germany,39,Male,Silver,2025-01-04,804.0,1.0,234.38,2.0,3.0,2.0,7.0,Regular,0,2026-03-30
C07156,Uae,23,Female,Gold,2025-02-07,2072.0,1.0,64.22,1.0,3.0,1.0,5.0,Regular,0,2026-03-30
C07157,Singapore,33,Female,Free,2026-02-18,898.0,1.0,32.98,2.0,3.0,1.0,6.0,Regular,0,2026-03-30
C07158,France,44,Other,Silver,2023-11-23,1388.0,2.0,95.57,1.0,3.0,1.0,5.0,Regular,0,2026-03-30
C07159,United States,28,Female,Free,2025-04-21,228.0,1.0,32.32,4.0,3.0,1.0,8.0,Loyal Customers,0,2026-03-30
C07160,Australia,40,Female,Free,2024-12-28,384.0,6.0,350.33,3.0,3.0,3.0,9.0,Loyal Customers,0,2026-03-30
C07161,Italy,30,Female,Silver,2025-08-12,115.0,5.0,525.33,5.0,3.0,4.0,12.0,Loyal Customers,0,2026-03-30
C07162,United States,30,Male,Free,2025-05-29,763.0,4.0,252.79,2.0,3.0,2.0,7.0,Regular,0,2026-03-30
C07163,United States,26,Male,Free,2025-05-11,40.0,2.0,237.58,5.0,3.0,2.0,10.0,Loyal Customers,0,2026-03-30
C07164,Brazil,39,Male,Free,2025-11-07,1465.0,2.0,494.43,1.0,3.0,4.0,8.0,At Risk,0,2026-03-30
C07165,Japan,39,Other,Free,2024-11-12,1671.0,4.0,487.11,1.0,3.0,4.0,8.0,At Risk,0,2026-03-30
C07166,Brazil,33,Male,Silver,2025-06-04,639.0,2.0,167.48000000000002,2.0,3.0,2.0,7.0,Regular,0,2026-03-30
C07167,United Kingdom,30,Male,Silver,2024-11-24,44.0,4.0,357.01,5.0,3.0,3.0,11.0,Loyal Customers,0,2026-03-30
C07168,France,32,Male,Free,2022-12-13,518.0,3.0,421.27,3.0,3.0,4.0,10.0,Loyal Customers,0,2026-03-30
C07169,Germany,37,Male,Free,2024-09-27,797.0,2.0,544.9,2.0,3.0,4.0,9.0,At Risk,0,2026-03-30
C07170,Germany,54,Female,Free,2023-07-02,,,,,,,,No orders in window,0,2026-03-30
C07171,Singapore,29,Male,Silver,2020-07-25,542.0,4.0,351.48,3.0,3.0,3.0,9.0,Loyal Customers,0,2026-03-30
C07172,India,35,Male,Silver,2026-01-25,1208.0,2.0,161.17000000000002,1.0,3.0,2.0,6.0,Regular,0,2026-03-30
C07173,United States,41,Female,Platinum,2021-11-24,701.0,2.0,312.23,2.0,3.0,3.0,8.0,At Risk,0,2026-03-30
C07174,United States,28,Male,Free,2025-10-15,192.0,8.0,750.5799999999999,4.0,3.0,5.0,12.0,Loyal Customers,0,2026-03-30
C07175,United States,39,Female,Free,2025-08-27,816.0,2.0,359.11,2.0,3.0,3.0,8.0,At Risk,0,2026-03-30
C07176,United States,51,Male,Silver,2022-09-12,1851.0,2.0,272.01,1.0,3.0,3.0,7.0,At Risk,0,2026-03-30
C07177,United States,35,Female,Silver,2025-06-06,282.0,7.0,1670.43,4.0,3.0,5.0,12.0,Loyal Customers,0,2026-03-30
C07178,Brazil,45,Female,Free,2020-08-27,286.0,2.0,482.99,4.0,3.0,4.0,11.0,Loyal Customers,0,2026-03-30
C07179,India,34,Male,Free,2021-08-02,695.0,2.0,74.22999999999999,2.0,3.0,1.0,6.0,Regular,0,2026-03-30
C07180,Canada,44,Female,Silver,2025-06-21,1288.0,3.0,329.57,1.0,3.0,3.0,7.0,At Risk,0,2026-03-30
C07181,United States,35,Female,Gold,2024-07-21,421.0,5.0,601.87,3.0,3.0,4.0,10.0,Loyal Customers,0,2026-03-30
C07182,India,18,Male,Silver,2025-07-18,254.0,3.0,842.75,4.0,3.0,5.0,12.0,Loyal Customers,0,2026-03-30
C07183,United States,38,Male,Gold,2023-01-31,890.0,1.0,54.92,2.0,3.0,1.0,6.0,Regular,0,2026-03-30
C07184,India,36,Male,Free,2020-11-22,195.0,4.0,428.12,4.0,3.0,4.0,11.0,Loyal Customers,0,2026-03-30
C07185,United States,43,Female,Silver,2022-07-24,235.0,3.0,727.87,4.0,3.0,5.0,12.0,Loyal Customers,0,2026-03-30
C07186,Brazil,21,Female,Silver,2024-02-03,194.0,3.0,161.04,4.0,3.0,2.0,9.0,Loyal Customers,0,2026-03-30
C07187,Spain,31,Male,Free,2025-12-23,1161.0,2.0,114.65,1.0,3.0,1.0,5.0,Regular,0,2026-03-30
C07188,United States,50,Male,Gold,2026-03-19,514.0,3.0,506.11,3.0,3.0,4.0,10.0,Loyal Customers,0,2026-03-30
C07189,United States,20,Female,Silver,2025-11-29,1829.0,1.0,8.61,1.0,3.0,1.0,5.0,Regular,0,2026-03-30
C07190,Australia,37,Male,Free,2024-08-30,263.0,3.0,503.65,4.0,3.0,4.0,11.0,Loyal Customers,0,2026-03-30
C07191,United States,32,Female,Gold,2025-04-05,524.0,1.0,47.14,3.0,3.0,1.0,7.0,Loyal Customers,0,2026-03-30
C07192,United States,20,Male,Free,2024-12-18,,,,,,,,No orders in window,0,2026-03-30
C07193,Uae,45,Male,Platinum,2026-03-22,561.0,3.0,144.56,3.0,3.0,2.0,8.0,Loyal Customers,0,2026-03-30
C07194,United States,44,Female,Silver,2025-09-18,,,,,,,,No orders in window,0,2026-03-30
C07195,India,36,Male,Free,2024-06-07,560.0,5.0,1555.73,3.0,3.0,5.0,11.0,Loyal Customers,0,2026-03-30
C07196,United States,35,Male,Silver,2025-02-04,,,,,,,,No orders in window,0,2026-03-30
C07197,Canada,48,Female,Silver,2018-05-10,37.0,3.0,764.11,5.0,3.0,5.0,13.0,Loyal Customers,0,2026-03-30
C07198,United States,25,Male,Free,2025-01-27,122.0,3.0,1759.93,5.0,3.0,5.0,13.0,Loyal Customers,0,2026-03-30
C07199,South Africa,18,Female,Free,2022-10-08,764.0,5.0,667.86,2.0,3.0,5.0,10.0,At Risk,0,2026-03-30
C07200,Sweden,35,Female,Silver,2023-08-21,399.0,1.0,49.97,3.0,3.0,1.0,7.0,Loyal Customers,0,2026-03-30
C07201,India,35,Male,Free,2026-01-02,208.0,2.0,182.35,4.0,3.0,2.0,9.0,Loyal Customers,0,2026-03-30
C07202,Singapore,18,Male,Silver,2022-08-01,279.0,2.0,505.82,4.0,3.0,4.0,11.0,Loyal Customers,0,2026-03-30
C07203,United States,25,Male,Silver,2025-07-02,610.0,2.0,209.25,3.0,3.0,2.0,8.0,Loyal Customers,0,2026-03-30
C07204,South Africa,52,Male,Silver,2025-09-21,1649.0,2.0,124.19,1.0,3.0,1.0,5.0,Regular,1,2026-03-30
C07205,United States,32,Male,Silver,2025-11-12,450.0,2.0,124.48,3.0,3.0,1.0,7.0,Loyal Customers,0,2026-03-30
C07206,Brazil,29,Male,Silver,2026-01-03,368.0,2.0,213.02,3.0,3.0,2.0,8.0,Loyal Customers,0,2026-03-30
C07207,United States,48,Female,Silver,2023-10-20,,,,,,,,No orders in window,0,2026-03-30
C07208,Japan,55,Male,Silver,2025-10-13,683.0,3.0,716.48,2.0,3.0,5.0,10.0,At Risk,0,2026-03-30
C07209,Canada,33,Male,Free,2024-07-03,,,,,,,,No orders in window,0,2026-03-30
C07210,India,25,Male,Free,2020-12-09,1178.0,3.0,152.38,1.0,3.0,2.0,6.0,Regular,1,2026-03-30
C07211,United Kingdom,42,Male,Free,2026-02-13,,,,,,,,No orders in window,0,2026-03-30
C07212,South Korea,33,Female,Silver,2024-08-05,666.0,4.0,283.64,2.0,3.0,3.0,8.0,At Risk,0,2026-03-30
C07213,Canada,43,Female,Silver,2022-04-15,64.0,6.0,965.22,5.0,3.0,5.0,13.0,Loyal Customers,0,2026-03-30
C07214,Germany,56,Female,Silver,2025-09-24,95.0,4.0,204.55,5.0,3.0,2.0,10.0,Loyal Customers,0,2026-03-30
C07215,India,30,Female,Gold,2025-06-04,167.0,5.0,1118.65,4.0,3.0,5.0,12.0,Loyal Customers,0,2026-03-30
C07216,Sweden,43,Female,Free,2026-03-04,298.0,4.0,388.05,4.0,3.0,3.0,10.0,Loyal Customers,0,2026-03-30
C07217,India,29,Female,Free,2026-01-04,90.0,3.0,259.86,5.0,3.0,3.0,11.0,Loyal Customers,0,2026-03-30
C07218,United Kingdom,43,Female,Free,2025-01-18,254.0,4.0,268.99,4.0,3.0,3.0,10.0,Loyal Customers,0,2026-03-30
C07219,Poland,42,Female,Silver,2024-05-31,20.0,6.0,709.47,5.0,3.0,5.0,13.0,Loyal Customers,0,2026-03-30
C07220,United States,36,Male,Platinum,2026-03-10,628.0,3.0,580.37,2.0,3.0,4.0,9.0,At Risk,0,2026-03-30
C07221,United States,38,Female,Free,2022-02-19,1798.0,1.0,40.51,1.0,3.0,1.0,5.0,Regular,0,2026-03-30
C07222,United States,32,Female,Free,2025-09-23,1150.0,1.0,21.23,1.0,3.0,1.0,5.0,Regular,0,2026-03-30
C07223,Spain,33,Female,Free,2025-12-30,386.0,2.0,172.22,3.0,3.0,2.0,8.0,Loyal Customers,0,2026-03-30
C07224,Germany,40,Male,Free,2021-06-13,312.0,5.0,437.17,4.0,3.0,4.0,11.0,Loyal Customers,0,2026-03-30
C07225,United States,35,Female,Free,2025-06-19,306.0,5.0,479.51,4.0,3.0,4.0,11.0,Loyal Customers,0,2026-03-30
C07226,Turkey,34,Female,Free,2026-03-21,612.0,4.0,628.62,3.0,3.0,5.0,11.0,Loyal Customers,0,2026-03-30
C07227,United States,33,Female,Free,2020-09-24,1065.0,5.0,433.06,1.0,3.0,4.0,8.0,At Risk,0,2026-03-30
C07228,United States,46,Female,Silver,2023-05-30,1284.0,2.0,633.24,1.0,3.0,5.0,9.0,At Risk,0,2026-03-30
C07229,Mexico,58,Female,Gold,2021-12-15,382.0,4.0,468.51,3.0,3.0,4.0,10.0,Loyal Customers,0,2026-03-30
C07230,India,41,Female,Platinum,2023-05-30,381.0,3.0,699.69,3.0,3.0,5.0,11.0,Loyal Customers,1,2026-03-30
C07231,India,52,Male,Free,2025-05-28,1910.0,1.0,75.35,1.0,3.0,1.0,5.0,Regular,0,2026-03-30
C07232,Poland,31,Male,Gold,2022-03-17,131.0,4.0,245.0,5.0,3.0,2.0,10.0,Loyal Customers,1,2026-03-30
C07233,Poland,50,Female,Free,2024-07-17,319.0,2.0,132.32,4.0,3.0,1.0,8.0,Loyal Customers,0,2026-03-30
C07234,Australia,42,Male,Platinum,2025-09-02,642.0,5.0,248.84,2.0,3.0,2.0,7.0,Regular,0,2026-03-30
C07235,Italy,27,Male,Free,2025-09-18,171.0,4.0,454.73,4.0,3.0,4.0,11.0,Loyal Customers,0,2026-03-30
C07236,France,29,Male,Silver,2026-03-05,255.0,3.0,264.61,4.0,3.0,3.0,10.0,Loyal Customers,0,2026-03-30
C07237,United States,31,Male,Silver,2022-11-25,509.0,2.0,313.92,3.0,3.0,3.0,9.0,Loyal Customers,0,2026-03-30
C07238,United Kingdom,37,Male,Free,2026-01-08,562.0,3.0,314.09,3.0,3.0,3.0,9.0,Loyal Customers,0,2026-03-30
C07239,United Kingdom,18,Female,Free,2024-01-20,775.0,2.0,292.93,2.0,3.0,3.0,8.0,At Risk,0,2026-03-30
C07240,Poland,37,Female,Free,2023-05-21,1042.0,2.0,396.48,2.0,3.0,3.0,8.0,At Risk,0,2026-03-30
C07241,Japan,23,Female,Free,2026-02-02,540.0,2.0,73.59,3.0,3.0,1.0,7.0,Loyal Customers,0,2026-03-30
C07242,India,50,Female,Free,2025-02-01,890.0,2.0,104.21,2.0,3.0,1.0,6.0,Regular,0,2026-03-30
C07243,United Kingdom,67,Male,Platinum,2024-11-16,,,,,,,,No orders in window,0,2026-03-30
C07244,Singapore,26,Male,Free,2021-11-18,1483.0,1.0,128.86,1.0,3.0,1.0,5.0,Regular,0,2026-03-30
C07245,United Kingdom,41,Male,Platinum,2024-10-05,,,,,,,,No orders in window,0,2026-03-30
C07246,India,40,Male,Platinum,2023-07-31,709.0,2.0,536.7900000000001,2.0,3.0,4.0,9.0,At Risk,0,2026-03-30
C07247,Japan,18,Female,Free,2026-01-06,1789.0,2.0,702.0,1.0,3.0,5.0,9.0,At Risk,1,2026-03-30
C07248,Spain,28,Female,Silver,2024-12-06,,,,,,,,No orders in window,0,2026-03-30
C07249,United States,31,Female,Gold,2025-12-11,54.0,4.0,440.18,5.0,3.0,4.0,12.0,Loyal Customers,0,2026-03-30
C07250,United States,45,Female,Free,2019-02-28,319.0,3.0,77.69,4.0,3.0,1.0,8.0,Loyal Customers,0,2026-03-30
C07251,United Kingdom,27,Male,Free,2024-06-01,199.0,2.0,284.08000000000004,4.0,3.0,3.0,10.0,Loyal Customers,0,2026-03-30
C07252,Australia,37,Male,Silver,2025-11-25,115.0,3.0,947.06,5.0,3.0,5.0,13.0,Loyal Customers,0,2026-03-30
C07253,Italy,18,Female,Silver,2025-04-15,374.0,3.0,732.9,3.0,3.0,5.0,11.0,Loyal Customers,0,2026-03-30
C07254,Canada,18,Female,Gold,2024-08-03,2035.0,2.0,208.33,1.0,3.0,2.0,6.0,Regular,0,2026-03-30
C07255,Sweden,31,Female,Free,2025-06-28,25.0,4.0,887.2,5.0,3.0,5.0,13.0,Loyal Customers,0,2026-03-30
C07256,Poland,18,Female,Free,2023-11-30,1031.0,4.0,341.03,2.0,3.0,3.0,8.0,At Risk,1,2026-03-30
C07257,India,31,Male,Free,2023-01-31,1875.0,2.0,461.71,1.0,3.0,4.0,8.0,At Risk,0,2026-03-30
C07258,United States,37,Male,Free,2026-03-22,770.0,4.0,178.56,2.0,3.0,2.0,7.0,Regular,0,2026-03-30
C07259,United Kingdom,29,Male,Silver,2026-02-28,295.0,5.0,638.11,4.0,3.0,5.0,12.0,Loyal Customers,0,2026-03-30
C07260,United Kingdom,40,Female,Gold,2025-02-01,1430.0,2.0,256.69,1.0,3.0,2.0,6.0,Regular,0,2026-03-30
C07261,Spain,35,Male,Silver,2026-03-30,1685.0,2.0,459.66,1.0,3.0,4.0,8.0,At Risk,0,2026-03-30
C07262,Uae,28,Male,Silver,2026-03-30,175.0,4.0,406.39,4.0,3.0,4.0,11.0,Loyal Customers,0,2026-03-30
C07263,Germany,20,Other,Free,2026-01-04,222.0,4.0,988.0,4.0,3.0,5.0,12.0,Loyal Customers,0,2026-03-30
C07264,United Kingdom,38,Female,Gold,2020-02-24,990.0,3.0,462.55,2.0,3.0,4.0,9.0,At Risk,0,2026-03-30
C07265,Spain,28,Male,Free,2022-08-24,698.0,1.0,90.59,2.0,3.0,1.0,6.0,Regular,0,2026-03-30
C07266,Germany,49,Female,Free,2025-10-05,425.0,9.0,1747.66,3.0,3.0,5.0,11.0,Loyal Customers,0,2026-03-30
C07267,United States,28,Female,Silver,2025-10-10,111.0,5.0,617.24,5.0,3.0,4.0,12.0,Loyal Customers,0,2026-03-30
C07268,Australia,32,Male,Silver,2024-09-27,1545.0,1.0,549.2,1.0,3.0,4.0,8.0,At Risk,1,2026-03-30
C07269,United Kingdom,66,Female,Silver,2025-06-19,357.0,5.0,269.64,3.0,3.0,3.0,9.0,Loyal Customers,0,2026-03-30
C07270,India,38,Male,Silver,2025-06-22,112.0,6.0,547.65,5.0,3.0,4.0,12.0,Loyal Customers,0,2026-03-30
C07271,United States,31,Male,Silver,2025-08-30,199.0,6.0,615.28,4.0,3.0,4.0,11.0,Loyal Customers,1,2026-03-30
C07272,Italy,29,Male,Free,2026-02-18,61.0,2.0,801.44,5.0,3.0,5.0,13.0,Loyal Customers,0,2026-03-30
C07273,Uae,30,Male,Free,2025-04-15,1154.0,1.0,58.37,1.0,3.0,1.0,5.0,Regular,0,2026-03-30
C07274,United States,37,Female,Free,2026-04-01,854.0,6.0,1227.74,2.0,3.0,5.0,10.0,At Risk,0,2026-03-30
C07275,India,47,Male,Silver,2022-10-16,321.0,5.0,606.47,4.0,3.0,4.0,11.0,Loyal Customers,1,2026-03-30
C07276,United States,39,Male,Gold,2025-11-08,471.0,2.0,208.0,3.0,3.0,2.0,8.0,Loyal Customers,0,2026-03-30
C07277,United Kingdom,34,Female,Free,2025-10-31,1553.0,3.0,332.98,1.0,3.0,3.0,7.0,At Risk,0,2026-03-30
C07278,United States,46,Male,Silver,2024-05-29,714.0,1.0,64.91,2.0,3.0,1.0,6.0,Regular,0,2026-03-30
C07279,United Kingdom,55,Male,Free,2023-10-13,746.0,6.0,541.97,2.0,3.0,4.0,9.0,At Risk,0,2026-03-30
C07280,France,52,Male,Free,2025-03-26,341.0,4.0,580.1600000000001,4.0,3.0,4.0,11.0,Loyal Customers,0,2026-03-30
C07281,United States,41,Female,Free,2025-07-10,730.0,6.0,801.86,2.0,3.0,5.0,10.0,At Risk,0,2026-03-30
C07282,United States,51,Female,Gold,2025-11-20,171.0,1.0,174.27,4.0,3.0,2.0,9.0,Loyal Customers,0,2026-03-30
C07283,Canada,44,Female,Free,2024-06-13,347.0,3.0,256.43,4.0,3.0,2.0,9.0,Loyal Customers,0,2026-03-30
C07284,Canada,23,Female,Silver,2024-02-04,510.0,3.0,901.22,3.0,3.0,5.0,11.0,Loyal Customers,0,2026-03-30
C07285,India,59,Female,Gold,2023-08-18,42.0,5.0,659.21,5.0,3.0,5.0,13.0,Loyal Customers,0,2026-03-30
C07286,India,53,Female,Free,2026-02-18,458.0,3.0,593.7,3.0,3.0,4.0,10.0,Loyal Customers,0,2026-03-30
C07287,United States,53,Female,Gold,2024-10-26,976.0,3.0,338.76,2.0,3.0,3.0,8.0,At Risk,0,2026-03-30
C07288,Australia,38,Female,Gold,2024-08-13,405.0,4.0,540.6800000000001,3.0,3.0,4.0,10.0,Loyal Customers,0,2026-03-30
C07289,Germany,26,Female,Free,2025-05-03,453.0,4.0,259.22,3.0,3.0,2.0,8.0,Loyal Customers,0,2026-03-30
C07290,Japan,53,Male,Platinum,2024-12-22,1212.0,4.0,320.9,1.0,3.0,3.0,7.0,At Risk,0,2026-03-30
C07291,Germany,18,Male,Silver,2026-02-02,1301.0,2.0,142.79999999999998,1.0,3.0,2.0,6.0,Regular,0,2026-03-30
C07292,United States,29,Female,Silver,2024-09-15,1013.0,2.0,104.82,2.0,3.0,1.0,6.0,Regular,0,2026-03-30
C07293,India,28,Female,Silver,2025-05-04,127.0,4.0,183.1,5.0,3.0,2.0,10.0,Loyal Customers,0,2026-03-30
C07294,United States,31,Male,Free,2024-07-06,470.0,3.0,365.43000000000006,3.0,3.0,3.0,9.0,Loyal Customers,0,2026-03-30
C07295,United States,34,Male,Silver,2024-06-30,392.0,2.0,169.05,3.0,3.0,2.0,8.0,Loyal Customers,0,2026-03-30
C07296,United States,45,Male,Free,2025-07-12,1182.0,5.0,510.22,1.0,3.0,4.0,8.0,At Risk,0,2026-03-30
C07297,United States,26,Male,Free,2024-01-26,273.0,3.0,288.28000000000003,4.0,3.0,3.0,10.0,Loyal Customers,0,2026-03-30
C07298,Brazil,27,Male,Free,2023-12-23,152.0,2.0,109.41,5.0,3.0,1.0,9.0,Loyal Customers,0,2026-03-30
C07299,Japan,49,Female,Silver,2024-02-03,1076.0,1.0,84.37,1.0,3.0,1.0,5.0,Regular,0,2026-03-30
C07300,Italy,27,Male,Gold,2024-05-08,391.0,3.0,285.04,3.0,3.0,3.0,9.0,Loyal Customers,0,2026-03-30
C07301,Canada,33,Female,Free,2022-03-17,726.0,6.0,737.1800000000001,2.0,3.0,5.0,10.0,At Risk,0,2026-03-30
C07302,United States,46,Male,Silver,2025-11-12,407.0,3.0,588.35,3.0,3.0,4.0,10.0,Loyal Customers,0,2026-03-30
C07303,United States,34,Male,Free,2015-11-26,1097.0,1.0,182.11,1.0,3.0,2.0,6.0,Regular,0,2026-03-30
C07304,United Kingdom,18,Female,Free,2025-06-01,788.0,3.0,459.47,2.0,3.0,4.0,9.0,At Risk,1,2026-03-30
C07305,United States,19,Male,Gold,2023-08-13,40.0,6.0,1195.67,5.0,3.0,5.0,13.0,Loyal Customers,1,2026-03-30
C07306,India,34,Female,Silver,2023-08-08,191.0,4.0,183.98,4.0,3.0,2.0,9.0,Loyal Customers,0,2026-03-30
C07307,Uae,49,Female,Free,2024-04-08,732.0,4.0,241.01,2.0,3.0,2.0,7.0,Regular,0,2026-03-30
C07308,United States,58,Female,Gold,2021-08-14,15.0,5.0,890.74,5.0,3.0,5.0,13.0,Loyal Customers,0,2026-03-30
C07309,United States,27,Female,Silver,2026-01-10,513.0,2.0,262.59,3.0,3.0,3.0,9.0,Loyal Customers,0,2026-03-30
C07310,Canada,40,Male,Free,2026-03-02,871.0,5.0,494.09,2.0,3.0,4.0,9.0,At Risk,0,2026-03-30
C07311,France,18,Female,Silver,2024-04-17,519.0,2.0,312.5,3.0,3.0,3.0,9.0,Loyal Customers,0,2026-03-30
C07312,United Kingdom,36,Female,Platinum,2023-07-17,150.0,4.0,472.21,5.0,3.0,4.0,12.0,Loyal Customers,0,2026-03-30
C07313,United Kingdom,32,Female,Gold,2026-02-28,397.0,5.0,1056.34,3.0,3.0,5.0,11.0,Loyal Customers,0,2026-03-30
C07314,United States,60,Male,Silver,2023-12-22,233.0,4.0,1444.49,4.0,3.0,5.0,12.0,Loyal Customers,0,2026-03-30
C07315,United Kingdom,34,Male,Free,2025-06-21,90.0,2.0,41.66,5.0,3.0,1.0,9.0,Loyal Customers,0,2026-03-30
C07316,Japan,18,Female,Free,2022-02-22,1209.0,2.0,152.75,1.0,3.0,2.0,6.0,Regular,0,2026-03-30
C07317,Germany,43,Female,Gold,2025-01-23,404.0,4.0,598.78,3.0,3.0,4.0,10.0,Loyal Customers,0,2026-03-30
C07318,Japan,52,Female,Platinum,2026-02-07,1149.0,1.0,104.63,1.0,3.0,1.0,5.0,Regular,0,2026-03-30
C07319,United States,31,Male,Free,2025-07-12,916.0,4.0,610.21,2.0,3.0,4.0,9.0,At Risk,0,2026-03-30
C07320,United States,56,Female,Free,2026-03-09,167.0,4.0,639.37,4.0,3.0,5.0,12.0,Loyal Customers,0,2026-03-30
C07321,South Korea,18,Female,Free,2026-01-26,709.0,2.0,221.68,2.0,3.0,2.0,7.0,Regular,1,2026-03-30
C07322,Mexico,33,Other,Free,2026-03-10,175.0,5.0,247.63,4.0,3.0,2.0,9.0,Loyal Customers,0,2026-03-30
C07323,United States,24,Male,Platinum,2024-08-31,144.0,4.0,288.5,5.0,3.0,3.0,11.0,Loyal Customers,0,2026-03-30
C07324,Brazil,34,Male,Free,2025-01-01,535.0,5.0,335.83,3.0,3.0,3.0,9.0,Loyal Customers,0,2026-03-30
C07325,France,54,Female,Free,2025-09-08,945.0,2.0,225.4,2.0,3.0,2.0,7.0,Regular,0,2026-03-30
C07326,United States,44,Female,Silver,2024-07-09,18.0,2.0,226.59,5.0,3.0,2.0,10.0,Loyal Customers,0,2026-03-30
C07327,Germany,48,Male,Free,2025-11-15,157.0,3.0,123.88,4.0,3.0,1.0,8.0,Loyal Customers,0,2026-03-30
C07328,Netherlands,50,Female,Free,2023-04-26,174.0,3.0,498.51,4.0,3.0,4.0,11.0,Loyal Customers,0,2026-03-30
C07329,United States,31,Male,Gold,2022-12-12,127.0,5.0,450.48,5.0,3.0,4.0,12.0,Loyal Customers,0,2026-03-30
C07330,United Kingdom,47,Female,Silver,2022-08-28,219.0,6.0,876.9,4.0,3.0,5.0,12.0,Loyal Customers,0,2026-03-30
C07331,France,42,Female,Free,2025-03-04,54.0,6.0,365.88,5.0,3.0,3.0,11.0,Loyal Customers,0,2026-03-30
C07332,Australia,46,Female,Free,2025-11-03,112.0,4.0,187.74,5.0,3.0,2.0,10.0,Loyal Customers,0,2026-03-30
C07333,United Kingdom,39,Male,Free,2025-08-06,,,,,,,,No orders in window,1,2026-03-30
C07334,United States,31,Female,Free,2025-11-19,796.0,1.0,163.56,2.0,3.0,2.0,7.0,Regular,0,2026-03-30
C07335,United States,21,Female,Silver,2023-02-20,234.0,2.0,302.19,4.0,3.0,3.0,10.0,Loyal Customers,0,2026-03-30
C07336,France,37,Male,Silver,2022-05-12,13.0,4.0,746.73,5.0,3.0,5.0,13.0,Loyal Customers,0,2026-03-30
C07337,United States,27,Male,Free,2026-01-02,1234.0,1.0,122.44,1.0,3.0,1.0,5.0,Regular,0,2026-03-30
C07338,Canada,30,Male,Silver,2018-11-20,530.0,2.0,125.68,3.0,3.0,1.0,7.0,Loyal Customers,0,2026-03-30
C07339,India,42,Male,Gold,2025-03-26,150.0,6.0,665.97,5.0,3.0,5.0,13.0,Loyal Customers,0,2026-03-30
C07340,Australia,44,Male,Silver,2024-12-05,285.0,4.0,443.65,4.0,3.0,4.0,11.0,Loyal Customers,0,2026-03-30
C07341,United States,40,Male,Free,2022-10-12,116.0,3.0,223.56,5.0,3.0,2.0,10.0,Loyal Customers,0,2026-03-30
C07342,Italy,18,Male,Free,2025-05-23,711.0,4.0,190.62,2.0,3.0,2.0,7.0,Regular,0,2026-03-30
C07343,Mexico,25,Male,Gold,2025-09-23,1641.0,2.0,128.18,1.0,3.0,1.0,5.0,Regular,0,2026-03-30
C07344,Australia,27,Male,Free,2020-10-16,63.0,3.0,281.5,5.0,3.0,3.0,11.0,Loyal Customers,0,2026-03-30
C07345,United States,34,Male,Free,2023-10-22,57.0,5.0,535.64,5.0,3.0,4.0,12.0,Loyal Customers,0,2026-03-30
C07346,France,57,Male,Free,2026-02-07,137.0,6.0,373.82,5.0,3.0,3.0,11.0,Loyal Customers,0,2026-03-30
C07347,United States,28,Male,Free,2024-02-15,445.0,5.0,217.0,3.0,3.0,2.0,8.0,Loyal Customers,0,2026-03-30
C07348,United Kingdom,35,Male,Silver,2022-10-14,206.0,5.0,1086.77,4.0,3.0,5.0,12.0,Loyal Customers,0,2026-03-30
C07349,France,28,Female,Free,2023-11-17,225.0,3.0,399.1,4.0,3.0,3.0,10.0,Loyal Customers,0,2026-03-30
C07350,India,53,Female,Silver,2024-04-20,133.0,3.0,402.61,5.0,3.0,4.0,12.0,Loyal Customers,1,2026-03-30
C07351,Brazil,32,Female,Silver,2022-12-28,1653.0,2.0,1299.85,1.0,3.0,5.0,9.0,At Risk,0,2026-03-30
C07352,Poland,18,Female,Free,2024-06-15,693.0,1.0,61.7,2.0,3.0,1.0,6.0,Regular,0,2026-03-30
C07353,United States,35,Female,Free,2023-09-21,114.0,6.0,490.22,5.0,3.0,4.0,12.0,Loyal Customers,0,2026-03-30
C07354,United States,18,Male,Free,2025-09-04,733.0,7.0,1043.17,2.0,3.0,5.0,10.0,At Risk,0,2026-03-30
C07355,United States,20,Female,Free,2023-07-24,171.0,5.0,419.88,4.0,3.0,4.0,11.0,Loyal Customers,0,2026-03-30
C07356,United States,23,Female,Silver,2022-08-16,1138.0,3.0,414.6,1.0,3.0,4.0,8.0,At Risk,0,2026-03-30
C07357,Germany,50,Male,Free,2025-06-12,1023.0,3.0,395.21,2.0,3.0,3.0,8.0,At Risk,0,2026-03-30
C07358,Germany,38,Male,Free,2026-03-11,18.0,2.0,101.99,5.0,3.0,1.0,9.0,Loyal Customers,0,2026-03-30
C07359,Brazil,24,Female,Free,2024-12-27,1186.0,2.0,89.41000000000001,1.0,3.0,1.0,5.0,Regular,0,2026-03-30
C07360,United States,34,Female,Free,2026-03-25,,,,,,,,No orders in window,0,2026-03-30
C07361,United States,31,Female,Free,2025-08-02,292.0,5.0,437.27,4.0,3.0,4.0,11.0,Loyal Customers,0,2026-03-30
C07362,Germany,40,Male,Free,2025-09-09,79.0,5.0,954.29,5.0,3.0,5.0,13.0,Loyal Customers,0,2026-03-30
C07363,United States,48,Female,Free,2024-07-25,315.0,4.0,381.89,4.0,3.0,3.0,10.0,Loyal Customers,0,2026-03-30
C07364,United States,34,Female,Free,2025-08-11,195.0,5.0,1054.7,4.0,3.0,5.0,12.0,Loyal Customers,0,2026-03-30
C07365,Australia,41,Female,Gold,2026-01-25,407.0,3.0,192.36,3.0,3.0,2.0,8.0,Loyal Customers,0,2026-03-30
C07366,Japan,38,Female,Gold,2023-11-29,293.0,2.0,55.85,4.0,3.0,1.0,8.0,Loyal Customers,0,2026-03-30
C07367,Mexico,34,Female,Free,2024-05-11,569.0,2.0,109.89,3.0,3.0,1.0,7.0,Loyal Customers,0,2026-03-30
C07368,Poland,35,Male,Free,2024-11-16,422.0,3.0,189.33,3.0,3.0,2.0,8.0,Loyal Customers,0,2026-03-30
C07369,Poland,30,Other,Silver,2025-04-09,14.0,3.0,484.39,5.0,3.0,4.0,12.0,Loyal Customers,0,2026-03-30
C07370,Mexico,40,Female,Platinum,2026-03-11,2156.0,1.0,38.47,1.0,3.0,1.0,5.0,Regular,1,2026-03-30
C07371,Uae,25,Female,Platinum,2024-03-02,1485.0,1.0,123.91,1.0,3.0,1.0,5.0,Regular,0,2026-03-30
C07372,Italy,36,Female,Gold,2025-08-15,86.0,1.0,66.57,5.0,3.0,1.0,9.0,Loyal Customers,0,2026-03-30
C07373,France,59,Female,Free,2020-08-12,2133.0,1.0,38.46,1.0,3.0,1.0,5.0,Regular,1,2026-03-30
C07374,United States,45,Female,Free,2024-12-16,291.0,4.0,521.24,4.0,3.0,4.0,11.0,Loyal Customers,0,2026-03-30
C07375,France,18,Male,Gold,2025-10-01,89.0,3.0,294.43,5.0,3.0,3.0,11.0,Loyal Customers,0,2026-03-30
C07376,United States,44,Male,Silver,2025-03-11,656.0,1.0,40.07,2.0,3.0,1.0,6.0,Regular,0,2026-03-30
C07377,Uae,32,Male,Free,2023-12-09,77.0,2.0,254.83,5.0,3.0,2.0,10.0,Loyal Customers,0,2026-03-30
C07378,United States,47,Male,Free,2025-08-05,811.0,2.0,217.0,2.0,3.0,2.0,7.0,Regular,0,2026-03-30
C07379,India,42,Male,Silver,2025-11-05,1179.0,4.0,529.1400000000001,1.0,3.0,4.0,8.0,At Risk,1,2026-03-30
C07380,United States,21,Female,Free,2025-05-24,59.0,5.0,398.41,5.0,3.0,3.0,11.0,Loyal Customers,0,2026-03-30
C07381,United Kingdom,60,Female,Free,2025-06-21,910.0,4.0,512.38,2.0,3.0,4.0,9.0,At Risk,0,2026-03-30
C07382,Mexico,25,Male,Free,2026-01-21,590.0,4.0,367.4500000000001,3.0,3.0,3.0,9.0,Loyal Customers,0,2026-03-30
C07383,United States,46,Female,Free,2024-06-17,377.0,6.0,561.47,3.0,3.0,4.0,10.0,Loyal Customers,0,2026-03-30
C07384,Australia,33,Female,Free,2023-01-31,757.0,2.0,177.18,2.0,3.0,2.0,7.0,Regular,0,2026-03-30
C07385,United States,46,Female,Free,2025-12-11,353.0,3.0,393.52,3.0,3.0,3.0,9.0,Loyal Customers,0,2026-03-30
C07386,Poland,39,Female,Free,2024-08-03,1052.0,3.0,289.45,2.0,3.0,3.0,8.0,At Risk,0,2026-03-30
C07387,United States,32,Male,Platinum,2026-01-04,1130.0,3.0,425.17,1.0,3.0,4.0,8.0,At Risk,0,2026-03-30
C07388,United States,50,Male,Free,2024-06-14,585.0,4.0,286.1,3.0,3.0,3.0,9.0,Loyal Customers,0,2026-03-30
C07389,United States,41,Female,Free,2024-03-06,96.0,5.0,787.12,5.0,3.0,5.0,13.0,Loyal Customers,0,2026-03-30
C07390,Germany,18,Male,Gold,2023-09-30,,,,,,,,No orders in window,0,2026-03-30
C07391,Canada,20,Female,Free,2024-05-06,85.0,4.0,385.09,5.0,3.0,3.0,11.0,Loyal Customers,0,2026-03-30
C07392,United States,35,Female,Free,2024-12-15,1096.0,3.0,1056.39,1.0,3.0,5.0,9.0,At Risk,0,2026-03-30
C07393,United States,35,Male,Free,2026-01-04,1305.0,2.0,192.52,1.0,3.0,2.0,6.0,Regular,1,2026-03-30
C07394,United States,41,Female,Silver,2025-08-07,469.0,5.0,758.26,3.0,3.0,5.0,11.0,Loyal Customers,0,2026-03-30
C07395,United States,29,Male,Platinum,2022-01-27,674.0,4.0,389.59,2.0,3.0,3.0,8.0,At Risk,0,2026-03-30
C07396,Germany,49,Male,Gold,2022-04-22,1384.0,2.0,141.32,1.0,3.0,2.0,6.0,Regular,0,2026-03-30
C07397,Germany,18,Male,Free,2023-09-06,1131.0,3.0,366.56,1.0,3.0,3.0,7.0,At Risk,1,2026-03-30
C07398,United States,43,Male,Free,2023-10-01,362.0,5.0,323.76,3.0,3.0,3.0,9.0,Loyal Customers,0,2026-03-30
C07399,France,18,Female,Silver,2025-07-11,83.0,3.0,927.85,5.0,3.0,5.0,13.0,Loyal Customers,0,2026-03-30
C07400,Canada,59,Female,Silver,2022-10-13,1198.0,2.0,62.97,1.0,3.0,1.0,5.0,Regular,0,2026-03-30
C07401,United States,18,Male,Silver,2025-09-04,1839.0,2.0,349.38,1.0,3.0,3.0,7.0,At Risk,0,2026-03-30
C07402,France,48,Male,Free,2025-07-05,1010.0,4.0,152.83,2.0,3.0,2.0,7.0,Regular,1,2026-03-30
C07403,France,18,Male,Free,2025-04-23,1155.0,2.0,147.53,1.0,3.0,2.0,6.0,Regular,0,2026-03-30
C07404,France,30,Male,Free,2025-12-02,543.0,2.0,264.79,3.0,3.0,3.0,9.0,Loyal Customers,0,2026-03-30
C07405,United States,33,Male,Free,2024-08-25,265.0,4.0,374.28,4.0,3.0,3.0,10.0,Loyal Customers,1,2026-03-30
C07406,Italy,23,Male,Free,2026-03-28,475.0,6.0,961.38,3.0,3.0,5.0,11.0,Loyal Customers,0,2026-03-30
C07407,United States,27,Female,Silver,2026-03-21,1624.0,1.0,27.71,1.0,3.0,1.0,5.0,Regular,0,2026-03-30
C07408,France,59,Female,Platinum,2024-07-20,626.0,4.0,299.13,2.0,3.0,3.0,8.0,At Risk,0,2026-03-30
C07409,United Kingdom,47,Male,Silver,2025-04-18,693.0,3.0,201.3,2.0,3.0,2.0,7.0,Regular,0,2026-03-30
C07410,Canada,34,Male,Platinum,2025-11-09,305.0,1.0,182.14,4.0,3.0,2.0,9.0,Loyal Customers,0,2026-03-30
C07411,Singapore,31,Male,Silver,2023-11-06,150.0,2.0,2082.84,5.0,3.0,5.0,13.0,Loyal Customers,1,2026-03-30
C07412,United States,20,Male,Silver,2023-11-23,56.0,6.0,1139.53,5.0,3.0,5.0,13.0,Loyal Customers,0,2026-03-30
C07413,Australia,26,Male,Silver,2025-09-23,765.0,3.0,172.75,2.0,3.0,2.0,7.0,Regular,0,2026-03-30
C07414,Germany,24,Female,Free,2025-10-21,709.0,4.0,402.55,2.0,3.0,4.0,9.0,At Risk,0,2026-03-30
C07415,Sweden,18,Male,Free,2026-02-24,334.0,5.0,1173.49,4.0,3.0,5.0,12.0,Loyal Customers,0,2026-03-30
C07416,United States,32,Female,Silver,2024-06-19,122.0,4.0,205.12,5.0,3.0,2.0,10.0,Loyal Customers,0,2026-03-30
C07417,India,25,Male,Free,2024-12-10,147.0,6.0,377.64,5.0,3.0,3.0,11.0,Loyal Customers,0,2026-03-30
C07418,United States,25,Female,Free,2025-10-01,42.0,6.0,841.1,5.0,3.0,5.0,13.0,Loyal Customers,0,2026-03-30
C07419,Australia,18,Male,Free,2026-03-13,21.0,3.0,356.04,5.0,3.0,3.0,11.0,Loyal Customers,0,2026-03-30
C07420,United States,36,Female,Platinum,2026-02-04,,,,,,,,No orders in window,0,2026-03-30
C07421,United States,33,Female,Silver,2025-02-11,1435.0,3.0,359.09000000000003,1.0,3.0,3.0,7.0,At Risk,0,2026-03-30
C07422,India,38,Male,Platinum,2022-03-07,147.0,3.0,312.87,5.0,3.0,3.0,11.0,Loyal Customers,0,2026-03-30
C07423,France,61,Female,Silver,2024-09-05,187.0,3.0,152.07,4.0,3.0,2.0,9.0,Loyal Customers,0,2026-03-30
C07424,Spain,43,Female,Silver,2024-12-06,596.0,3.0,387.41,3.0,3.0,3.0,9.0,Loyal Customers,0,2026-03-30
C07425,Germany,30,Female,Gold,2026-03-02,583.0,3.0,405.65,3.0,3.0,4.0,10.0,Loyal Customers,0,2026-03-30
C07426,France,35,Female,Gold,2024-09-25,399.0,5.0,518.84,3.0,3.0,4.0,10.0,Loyal Customers,0,2026-03-30
C07427,France,31,Female,Silver,2015-11-17,323.0,4.0,190.17,4.0,3.0,2.0,9.0,Loyal Customers,0,2026-03-30
C07428,Mexico,31,Male,Free,2024-02-19,543.0,4.0,668.59,3.0,3.0,5.0,11.0,Loyal Customers,0,2026-03-30
C07429,United States,57,Male,Gold,2026-03-27,1202.0,2.0,146.69,1.0,3.0,2.0,6.0,Regular,0,2026-03-30
C07430,United Kingdom,53,Female,Free,2025-03-09,1945.0,2.0,63.92,1.0,3.0,1.0,5.0,Regular,0,2026-03-30
C07431,Uae,32,Female,Silver,2023-11-01,25.0,4.0,1035.84,5.0,3.0,5.0,13.0,Loyal Customers,0,2026-03-30
C07432,India,24,Female,Silver,2023-05-07,159.0,4.0,355.63,4.0,3.0,3.0,10.0,Loyal Customers,0,2026-03-30
C07433,France,48,Male,Free,2023-11-15,418.0,2.0,190.08,3.0,3.0,2.0,8.0,Loyal Customers,1,2026-03-30
C07434,United States,18,Female,Silver,2025-05-12,556.0,2.0,250.33,3.0,3.0,2.0,8.0,Loyal Customers,0,2026-03-30
C07435,United Kingdom,44,Male,Gold,2024-12-28,147.0,3.0,574.78,5.0,3.0,4.0,12.0,Loyal Customers,0,2026-03-30
C07436,Germany,49,Male,Gold,2025-09-09,107.0,4.0,207.12,5.0,3.0,2.0,10.0,Loyal Customers,0,2026-03-30
C07437,Japan,47,Male,Free,2024-01-15,740.0,1.0,60.59,2.0,3.0,1.0,6.0,Regular,1,2026-03-30
C07438,United States,18,Male,Gold,2026-03-02,190.0,5.0,480.13,4.0,3.0,4.0,11.0,Loyal Customers,0,2026-03-30
C07439,Uae,28,Male,Free,2025-12-21,,,,,,,,No orders in window,0,2026-03-30
C07440,United States,44,Male,Silver,2025-05-08,800.0,2.0,174.81,2.0,3.0,2.0,7.0,Regular,0,2026-03-30
C07441,Netherlands,44,Female,Free,2025-11-20,880.0,3.0,218.28,2.0,3.0,2.0,7.0,Regular,0,2026-03-30
C07442,United States,50,Male,Free,2026-03-18,655.0,3.0,121.17000000000002,2.0,3.0,1.0,6.0,Regular,0,2026-03-30
C07443,Mexico,35,Female,Free,2024-03-02,1624.0,2.0,372.83,1.0,3.0,3.0,7.0,At Risk,1,2026-03-30
C07444,United Kingdom,44,Other,Gold,2024-02-01,503.0,1.0,125.79,3.0,3.0,1.0,7.0,Loyal Customers,0,2026-03-30
C07445,United Kingdom,35,Female,Free,2023-12-02,125.0,2.0,217.29,5.0,3.0,2.0,10.0,Loyal Customers,0,2026-03-30
C07446,Germany,40,Male,Silver,2025-05-09,676.0,2.0,73.78,2.0,3.0,1.0,6.0,Regular,0,2026-03-30
C07447,Italy,24,Male,Silver,2025-06-21,2174.0,1.0,117.68,1.0,3.0,1.0,5.0,Regular,0,2026-03-30
C07448,Germany,27,Male,Platinum,2024-09-27,573.0,2.0,118.87,3.0,3.0,1.0,7.0,Loyal Customers,0,2026-03-30
C07449,Germany,45,Male,Free,2022-06-10,695.0,1.0,79.76,2.0,3.0,1.0,6.0,Regular,0,2026-03-30
C07450,France,47,Male,Free,2025-06-08,1160.0,2.0,109.28,1.0,3.0,1.0,5.0,Regular,0,2026-03-30
C07451,United States,45,Male,Free,2026-03-20,25.0,1.0,105.73,5.0,3.0,1.0,9.0,Loyal Customers,0,2026-03-30
C07452,Germany,40,Female,Free,2024-05-02,1764.0,2.0,565.4399999999999,1.0,3.0,4.0,8.0,At Risk,0,2026-03-30
C07453,United States,37,Female,Free,2026-03-30,657.0,4.0,618.25,2.0,3.0,4.0,9.0,At Risk,0,2026-03-30
C07454,United States,32,Female,Gold,2026-03-09,81.0,3.0,152.41,5.0,3.0,2.0,10.0,Loyal Customers,0,2026-03-30
C07455,United Kingdom,32,Male,Free,2023-05-11,1372.0,1.0,243.53,1.0,3.0,2.0,6.0,Regular,0,2026-03-30
C07456,Mexico,27,Male,Platinum,2023-06-18,597.0,3.0,294.75,3.0,3.0,3.0,9.0,Loyal Customers,0,2026-03-30
C07457,Germany,24,Male,Silver,2023-02-16,1520.0,1.0,44.84,1.0,3.0,1.0,5.0,Regular,0,2026-03-30
C07458,Canada,26,Male,Free,2025-08-08,345.0,4.0,364.4500000000001,4.0,3.0,3.0,10.0,Loyal Customers,0,2026-03-30
C07459,United States,45,Female,Silver,2025-05-15,528.0,3.0,256.04,3.0,3.0,2.0,8.0,Loyal Customers,0,2026-03-30
C07460,Germany,38,Female,Free,2022-05-02,1249.0,3.0,325.63,1.0,3.0,3.0,7.0,At Risk,0,2026-03-30
C07461,France,49,Male,Free,2020-05-09,718.0,4.0,485.8,2.0,3.0,4.0,9.0,At Risk,0,2026-03-30
C07462,Germany,32,Female,Free,2024-02-19,,,,,,,,No orders in window,0,2026-03-30
C07463,United States,27,Female,Platinum,2023-09-02,315.0,2.0,109.74,4.0,3.0,1.0,8.0,Loyal Customers,0,2026-03-30
C07464,India,20,Male,Free,2024-06-21,680.0,2.0,470.58,2.0,3.0,4.0,9.0,At Risk,0,2026-03-30
C07465,France,49,Female,Free,2025-02-13,765.0,3.0,399.0700000000001,2.0,3.0,3.0,8.0,At Risk,0,2026-03-30
C07466,Japan,26,Male,Free,2024-10-18,2112.0,1.0,107.76,1.0,3.0,1.0,5.0,Regular,0,2026-03-30
C07467,Germany,26,Male,Platinum,2023-11-04,282.0,4.0,665.56,4.0,3.0,5.0,12.0,Loyal Customers,1,2026-03-30
C07468,United Kingdom,29,Male,Gold,2020-07-25,1916.0,2.0,74.56,1.0,3.0,1.0,5.0,Regular,0,2026-03-30
C07469,France,28,Female,Silver,2024-10-28,886.0,4.0,1560.22,2.0,3.0,5.0,10.0,At Risk,0,2026-03-30
C07470,United States,32,Male,Silver,2026-03-09,456.0,1.0,43.98,3.0,3.0,1.0,7.0,Loyal Customers,0,2026-03-30
C07471,United Kingdom,44,Female,Silver,2026-03-17,1606.0,2.0,92.42,1.0,3.0,1.0,5.0,Regular,0,2026-03-30
C07472,India,52,Male,Free,2025-09-03,1221.0,2.0,207.71,1.0,3.0,2.0,6.0,Regular,0,2026-03-30
C07473,United Kingdom,40,Male,Free,2025-07-17,761.0,4.0,334.04,2.0,3.0,3.0,8.0,At Risk,0,2026-03-30
C07474,United Kingdom,53,Female,Free,2025-06-10,,,,,,,,No orders in window,0,2026-03-30
C07475,United States,31,Male,Platinum,2024-10-02,13.0,5.0,1183.52,5.0,3.0,5.0,13.0,Loyal Customers,0,2026-03-30
C07476,Australia,42,Male,Free,2026-03-21,177.0,4.0,715.65,4.0,3.0,5.0,12.0,Loyal Customers,0,2026-03-30
C07477,Uae,26,Female,Silver,2023-11-24,332.0,5.0,742.8499999999999,4.0,3.0,5.0,12.0,Loyal Customers,0,2026-03-30
C07478,Japan,59,Female,Gold,2024-03-15,434.0,3.0,498.57,3.0,3.0,4.0,10.0,Loyal Customers,0,2026-03-30
C07479,United States,26,Female,Free,2024-03-01,134.0,5.0,697.3,5.0,3.0,5.0,13.0,Loyal Customers,0,2026-03-30
C07480,United Kingdom,40,Male,Silver,2024-07-03,71.0,6.0,717.39,5.0,3.0,5.0,13.0,Loyal Customers,1,2026-03-30
C07481,Japan,37,Male,Free,2025-04-20,1588.0,2.0,28.03,1.0,3.0,1.0,5.0,Regular,0,2026-03-30
C07482,Brazil,29,Male,Free,2025-10-15,77.0,2.0,384.26,5.0,3.0,3.0,11.0,Loyal Customers,0,2026-03-30
C07483,United States,36,Male,Free,2026-02-07,209.0,3.0,236.13,4.0,3.0,2.0,9.0,Loyal Customers,0,2026-03-30
C07484,India,34,Female,Silver,2024-03-24,42.0,4.0,442.47,5.0,3.0,4.0,12.0,Loyal Customers,0,2026-03-30
C07485,United States,41,Female,Silver,2025-01-25,2167.0,1.0,16.43,1.0,3.0,1.0,5.0,Regular,0,2026-03-30
C07486,Brazil,18,Male,Free,2024-11-24,,,,,,,,No orders in window,0,2026-03-30
C07487,United States,18,Male,Platinum,2024-08-10,1353.0,4.0,421.77,1.0,3.0,4.0,8.0,At Risk,0,2026-03-30
C07488,United States,35,Female,Free,2025-11-17,682.0,5.0,410.88,2.0,3.0,4.0,9.0,At Risk,0,2026-03-30
C07489,United States,27,Male,Gold,2024-02-24,,,,,,,,No orders in window,0,2026-03-30
C07490,United States,42,Female,Free,2024-09-22,728.0,1.0,10.72,2.0,3.0,1.0,6.0,Regular,0,2026-03-30
C07491,United States,20,Female,Gold,2026-03-30,116.0,3.0,240.76,5.0,3.0,2.0,10.0,Loyal Customers,0,2026-03-30
C07492,United States,47,Male,Silver,2025-02-22,1432.0,1.0,239.21,1.0,3.0,2.0,6.0,Regular,1,2026-03-30
C07493,India,40,Male,Silver,2025-08-29,562.0,3.0,182.38,3.0,3.0,2.0,8.0,Loyal Customers,0,2026-03-30
C07494,United States,66,Male,Platinum,2025-10-07,1636.0,3.0,378.23,1.0,3.0,3.0,7.0,At Risk,1,2026-03-30
C07495,Canada,39,Female,Free,2023-01-11,949.0,1.0,65.48,2.0,3.0,1.0,6.0,Regular,0,2026-03-30
C07496,United States,40,Female,Free,2024-03-04,700.0,3.0,388.42,2.0,3.0,3.0,8.0,At Risk,0,2026-03-30
C07497,United States,37,Female,Free,2020-03-28,1271.0,2.0,319.18,1.0,3.0,3.0,7.0,At Risk,0,2026-03-30
C07498,France,19,Female,Free,2025-10-04,76.0,4.0,387.19,5.0,3.0,3.0,11.0,Loyal Customers,0,2026-03-30
C07499,Mexico,35,Female,Silver,2025-06-01,152.0,4.0,535.55,5.0,3.0,4.0,12.0,Loyal Customers,0,2026-03-30
C07500,Brazil,44,Male,Platinum,2025-09-30,578.0,2.0,142.28,3.0,3.0,2.0,8.0,Loyal Customers,0,2026-03-30
C07501,India,66,Female,Free,2026-01-13,374.0,4.0,259.3,3.0,3.0,2.0,8.0,Loyal Customers,0,2026-03-30
C07502,Poland,32,Female,Silver,2025-06-30,990.0,2.0,575.42,2.0,3.0,4.0,9.0,At Risk,0,2026-03-30
C07503,United States,31,Female,Silver,2024-11-04,486.0,3.0,337.14,3.0,3.0,3.0,9.0,Loyal Customers,0,2026-03-30
C07504,Netherlands,47,Female,Free,2025-10-19,1387.0,1.0,201.36,1.0,3.0,2.0,6.0,Regular,0,2026-03-30
C07505,Australia,48,Female,Platinum,2022-11-12,330.0,3.0,265.76,4.0,3.0,3.0,10.0,Loyal Customers,0,2026-03-30
C07506,Mexico,39,Male,Free,2023-11-28,317.0,6.0,2094.11,4.0,3.0,5.0,12.0,Loyal Customers,0,2026-03-30
C07507,Spain,23,Female,Gold,2024-03-30,779.0,4.0,553.95,2.0,3.0,4.0,9.0,At Risk,0,2026-03-30
C07508,United States,43,Female,Gold,2025-04-05,766.0,4.0,303.77,2.0,3.0,3.0,8.0,At Risk,0,2026-03-30
C07509,United States,39,Male,Silver,2024-08-29,719.0,2.0,298.83,2.0,3.0,3.0,8.0,At Risk,0,2026-03-30
C07510,Germany,49,Other,Free,2026-03-05,196.0,4.0,140.24,4.0,3.0,2.0,9.0,Loyal Customers,0,2026-03-30
C07511,Germany,42,Female,Silver,2022-12-08,726.0,3.0,534.05,2.0,3.0,4.0,9.0,At Risk,0,2026-03-30
C07512,France,47,Female,Silver,2026-02-17,1197.0,1.0,343.68,1.0,3.0,3.0,7.0,At Risk,0,2026-03-30
C07513,United Kingdom,35,Female,Silver,2021-12-09,442.0,5.0,765.25,3.0,3.0,5.0,11.0,Loyal Customers,0,2026-03-30
C07514,United States,32,Male,Free,2026-01-19,78.0,4.0,339.55,5.0,3.0,3.0,11.0,Loyal Customers,0,2026-03-30
C07515,United States,42,Male,Silver,2022-04-29,217.0,7.0,769.88,4.0,3.0,5.0,12.0,Loyal Customers,0,2026-03-30
C07516,India,18,Female,Free,2025-09-10,159.0,3.0,416.1,4.0,3.0,4.0,11.0,Loyal Customers,0,2026-03-30
C07517,United States,52,Male,Silver,2024-08-27,44.0,5.0,332.76,5.0,3.0,3.0,11.0,Loyal Customers,0,2026-03-30
C07518,France,40,Female,Free,2025-04-12,675.0,1.0,160.35,2.0,3.0,2.0,7.0,Regular,0,2026-03-30
C07519,Mexico,38,Male,Free,2024-02-29,91.0,5.0,1135.82,5.0,3.0,5.0,13.0,Loyal Customers,0,2026-03-30
C07520,United States,57,Other,Free,2024-09-11,420.0,1.0,34.44,3.0,3.0,1.0,7.0,Loyal Customers,0,2026-03-30
C07521,United States,38,Male,Platinum,2025-09-03,899.0,3.0,235.13,2.0,3.0,2.0,7.0,Regular,0,2026-03-30
C07522,South Africa,45,Female,Free,2025-03-17,395.0,7.0,1562.5300000000002,3.0,3.0,5.0,11.0,Loyal Customers,0,2026-03-30
C07523,United States,23,Female,Platinum,2025-11-09,1065.0,4.0,692.08,1.0,3.0,5.0,9.0,At Risk,1,2026-03-30
C07524,United States,52,Male,Free,2024-09-18,228.0,3.0,391.86,4.0,3.0,3.0,10.0,Loyal Customers,0,2026-03-30
C07525,Canada,30,Male,Silver,2024-07-05,506.0,5.0,1283.31,3.0,3.0,5.0,11.0,Loyal Customers,1,2026-03-30
C07526,Australia,45,Female,Silver,2024-01-15,1098.0,2.0,116.89,1.0,3.0,1.0,5.0,Regular,0,2026-03-30
C07527,United States,37,Male,Platinum,2025-11-21,318.0,3.0,168.29,4.0,3.0,2.0,9.0,Loyal Customers,0,2026-03-30
C07528,United States,40,Male,Gold,2024-03-17,534.0,3.0,178.01,3.0,3.0,2.0,8.0,Loyal Customers,0,2026-03-30
C07529,Sweden,31,Male,Free,2025-03-11,54.0,4.0,294.37,5.0,3.0,3.0,11.0,Loyal Customers,0,2026-03-30
C07530,France,56,Female,Free,2026-02-10,995.0,3.0,363.59,2.0,3.0,3.0,8.0,At Risk,0,2026-03-30
C07531,Brazil,27,Male,Gold,2017-02-22,290.0,5.0,1392.33,4.0,3.0,5.0,12.0,Loyal Customers,0,2026-03-30
C07532,Spain,23,Male,Free,2023-11-06,36.0,4.0,710.11,5.0,3.0,5.0,13.0,Loyal Customers,0,2026-03-30
C07533,Mexico,21,Female,Silver,2023-10-02,1076.0,5.0,1515.5,1.0,3.0,5.0,9.0,At Risk,0,2026-03-30
C07534,United States,40,Other,Platinum,2025-08-29,1920.0,2.0,121.96,1.0,3.0,1.0,5.0,Regular,0,2026-03-30
C07535,India,36,Male,Platinum,2024-03-20,377.0,2.0,107.72,3.0,3.0,1.0,7.0,Loyal Customers,0,2026-03-30
C07536,Brazil,31,Male,Silver,2025-09-08,846.0,3.0,684.15,2.0,3.0,5.0,10.0,At Risk,0,2026-03-30
C07537,United States,21,Female,Free,2026-03-12,1079.0,3.0,1057.45,1.0,3.0,5.0,9.0,At Risk,0,2026-03-30
C07538,United States,35,Male,Free,2025-09-22,863.0,1.0,245.29,2.0,3.0,2.0,7.0,Regular,0,2026-03-30
C07539,United States,30,Male,Free,2023-05-13,372.0,6.0,762.56,3.0,3.0,5.0,11.0,Loyal Customers,0,2026-03-30
C07540,Germany,38,Male,Free,2025-12-21,461.0,4.0,597.8000000000001,3.0,3.0,4.0,10.0,Loyal Customers,0,2026-03-30
C07541,United States,44,Female,Free,2025-10-29,596.0,3.0,93.63,3.0,3.0,1.0,7.0,Loyal Customers,0,2026-03-30
C07542,South Korea,33,Female,Silver,2025-06-22,1561.0,1.0,111.29,1.0,3.0,1.0,5.0,Regular,0,2026-03-30
C07543,Japan,27,Female,Free,2025-02-16,1431.0,2.0,86.08,1.0,3.0,1.0,5.0,Regular,0,2026-03-30
C07544,United States,45,Male,Gold,2020-02-12,942.0,3.0,202.7,2.0,3.0,2.0,7.0,Regular,0,2026-03-30
C07545,Germany,33,Female,Free,2025-06-08,685.0,3.0,476.72,2.0,3.0,4.0,9.0,At Risk,0,2026-03-30
C07546,United Kingdom,36,Female,Free,2025-11-28,476.0,2.0,297.90000000000003,3.0,3.0,3.0,9.0,Loyal Customers,0,2026-03-30
C07547,Poland,33,Male,Silver,2025-02-22,681.0,1.0,24.8,2.0,3.0,1.0,6.0,Regular,0,2026-03-30
C07548,Mexico,44,Male,Free,2023-04-04,843.0,2.0,48.17,2.0,3.0,1.0,6.0,Regular,0,2026-03-30
C07549,India,50,Male,Free,2026-03-29,302.0,4.0,540.0699999999999,4.0,3.0,4.0,11.0,Loyal Customers,1,2026-03-30
C07550,Canada,23,Male,Free,2023-03-10,1005.0,2.0,1040.92,2.0,3.0,5.0,10.0,At Risk,0,2026-03-30
C07551,France,37,Male,Gold,2022-03-26,912.0,1.0,77.53,2.0,3.0,1.0,6.0,Regular,0,2026-03-30
C07552,Turkey,44,Female,Free,2025-03-17,1151.0,1.0,36.48,1.0,3.0,1.0,5.0,Regular,0,2026-03-30
C07553,South Korea,44,Male,Platinum,2025-08-08,1493.0,2.0,130.35,1.0,3.0,1.0,5.0,Regular,0,2026-03-30
C07554,United States,28,Female,Free,2025-10-13,1153.0,1.0,37.22,1.0,3.0,1.0,5.0,Regular,0,2026-03-30
C07555,United States,28,Female,Free,2025-10-15,1776.0,4.0,404.29,1.0,3.0,4.0,8.0,At Risk,1,2026-03-30
C07556,Germany,18,Male,Free,2025-12-10,117.0,3.0,309.5,5.0,3.0,3.0,11.0,Loyal Customers,0,2026-03-30
C07557,United Kingdom,27,Female,Free,2023-10-08,201.0,2.0,203.49,4.0,3.0,2.0,9.0,Loyal Customers,0,2026-03-30
C07558,India,31,Female,Silver,2025-08-21,529.0,1.0,30.91,3.0,3.0,1.0,7.0,Loyal Customers,0,2026-03-30
C07559,France,37,Male,Free,2024-03-25,544.0,1.0,130.39,3.0,3.0,1.0,7.0,Loyal Customers,0,2026-03-30
C07560,United States,47,Female,Free,2025-12-07,,,,,,,,No orders in window,0,2026-03-30
C07561,France,54,Male,Gold,2023-10-27,1814.0,1.0,31.04,1.0,3.0,1.0,5.0,Regular,0,2026-03-30
C07562,India,25,Female,Free,2025-02-15,283.0,6.0,585.1899999999999,4.0,3.0,4.0,11.0,Loyal Customers,0,2026-03-30
C07563,Spain,47,Female,Free,2026-03-23,178.0,3.0,1346.4,4.0,3.0,5.0,12.0,Loyal Customers,0,2026-03-30
C07564,Germany,34,Female,Silver,2024-07-26,267.0,3.0,147.73,4.0,3.0,2.0,9.0,Loyal Customers,1,2026-03-30
C07565,United States,45,Male,Silver,2020-07-01,170.0,5.0,538.23,4.0,3.0,4.0,11.0,Loyal Customers,0,2026-03-30
C07566,United States,32,Male,Platinum,2025-12-24,362.0,5.0,745.6800000000001,3.0,3.0,5.0,11.0,Loyal Customers,0,2026-03-30
C07567,United States,28,Male,Silver,2026-03-23,269.0,4.0,254.14,4.0,3.0,2.0,9.0,Loyal Customers,0,2026-03-30
C07568,Australia,18,Female,Gold,2025-10-12,236.0,2.0,39.36,4.0,3.0,1.0,8.0,Loyal Customers,0,2026-03-30
C07569,United Kingdom,30,Female,Free,2018-08-09,515.0,2.0,104.63,3.0,3.0,1.0,7.0,Loyal Customers,0,2026-03-30
C07570,Germany,19,Female,Gold,2025-05-30,146.0,5.0,580.14,5.0,3.0,4.0,12.0,Loyal Customers,0,2026-03-30
C07571,United Kingdom,30,Female,Gold,2025-01-15,755.0,2.0,474.13,2.0,3.0,4.0,9.0,At Risk,0,2026-03-30
C07572,United Kingdom,30,Female,Free,2025-10-16,735.0,5.0,326.44,2.0,3.0,3.0,8.0,At Risk,0,2026-03-30
C07573,Poland,40,Male,Free,2024-06-10,378.0,4.0,517.99,3.0,3.0,4.0,10.0,Loyal Customers,0,2026-03-30
C07574,United Kingdom,39,Female,Silver,2024-11-04,97.0,4.0,643.39,5.0,3.0,5.0,13.0,Loyal Customers,0,2026-03-30
C07575,Japan,57,Male,Gold,2026-02-26,10.0,7.0,1122.4299999999998,5.0,3.0,5.0,13.0,Loyal Customers,0,2026-03-30
C07576,Poland,41,Female,Free,2025-11-13,65.0,3.0,421.16,5.0,3.0,4.0,12.0,Loyal Customers,0,2026-03-30
C07577,Italy,35,Male,Gold,2024-07-11,1339.0,2.0,97.78,1.0,3.0,1.0,5.0,Regular,0,2026-03-30
C07578,Australia,51,Male,Free,2025-06-29,238.0,3.0,259.35,4.0,3.0,2.0,9.0,Loyal Customers,1,2026-03-30
C07579,India,54,Female,Free,2022-11-11,1588.0,2.0,159.6,1.0,3.0,2.0,6.0,Regular,0,2026-03-30
C07580,Australia,40,Male,Free,2023-10-13,,,,,,,,No orders in window,0,2026-03-30
C07581,France,54,Female,Free,2025-03-03,94.0,5.0,348.11,5.0,3.0,3.0,11.0,Loyal Customers,0,2026-03-30
C07582,United States,28,Male,Free,2026-02-01,1625.0,2.0,306.36,1.0,3.0,3.0,7.0,At Risk,0,2026-03-30
C07583,United Kingdom,47,Male,Gold,2025-09-01,288.0,5.0,1006.63,4.0,3.0,5.0,12.0,Loyal Customers,0,2026-03-30
C07584,India,40,Female,Silver,2025-05-06,737.0,2.0,205.07,2.0,3.0,2.0,7.0,Regular,0,2026-03-30
C07585,Spain,28,Male,Silver,2025-06-07,21.0,2.0,128.43,5.0,3.0,1.0,9.0,Loyal Customers,0,2026-03-30
C07586,United States,32,Male,Free,2024-07-10,1419.0,4.0,361.89,1.0,3.0,3.0,7.0,At Risk,0,2026-03-30
C07587,United States,25,Female,Free,2025-06-16,297.0,5.0,1307.97,4.0,3.0,5.0,12.0,Loyal Customers,0,2026-03-30
C07588,United States,23,Male,Silver,2025-10-20,576.0,3.0,385.28,3.0,3.0,3.0,9.0,Loyal Customers,0,2026-03-30
C07589,United States,38,Male,Free,2020-05-01,308.0,4.0,536.66,4.0,3.0,4.0,11.0,Loyal Customers,0,2026-03-30
C07590,France,38,Male,Gold,2024-10-08,567.0,3.0,392.39,3.0,3.0,3.0,9.0,Loyal Customers,0,2026-03-30
C07591,India,39,Female,Free,2024-01-20,188.0,8.0,1213.76,4.0,3.0,5.0,12.0,Loyal Customers,0,2026-03-30
C07592,United States,42,Male,Silver,2025-06-04,592.0,3.0,534.16,3.0,3.0,4.0,10.0,Loyal Customers,0,2026-03-30
C07593,United States,31,Male,Platinum,2026-01-10,300.0,3.0,253.63,4.0,3.0,2.0,9.0,Loyal Customers,0,2026-03-30
C07594,France,22,Female,Gold,2025-12-07,363.0,5.0,488.83,3.0,3.0,4.0,10.0,Loyal Customers,0,2026-03-30
C07595,Italy,52,Female,Free,2025-08-14,983.0,3.0,475.59,2.0,3.0,4.0,9.0,At Risk,0,2026-03-30
C07596,United States,61,Male,Free,2025-03-26,209.0,1.0,40.14,4.0,3.0,1.0,8.0,Loyal Customers,1,2026-03-30
C07597,France,67,Male,Free,2025-04-16,72.0,6.0,427.9,5.0,3.0,4.0,12.0,Loyal Customers,0,2026-03-30
C07598,Germany,25,Male,Platinum,2024-07-29,173.0,3.0,251.48,4.0,3.0,2.0,9.0,Loyal Customers,1,2026-03-30
C07599,France,60,Male,Silver,2025-07-14,239.0,3.0,276.09000000000003,4.0,3.0,3.0,10.0,Loyal Customers,0,2026-03-30
C07600,India,33,Male,Gold,2025-07-30,57.0,4.0,596.16,5.0,3.0,4.0,12.0,Loyal Customers,0,2026-03-30
C07601,Germany,34,Male,Free,2022-04-11,1834.0,1.0,53.73,1.0,3.0,1.0,5.0,Regular,0,2026-03-30
C07602,United States,29,Female,Free,2025-10-21,215.0,5.0,328.3,4.0,3.0,3.0,10.0,Loyal Customers,0,2026-03-30
C07603,United States,28,Female,Free,2024-10-09,1987.0,1.0,80.11,1.0,3.0,1.0,5.0,Regular,0,2026-03-30
C07604,Canada,26,Male,Platinum,2025-01-19,31.0,5.0,427.14,5.0,3.0,4.0,12.0,Loyal Customers,0,2026-03-30
C07605,India,33,Female,Free,2021-08-12,14.0,6.0,729.45,5.0,3.0,5.0,13.0,Loyal Customers,0,2026-03-30
C07606,United States,18,Other,Free,2024-05-14,112.0,2.0,124.98,5.0,3.0,1.0,9.0,Loyal Customers,0,2026-03-30
C07607,France,18,Female,Platinum,2025-01-31,888.0,4.0,721.76,2.0,3.0,5.0,10.0,At Risk,0,2026-03-30
C07608,United States,54,Female,Silver,2025-08-13,435.0,4.0,332.75,3.0,3.0,3.0,9.0,Loyal Customers,0,2026-03-30
C07609,United States,28,Female,Free,2022-09-23,1200.0,1.0,96.27,1.0,3.0,1.0,5.0,Regular,0,2026-03-30
C07610,United States,35,Female,Free,2024-11-18,684.0,2.0,155.98,2.0,3.0,2.0,7.0,Regular,0,2026-03-30
C07611,United States,39,Female,Silver,2024-07-02,727.0,4.0,171.42000000000002,2.0,3.0,2.0,7.0,Regular,0,2026-03-30
C07612,France,23,Female,Free,2026-01-19,1653.0,1.0,35.68,1.0,3.0,1.0,5.0,Regular,0,2026-03-30
C07613,United States,18,Female,Free,2021-11-02,1783.0,1.0,307.7,1.0,3.0,3.0,7.0,At Risk,1,2026-03-30
C07614,Canada,39,Female,Platinum,2025-07-09,1121.0,3.0,113.76,1.0,3.0,1.0,5.0,Regular,0,2026-03-30
C07615,United States,35,Female,Free,2025-09-04,866.0,4.0,637.4,2.0,3.0,5.0,10.0,At Risk,0,2026-03-30
C07616,United States,62,Male,Free,2025-06-26,1807.0,3.0,513.33,1.0,3.0,4.0,8.0,At Risk,0,2026-03-30
C07617,Germany,52,Female,Free,2025-11-12,370.0,8.0,1181.94,3.0,3.0,5.0,11.0,Loyal Customers,0,2026-03-30
C07618,United States,38,Female,Free,2025-05-25,209.0,3.0,430.79,4.0,3.0,4.0,11.0,Loyal Customers,0,2026-03-30
C07619,Brazil,38,Male,Silver,2024-11-25,68.0,2.0,134.82999999999998,5.0,3.0,1.0,9.0,Loyal Customers,0,2026-03-30
C07620,Australia,34,Male,Free,2025-05-25,355.0,3.0,291.49,3.0,3.0,3.0,9.0,Loyal Customers,0,2026-03-30
C07621,United Kingdom,18,Male,Free,2025-04-19,105.0,2.0,257.37,5.0,3.0,2.0,10.0,Loyal Customers,0,2026-03-30
C07622,Germany,31,Female,Free,2025-12-13,609.0,2.0,316.27,3.0,3.0,3.0,9.0,Loyal Customers,0,2026-03-30
C07623,United States,45,Female,Gold,2024-11-30,374.0,3.0,220.5,3.0,3.0,2.0,8.0,Loyal Customers,1,2026-03-30
C07624,France,40,Female,Silver,2026-03-05,101.0,1.0,84.19,5.0,3.0,1.0,9.0,Loyal Customers,1,2026-03-30
C07625,Brazil,46,Female,Gold,2025-06-04,1852.0,3.0,218.58,1.0,3.0,2.0,6.0,Regular,0,2026-03-30
C07626,United States,31,Female,Platinum,2023-04-07,554.0,2.0,128.04000000000002,3.0,3.0,1.0,7.0,Loyal Customers,0,2026-03-30
C07627,United States,27,Male,Gold,2021-11-16,95.0,4.0,202.45,5.0,3.0,2.0,10.0,Loyal Customers,0,2026-03-30
C07628,Brazil,29,Female,Free,2023-08-18,43.0,1.0,253.19,5.0,3.0,2.0,10.0,Loyal Customers,0,2026-03-30
C07629,United Kingdom,51,Female,Free,2026-03-26,178.0,4.0,794.47,4.0,3.0,5.0,12.0,Loyal Customers,0,2026-03-30
C07630,Mexico,22,Female,Platinum,2023-11-12,1945.0,1.0,59.8,1.0,3.0,1.0,5.0,Regular,0,2026-03-30
C07631,United Kingdom,26,Male,Free,2023-07-25,582.0,5.0,898.87,3.0,3.0,5.0,11.0,Loyal Customers,0,2026-03-30
C07632,United States,49,Male,Platinum,2024-12-22,992.0,1.0,50.24,2.0,3.0,1.0,6.0,Regular,0,2026-03-30
C07633,Australia,38,Female,Free,2021-12-20,690.0,3.0,238.48,2.0,3.0,2.0,7.0,Regular,0,2026-03-30
C07634,Germany,37,Male,Free,2024-04-02,359.0,5.0,366.81,3.0,3.0,3.0,9.0,Loyal Customers,0,2026-03-30
C07635,United States,30,Male,Gold,2024-09-29,896.0,6.0,1079.75,2.0,3.0,5.0,10.0,At Risk,0,2026-03-30
C07636,France,30,Male,Free,2025-10-14,220.0,8.0,1468.07,4.0,3.0,5.0,12.0,Loyal Customers,0,2026-03-30
C07637,United Kingdom,51,Other,Free,2025-06-01,30.0,3.0,300.21000000000004,5.0,3.0,3.0,11.0,Loyal Customers,0,2026-03-30
C07638,Spain,29,Female,Free,2025-10-14,649.0,3.0,692.05,2.0,3.0,5.0,10.0,At Risk,0,2026-03-30
C07639,United Kingdom,51,Other,Gold,2025-11-21,494.0,1.0,77.12,3.0,3.0,1.0,7.0,Loyal Customers,0,2026-03-30
C07640,United States,22,Male,Free,2026-04-01,1255.0,1.0,145.26,1.0,3.0,2.0,6.0,Regular,0,2026-03-30
C07641,Singapore,24,Female,Free,2025-01-10,646.0,4.0,855.99,2.0,3.0,5.0,10.0,At Risk,0,2026-03-30
C07642,United Kingdom,35,Male,Silver,2023-08-25,550.0,3.0,407.49,3.0,3.0,4.0,10.0,Loyal Customers,0,2026-03-30
C07643,Sweden,36,Female,Silver,2024-01-09,301.0,5.0,706.44,4.0,3.0,5.0,12.0,Loyal Customers,0,2026-03-30
C07644,United States,36,Female,Free,2024-07-26,1408.0,1.0,143.27,1.0,3.0,2.0,6.0,Regular,0,2026-03-30
C07645,Mexico,28,Male,Free,2025-02-21,100.0,2.0,274.0,5.0,3.0,3.0,11.0,Loyal Customers,0,2026-03-30
C07646,Brazil,32,Male,Gold,2025-09-14,758.0,1.0,70.09,2.0,3.0,1.0,6.0,Regular,0,2026-03-30
C07647,Mexico,44,Male,Free,2025-10-19,1265.0,3.0,117.97,1.0,3.0,1.0,5.0,Regular,0,2026-03-30
C07648,Spain,33,Male,Gold,2024-07-09,154.0,2.0,229.85,4.0,3.0,2.0,9.0,Loyal Customers,0,2026-03-30
C07649,United States,28,Male,Free,2025-09-09,688.0,2.0,165.51,2.0,3.0,2.0,7.0,Regular,0,2026-03-30
C07650,India,48,Male,Free,2024-10-18,34.0,2.0,187.29,5.0,3.0,2.0,10.0,Loyal Customers,0,2026-03-30
C07651,United States,20,Female,Free,2023-08-29,1885.0,1.0,23.92,1.0,3.0,1.0,5.0,Regular,1,2026-03-30
C07652,Germany,21,Male,Silver,2024-07-30,182.0,2.0,247.3,4.0,3.0,2.0,9.0,Loyal Customers,0,2026-03-30
C07653,United States,37,Male,Silver,2024-05-02,255.0,4.0,399.38,4.0,3.0,3.0,10.0,Loyal Customers,0,2026-03-30
C07654,United States,18,Female,Free,2021-11-05,255.0,4.0,410.68,4.0,3.0,4.0,11.0,Loyal Customers,0,2026-03-30
C07655,United States,18,Female,Gold,2025-11-20,162.0,4.0,123.75,4.0,3.0,1.0,8.0,Loyal Customers,0,2026-03-30
C07656,United States,42,Male,Silver,2025-04-17,277.0,5.0,421.97,4.0,3.0,4.0,11.0,Loyal Customers,0,2026-03-30
C07657,Australia,30,Female,Free,2025-12-17,566.0,9.0,2147.83,3.0,3.0,5.0,11.0,Loyal Customers,0,2026-03-30
C07658,United States,33,Male,Silver,2025-08-12,273.0,6.0,815.62,4.0,3.0,5.0,12.0,Loyal Customers,0,2026-03-30
C07659,France,49,Female,Free,2025-11-04,1123.0,3.0,728.03,1.0,3.0,5.0,9.0,At Risk,0,2026-03-30
C07660,France,21,Female,Free,2025-04-27,682.0,6.0,398.94,2.0,3.0,3.0,8.0,At Risk,0,2026-03-30
C07661,Mexico,28,Female,Free,2025-12-31,665.0,4.0,239.69,2.0,3.0,2.0,7.0,Regular,1,2026-03-30
C07662,United States,34,Female,Free,2025-04-29,150.0,3.0,183.41000000000005,5.0,3.0,2.0,10.0,Loyal Customers,1,2026-03-30
C07663,United States,33,Female,Free,2024-06-12,,,,,,,,No orders in window,0,2026-03-30
C07664,United Kingdom,35,Male,Silver,2025-08-02,605.0,4.0,636.7199999999999,3.0,3.0,5.0,11.0,Loyal Customers,0,2026-03-30
C07665,United States,20,Female,Gold,2024-12-10,1965.0,2.0,330.23,1.0,3.0,3.0,7.0,At Risk,1,2026-03-30
C07666,Spain,31,Female,Platinum,2024-10-27,35.0,2.0,222.22,5.0,3.0,2.0,10.0,Loyal Customers,0,2026-03-30
C07667,United Kingdom,44,Female,Free,2024-07-08,353.0,8.0,1237.15,3.0,3.0,5.0,11.0,Loyal Customers,0,2026-03-30
C07668,United States,58,Male,Free,2025-12-09,1030.0,4.0,435.76,2.0,3.0,4.0,9.0,At Risk,0,2026-03-30
C07669,Australia,30,Male,Platinum,2020-06-01,1920.0,1.0,194.35,1.0,3.0,2.0,6.0,Regular,1,2026-03-30
C07670,Mexico,37,Female,Silver,2023-10-30,1829.0,1.0,47.0,1.0,3.0,1.0,5.0,Regular,0,2026-03-30
C07671,United States,38,Male,Silver,2025-10-14,22.0,3.0,305.45,5.0,3.0,3.0,11.0,Loyal Customers,0,2026-03-30
C07672,India,27,Male,Platinum,2021-03-11,1534.0,1.0,137.94,1.0,3.0,1.0,5.0,Regular,0,2026-03-30
C07673,Mexico,38,Female,Silver,2026-02-02,455.0,4.0,592.03,3.0,3.0,4.0,10.0,Loyal Customers,0,2026-03-30
C07674,Germany,28,Female,Platinum,2024-07-06,628.0,2.0,294.76,2.0,3.0,3.0,8.0,At Risk,0,2026-03-30
C07675,Brazil,36,Other,Free,2025-12-05,235.0,7.0,506.05,4.0,3.0,4.0,11.0,Loyal Customers,0,2026-03-30
C07676,Japan,26,Female,Free,2025-12-12,228.0,4.0,286.12,4.0,3.0,3.0,10.0,Loyal Customers,0,2026-03-30
C07677,United States,38,Other,Gold,2025-02-01,373.0,3.0,634.74,3.0,3.0,5.0,11.0,Loyal Customers,0,2026-03-30
C07678,India,18,Male,Free,2021-06-17,1542.0,1.0,99.48,1.0,3.0,1.0,5.0,Regular,0,2026-03-30
C07679,France,33,Female,Free,2025-09-26,78.0,4.0,1003.03,5.0,3.0,5.0,13.0,Loyal Customers,0,2026-03-30
C07680,Brazil,28,Female,Platinum,2026-01-21,582.0,9.0,565.01,3.0,3.0,4.0,10.0,Loyal Customers,1,2026-03-30
C07681,United States,39,Male,Free,2025-02-01,318.0,3.0,248.85,4.0,3.0,2.0,9.0,Loyal Customers,0,2026-03-30
C07682,Germany,43,Female,Gold,2026-02-11,571.0,4.0,681.51,3.0,3.0,5.0,11.0,Loyal Customers,0,2026-03-30
C07683,France,18,Female,Free,2025-10-31,1571.0,2.0,142.93,1.0,3.0,2.0,6.0,Regular,0,2026-03-30
C07684,Germany,40,Other,Free,2025-12-02,368.0,2.0,168.06,3.0,3.0,2.0,8.0,Loyal Customers,1,2026-03-30
C07685,Germany,32,Female,Free,2025-04-12,680.0,3.0,409.71,2.0,3.0,4.0,9.0,At Risk,0,2026-03-30
C07686,United States,38,Male,Free,2022-08-11,1686.0,3.0,350.92,1.0,3.0,3.0,7.0,At Risk,0,2026-03-30
C07687,South Africa,18,Female,Free,2022-02-27,488.0,7.0,341.17,3.0,3.0,3.0,9.0,Loyal Customers,0,2026-03-30
C07688,United States,39,Female,Free,2020-10-27,1457.0,2.0,210.96,1.0,3.0,2.0,6.0,Regular,0,2026-03-30
C07689,United States,50,Female,Silver,2022-09-18,587.0,4.0,507.41,3.0,3.0,4.0,10.0,Loyal Customers,0,2026-03-30
C07690,Brazil,18,Male,Free,2025-07-02,,,,,,,,No orders in window,0,2026-03-30
C07691,United States,37,Other,Free,2026-01-16,214.0,2.0,103.17,4.0,3.0,1.0,8.0,Loyal Customers,0,2026-03-30
C07692,Mexico,48,Female,Free,2024-10-10,,,,,,,,No orders in window,0,2026-03-30
C07693,Canada,59,Other,Free,2023-06-26,496.0,3.0,105.48,3.0,3.0,1.0,7.0,Loyal Customers,0,2026-03-30
C07694,Germany,26,Male,Free,2023-05-07,663.0,3.0,218.0,2.0,3.0,2.0,7.0,Regular,1,2026-03-30
C07695,South Africa,18,Male,Gold,2025-02-03,1448.0,3.0,958.77,1.0,3.0,5.0,9.0,At Risk,1,2026-03-30
C07696,Mexico,18,Male,Silver,2025-03-03,1334.0,1.0,52.07,1.0,3.0,1.0,5.0,Regular,0,2026-03-30
C07697,United States,19,Female,Free,2026-01-18,809.0,1.0,31.95,2.0,3.0,1.0,6.0,Regular,0,2026-03-30
C07698,United Kingdom,26,Female,Free,2026-01-13,507.0,4.0,520.9200000000001,3.0,3.0,4.0,10.0,Loyal Customers,0,2026-03-30
C07699,Sweden,39,Male,Free,2025-06-09,104.0,4.0,346.43,5.0,3.0,3.0,11.0,Loyal Customers,0,2026-03-30
C07700,Australia,34,Male,Free,2025-12-21,340.0,5.0,948.28,4.0,3.0,5.0,12.0,Loyal Customers,0,2026-03-30
C07701,United Kingdom,19,Male,Free,2018-07-26,240.0,4.0,329.03,4.0,3.0,3.0,10.0,Loyal Customers,0,2026-03-30
C07702,Mexico,32,Male,Free,2025-04-07,308.0,5.0,371.73,4.0,3.0,3.0,10.0,Loyal Customers,0,2026-03-30
C07703,Poland,36,Female,Free,2023-05-09,197.0,2.0,281.8,4.0,3.0,3.0,10.0,Loyal Customers,0,2026-03-30
C07704,Brazil,41,Male,Free,2025-11-18,246.0,7.0,731.22,4.0,3.0,5.0,12.0,Loyal Customers,0,2026-03-30
C07705,United States,74,Male,Gold,2025-11-14,7.0,5.0,767.23,5.0,3.0,5.0,13.0,Loyal Customers,0,2026-03-30
C07706,Spain,39,Female,Free,2024-09-06,1232.0,4.0,425.7,1.0,3.0,4.0,8.0,At Risk,1,2026-03-30
C07707,United States,18,Female,Silver,2025-07-01,1372.0,3.0,638.69,1.0,3.0,5.0,9.0,At Risk,0,2026-03-30
C07708,Japan,57,Female,Free,2023-05-19,84.0,7.0,668.62,5.0,3.0,5.0,13.0,Loyal Customers,0,2026-03-30
C07709,United States,34,Female,Free,2022-07-17,284.0,8.0,812.19,4.0,3.0,5.0,12.0,Loyal Customers,1,2026-03-30
C07710,United States,32,Female,Free,2026-01-01,478.0,2.0,174.89999999999998,3.0,3.0,2.0,8.0,Loyal Customers,0,2026-03-30
C07711,Sweden,34,Male,Platinum,2025-11-15,1330.0,1.0,37.47,1.0,3.0,1.0,5.0,Regular,0,2026-03-30
C07712,Germany,53,Male,Silver,2023-10-14,774.0,5.0,456.98,2.0,3.0,4.0,9.0,At Risk,0,2026-03-30
C07713,United States,60,Female,Free,2024-09-30,1085.0,2.0,121.22,1.0,3.0,1.0,5.0,Regular,0,2026-03-30
C07714,United States,42,Male,Platinum,2026-03-12,386.0,4.0,354.89,3.0,3.0,3.0,9.0,Loyal Customers,0,2026-03-30
C07715,Italy,36,Male,Silver,2025-04-26,933.0,2.0,552.93,2.0,3.0,4.0,9.0,At Risk,0,2026-03-30
C07716,United Kingdom,28,Male,Free,2022-09-06,742.0,2.0,251.12,2.0,3.0,2.0,7.0,Regular,0,2026-03-30
C07717,United Kingdom,45,Male,Gold,2025-03-29,1618.0,2.0,125.96,1.0,3.0,1.0,5.0,Regular,0,2026-03-30
C07718,France,37,Male,Silver,2023-06-16,800.0,5.0,944.33,2.0,3.0,5.0,10.0,At Risk,0,2026-03-30
C07719,South Africa,18,Male,Free,2023-06-20,70.0,2.0,497.16,5.0,3.0,4.0,12.0,Loyal Customers,0,2026-03-30
C07720,Germany,46,Female,Platinum,2025-09-13,459.0,4.0,202.99,3.0,3.0,2.0,8.0,Loyal Customers,0,2026-03-30
C07721,Australia,37,Male,Platinum,2023-06-05,34.0,5.0,814.6,5.0,3.0,5.0,13.0,Loyal Customers,1,2026-03-30
C07722,United States,18,Female,Free,2024-02-18,970.0,1.0,118.5,2.0,3.0,1.0,6.0,Regular,0,2026-03-30
C07723,United Kingdom,54,Female,Silver,2025-07-24,731.0,3.0,277.02,2.0,3.0,3.0,8.0,At Risk,0,2026-03-30
C07724,Germany,39,Male,Free,2022-09-08,268.0,7.0,1077.64,4.0,3.0,5.0,12.0,Loyal Customers,0,2026-03-30
C07725,United States,21,Female,Free,2024-03-08,494.0,4.0,205.76,3.0,3.0,2.0,8.0,Loyal Customers,1,2026-03-30
C07726,Uae,40,Male,Free,2024-05-04,456.0,1.0,252.13,3.0,3.0,2.0,8.0,Loyal Customers,1,2026-03-30
C07727,India,18,Male,Free,2025-12-09,392.0,1.0,88.8,3.0,3.0,1.0,7.0,Loyal Customers,0,2026-03-30
C07728,United States,45,Female,Gold,2024-07-15,552.0,6.0,528.2,3.0,3.0,4.0,10.0,Loyal Customers,1,2026-03-30
C07729,India,52,Female,Free,2024-03-14,289.0,6.0,1276.99,4.0,3.0,5.0,12.0,Loyal Customers,0,2026-03-30
C07730,United States,36,Female,Gold,2023-11-21,399.0,6.0,1331.04,3.0,3.0,5.0,11.0,Loyal Customers,0,2026-03-30
C07731,United States,33,Female,Free,2022-10-01,1166.0,1.0,48.13,1.0,3.0,1.0,5.0,Regular,0,2026-03-30
C07732,United States,26,Male,Free,2025-11-16,373.0,2.0,118.69,3.0,3.0,1.0,7.0,Loyal Customers,0,2026-03-30
C07733,United States,26,Female,Gold,2022-09-30,293.0,3.0,160.51999999999998,4.0,3.0,2.0,9.0,Loyal Customers,0,2026-03-30
C07734,United States,23,Female,Platinum,2025-12-16,16.0,1.0,31.23,5.0,3.0,1.0,9.0,Loyal Customers,0,2026-03-30
C07735,United Kingdom,41,Female,Free,2022-05-20,1393.0,2.0,619.75,1.0,3.0,4.0,8.0,At Risk,0,2026-03-30
C07736,Australia,34,Female,Free,2025-01-17,814.0,2.0,158.29,2.0,3.0,2.0,7.0,Regular,1,2026-03-30
C07737,South Africa,44,Male,Free,2026-02-24,,,,,,,,No orders in window,0,2026-03-30
C07738,Germany,42,Male,Free,2025-10-29,188.0,5.0,601.06,4.0,3.0,4.0,11.0,Loyal Customers,0,2026-03-30
C07739,India,55,Female,Free,2022-06-29,152.0,3.0,181.35,5.0,3.0,2.0,10.0,Loyal Customers,1,2026-03-30
C07740,United States,40,Female,Gold,2026-02-21,719.0,4.0,238.97,2.0,3.0,2.0,7.0,Regular,0,2026-03-30
C07741,Italy,38,Female,Platinum,2025-11-12,166.0,3.0,226.42,4.0,3.0,2.0,9.0,Loyal Customers,0,2026-03-30
C07742,Mexico,47,Female,Free,2025-11-16,1146.0,2.0,81.25999999999999,1.0,3.0,1.0,5.0,Regular,0,2026-03-30
C07743,United States,54,Female,Gold,2025-10-17,735.0,1.0,42.08,2.0,3.0,1.0,6.0,Regular,0,2026-03-30
C07744,Germany,33,Female,Free,2023-07-07,245.0,6.0,1156.41,4.0,3.0,5.0,12.0,Loyal Customers,0,2026-03-30
C07745,Germany,31,Male,Silver,2025-03-02,258.0,3.0,179.41000000000005,4.0,3.0,2.0,9.0,Loyal Customers,0,2026-03-30
C07746,Canada,56,Female,Gold,2024-12-19,178.0,5.0,878.81,4.0,3.0,5.0,12.0,Loyal Customers,0,2026-03-30
C07747,United States,31,Other,Gold,2020-06-11,803.0,3.0,457.59,2.0,3.0,4.0,9.0,At Risk,0,2026-03-30
C07748,United States,33,Female,Silver,2025-06-22,533.0,2.0,123.6,3.0,3.0,1.0,7.0,Loyal Customers,0,2026-03-30
C07749,Australia,25,Female,Platinum,2022-09-06,45.0,4.0,158.98,5.0,3.0,2.0,10.0,Loyal Customers,0,2026-03-30
C07750,United States,61,Female,Platinum,2023-01-28,160.0,4.0,436.0,4.0,3.0,4.0,11.0,Loyal Customers,0,2026-03-30
C07751,United States,40,Male,Gold,2026-01-16,,,,,,,,No orders in window,0,2026-03-30
C07752,United Kingdom,29,Female,Silver,2026-02-10,49.0,2.0,517.77,5.0,3.0,4.0,12.0,Loyal Customers,0,2026-03-30
C07753,Brazil,45,Female,Free,2026-01-28,12.0,4.0,617.86,5.0,3.0,4.0,12.0,Loyal Customers,0,2026-03-30
C07754,Germany,31,Female,Silver,2024-05-09,776.0,2.0,197.25,2.0,3.0,2.0,7.0,Regular,0,2026-03-30
C07755,Brazil,50,Female,Free,2026-01-28,754.0,3.0,254.12,2.0,3.0,2.0,7.0,Regular,0,2026-03-30
C07756,Australia,43,Female,Platinum,2024-04-30,1714.0,1.0,80.55,1.0,3.0,1.0,5.0,Regular,0,2026-03-30
C07757,Australia,37,Female,Platinum,2023-06-10,1142.0,4.0,244.7,1.0,3.0,2.0,6.0,Regular,0,2026-03-30
C07758,Canada,37,Male,Platinum,2024-10-22,120.0,1.0,81.7,5.0,3.0,1.0,9.0,Loyal Customers,0,2026-03-30
C07759,Poland,49,Female,Free,2024-09-21,324.0,5.0,221.04,4.0,3.0,2.0,9.0,Loyal Customers,0,2026-03-30
C07760,United Kingdom,24,Male,Free,2024-10-05,222.0,4.0,458.19,4.0,3.0,4.0,11.0,Loyal Customers,0,2026-03-30
C07761,United States,32,Male,Free,2024-11-09,4.0,3.0,244.94,5.0,3.0,2.0,10.0,Loyal Customers,0,2026-03-30
C07762,United States,27,Male,Free,2023-01-03,175.0,7.0,592.87,4.0,3.0,4.0,11.0,Loyal Customers,0,2026-03-30
C07763,Poland,46,Female,Free,2025-12-31,499.0,3.0,580.49,3.0,3.0,4.0,10.0,Loyal Customers,0,2026-03-30
C07764,Australia,49,Female,Free,2022-10-30,1124.0,3.0,725.1500000000001,1.0,3.0,5.0,9.0,At Risk,0,2026-03-30
C07765,South Korea,47,Male,Free,2021-03-10,538.0,1.0,35.84,3.0,3.0,1.0,7.0,Loyal Customers,0,2026-03-30
C07766,Germany,26,Female,Free,2025-09-08,,,,,,,,No orders in window,0,2026-03-30
C07767,India,31,Male,Free,2025-10-10,904.0,3.0,217.07,2.0,3.0,2.0,7.0,Regular,0,2026-03-30
C07768,United States,30,Female,Free,2026-02-19,1132.0,6.0,558.31,1.0,3.0,4.0,8.0,At Risk,0,2026-03-30
C07769,Canada,18,Male,Platinum,2025-06-15,511.0,7.0,1230.11,3.0,3.0,5.0,11.0,Loyal Customers,0,2026-03-30
C07770,United States,43,Male,Free,2025-12-22,661.0,4.0,410.84,2.0,3.0,4.0,9.0,At Risk,0,2026-03-30
C07771,Italy,36,Female,Free,2025-09-02,340.0,5.0,453.68,4.0,3.0,4.0,11.0,Loyal Customers,1,2026-03-30
C07772,United States,29,Female,Gold,2026-02-01,33.0,3.0,264.17,5.0,3.0,3.0,11.0,Loyal Customers,0,2026-03-30
C07773,United States,18,Female,Free,2025-11-07,662.0,2.0,124.14,2.0,3.0,1.0,6.0,Regular,1,2026-03-30
C07774,France,31,Male,Platinum,2023-08-24,237.0,5.0,238.35,4.0,3.0,2.0,9.0,Loyal Customers,0,2026-03-30
C07775,United States,30,Male,Gold,2022-05-08,524.0,4.0,628.74,3.0,3.0,5.0,11.0,Loyal Customers,0,2026-03-30
C07776,South Korea,49,Male,Free,2026-02-20,19.0,4.0,570.87,5.0,3.0,4.0,12.0,Loyal Customers,0,2026-03-30
C07777,United States,38,Female,Free,2016-10-26,515.0,4.0,782.22,3.0,3.0,5.0,11.0,Loyal Customers,0,2026-03-30
C07778,Germany,62,Male,Free,2023-01-31,,,,,,,,No orders in window,1,2026-03-30
C07779,Brazil,39,Male,Free,2023-09-04,1677.0,2.0,89.77000000000001,1.0,3.0,1.0,5.0,Regular,0,2026-03-30
C07780,United States,36,Female,Free,2024-05-23,98.0,4.0,835.3499999999999,5.0,3.0,5.0,13.0,Loyal Customers,0,2026-03-30
C07781,United States,36,Female,Gold,2026-03-12,911.0,2.0,218.2,2.0,3.0,2.0,7.0,Regular,0,2026-03-30
C07782,Mexico,44,Female,Silver,2024-02-04,423.0,3.0,318.88,3.0,3.0,3.0,9.0,Loyal Customers,0,2026-03-30
C07783,United States,38,Male,Free,2023-04-17,834.0,2.0,54.56,2.0,3.0,1.0,6.0,Regular,0,2026-03-30
C07784,United Kingdom,30,Female,Silver,2025-04-05,1324.0,3.0,1051.45,1.0,3.0,5.0,9.0,At Risk,0,2026-03-30
C07785,Germany,45,Male,Free,2026-03-31,715.0,5.0,820.2900000000001,2.0,3.0,5.0,10.0,At Risk,0,2026-03-30
C07786,France,18,Female,Free,2026-03-14,131.0,2.0,479.57,5.0,3.0,4.0,12.0,Loyal Customers,0,2026-03-30
C07787,Turkey,47,Male,Free,2025-11-24,522.0,5.0,385.16,3.0,3.0,3.0,9.0,Loyal Customers,0,2026-03-30
C07788,United States,32,Male,Free,2025-06-19,1603.0,1.0,189.89,1.0,3.0,2.0,6.0,Regular,0,2026-03-30
C07789,United States,36,Male,Free,2021-09-26,506.0,3.0,127.79,3.0,3.0,1.0,7.0,Loyal Customers,0,2026-03-30
C07790,South Korea,22,Male,Free,2024-09-22,1129.0,1.0,352.04,1.0,3.0,3.0,7.0,At Risk,0,2026-03-30
C07791,Mexico,34,Female,Silver,2025-10-26,145.0,5.0,586.69,5.0,3.0,4.0,12.0,Loyal Customers,0,2026-03-30
C07792,United States,40,Female,Free,2026-01-17,577.0,2.0,313.49,3.0,3.0,3.0,9.0,Loyal Customers,0,2026-03-30
C07793,Germany,32,Female,Free,2025-07-12,985.0,1.0,64.38,2.0,3.0,1.0,6.0,Regular,1,2026-03-30
C07794,Germany,32,Male,Free,2022-05-26,590.0,3.0,169.03,3.0,3.0,2.0,8.0,Loyal Customers,0,2026-03-30
C07795,Brazil,46,Female,Free,2025-12-04,591.0,4.0,494.44,3.0,3.0,4.0,10.0,Loyal Customers,0,2026-03-30
C07796,South Korea,46,Female,Platinum,2025-11-09,,,,,,,,No orders in window,0,2026-03-30
C07797,Spain,31,Male,Free,2020-05-13,74.0,4.0,147.20000000000002,5.0,3.0,2.0,10.0,Loyal Customers,1,2026-03-30
C07798,Germany,30,Male,Free,2025-06-15,359.0,1.0,36.39,3.0,3.0,1.0,7.0,Loyal Customers,0,2026-03-30
C07799,Germany,29,Male,Gold,2022-07-20,735.0,4.0,225.77,2.0,3.0,2.0,7.0,Regular,0,2026-03-30
C07800,India,33,Female,Silver,2025-11-16,363.0,3.0,904.31,3.0,3.0,5.0,11.0,Loyal Customers,0,2026-03-30
C07801,Australia,50,Male,Free,2025-04-06,448.0,6.0,390.71,3.0,3.0,3.0,9.0,Loyal Customers,0,2026-03-30
C07802,India,43,Female,Silver,2021-06-12,177.0,2.0,92.06,4.0,3.0,1.0,8.0,Loyal Customers,0,2026-03-30
C07803,India,44,Male,Silver,2026-01-06,744.0,3.0,253.45,2.0,3.0,2.0,7.0,Regular,0,2026-03-30
C07804,India,37,Male,Silver,2024-09-06,63.0,6.0,897.0699999999999,5.0,3.0,5.0,13.0,Loyal Customers,0,2026-03-30
C07805,South Korea,44,Female,Gold,2025-12-26,993.0,2.0,205.6,2.0,3.0,2.0,7.0,Regular,0,2026-03-30
C07806,United Kingdom,30,Male,Gold,2022-02-20,349.0,4.0,801.73,3.0,3.0,5.0,11.0,Loyal Customers,0,2026-03-30
C07807,United States,49,Female,Free,2025-03-17,830.0,4.0,431.5,2.0,3.0,4.0,9.0,At Risk,0,2026-03-30
C07808,India,29,Male,Gold,2022-03-25,1704.0,2.0,53.64,1.0,3.0,1.0,5.0,Regular,0,2026-03-30
C07809,United States,36,Male,Gold,2025-09-23,559.0,3.0,799.84,3.0,3.0,5.0,11.0,Loyal Customers,1,2026-03-30
C07810,United Kingdom,18,Male,Free,2026-02-19,238.0,6.0,650.49,4.0,3.0,5.0,12.0,Loyal Customers,0,2026-03-30
C07811,United States,24,Female,Gold,2025-11-21,1103.0,1.0,106.72,1.0,3.0,1.0,5.0,Regular,0,2026-03-30
C07812,India,50,Male,Free,2022-01-23,1220.0,1.0,31.27,1.0,3.0,1.0,5.0,Regular,0,2026-03-30
C07813,United States,43,Female,Platinum,2026-03-20,1156.0,2.0,273.52,1.0,3.0,3.0,7.0,At Risk,0,2026-03-30
C07814,United States,47,Female,Free,2025-11-06,761.0,4.0,405.65,2.0,3.0,4.0,9.0,At Risk,0,2026-03-30
C07815,United States,22,Male,Free,2025-08-18,880.0,2.0,311.98,2.0,3.0,3.0,8.0,At Risk,0,2026-03-30
C07816,India,45,Female,Free,2025-11-11,512.0,6.0,1151.44,3.0,3.0,5.0,11.0,Loyal Customers,0,2026-03-30
C07817,Germany,22,Other,Silver,2023-04-25,741.0,6.0,559.4499999999999,2.0,3.0,4.0,9.0,At Risk,0,2026-03-30
C07818,United States,60,Female,Gold,2024-10-25,266.0,3.0,525.42,4.0,3.0,4.0,11.0,Loyal Customers,0,2026-03-30
C07819,United States,30,Female,Free,2023-10-23,617.0,6.0,1024.49,3.0,3.0,5.0,11.0,Loyal Customers,0,2026-03-30
C07820,Australia,32,Male,Free,2024-11-14,1719.0,1.0,44.79,1.0,3.0,1.0,5.0,Regular,0,2026-03-30
C07821,Australia,46,Male,Free,2026-01-12,1383.0,3.0,271.13,1.0,3.0,3.0,7.0,At Risk,0,2026-03-30
C07822,Brazil,36,Female,Silver,2025-11-25,1892.0,1.0,31.34,1.0,3.0,1.0,5.0,Regular,0,2026-03-30
C07823,Brazil,44,Female,Free,2025-03-24,321.0,3.0,582.4300000000001,4.0,3.0,4.0,11.0,Loyal Customers,0,2026-03-30
C07824,Canada,61,Female,Free,2026-01-09,423.0,4.0,505.0,3.0,3.0,4.0,10.0,Loyal Customers,0,2026-03-30
C07825,United Kingdom,42,Female,Platinum,2025-09-18,1479.0,2.0,75.37,1.0,3.0,1.0,5.0,Regular,0,2026-03-30
C07826,United States,47,Female,Free,2023-11-15,34.0,1.0,300.36,5.0,3.0,3.0,11.0,Loyal Customers,0,2026-03-30
C07827,Canada,52,Male,Silver,2024-07-12,493.0,4.0,281.68,3.0,3.0,3.0,9.0,Loyal Customers,0,2026-03-30
C07828,United States,46,Female,Platinum,2024-10-04,182.0,5.0,374.28,4.0,3.0,3.0,10.0,Loyal Customers,0,2026-03-30
C07829,United Kingdom,28,Other,Free,2026-01-06,11.0,4.0,127.22,5.0,3.0,1.0,9.0,Loyal Customers,0,2026-03-30
C07830,United Kingdom,39,Other,Free,2022-08-27,725.0,6.0,480.65,2.0,3.0,4.0,9.0,At Risk,1,2026-03-30
C07831,Uae,39,Male,Free,2023-12-31,177.0,2.0,216.01,4.0,3.0,2.0,9.0,Loyal Customers,0,2026-03-30
C07832,United States,33,Other,Silver,2025-10-30,495.0,3.0,392.39,3.0,3.0,3.0,9.0,Loyal Customers,1,2026-03-30
C07833,Turkey,50,Male,Free,2025-08-31,1194.0,1.0,296.86,1.0,3.0,3.0,7.0,At Risk,0,2026-03-30
C07834,Italy,27,Male,Free,2025-06-30,405.0,4.0,634.09,3.0,3.0,5.0,11.0,Loyal Customers,0,2026-03-30
C07835,Germany,43,Male,Free,2023-06-13,632.0,5.0,411.03,2.0,3.0,4.0,9.0,At Risk,0,2026-03-30
C07836,South Korea,41,Female,Gold,2021-09-05,139.0,3.0,923.55,5.0,3.0,5.0,13.0,Loyal Customers,1,2026-03-30
C07837,Mexico,32,Female,Free,2024-10-29,74.0,2.0,217.75,5.0,3.0,2.0,10.0,Loyal Customers,0,2026-03-30
C07838,Singapore,29,Female,Platinum,2025-07-27,123.0,5.0,534.9,5.0,3.0,4.0,12.0,Loyal Customers,0,2026-03-30
C07839,Brazil,26,Male,Free,2025-04-03,1353.0,3.0,204.56,1.0,3.0,2.0,6.0,Regular,0,2026-03-30
C07840,France,48,Male,Free,2025-08-27,570.0,6.0,879.47,3.0,3.0,5.0,11.0,Loyal Customers,0,2026-03-30
C07841,Australia,18,Male,Free,2025-10-10,1947.0,2.0,72.55,1.0,3.0,1.0,5.0,Regular,0,2026-03-30
C07842,United Kingdom,41,Male,Silver,2025-11-03,513.0,2.0,278.67,3.0,3.0,3.0,9.0,Loyal Customers,0,2026-03-30
C07843,Brazil,36,Female,Gold,2024-04-27,669.0,4.0,1097.76,2.0,3.0,5.0,10.0,At Risk,0,2026-03-30
C07844,Canada,24,Female,Silver,2025-05-10,,,,,,,,No orders in window,0,2026-03-30
C07845,France,22,Female,Free,2023-12-23,985.0,4.0,438.46,2.0,3.0,4.0,9.0,At Risk,0,2026-03-30
C07846,Canada,32,Male,Free,2026-01-07,288.0,4.0,278.28,4.0,3.0,3.0,10.0,Loyal Customers,0,2026-03-30
C07847,United States,55,Female,Platinum,2024-06-10,161.0,3.0,393.06,4.0,3.0,3.0,10.0,Loyal Customers,0,2026-03-30
C07848,United States,36,Female,Platinum,2025-09-28,37.0,6.0,629.6500000000001,5.0,3.0,5.0,13.0,Loyal Customers,0,2026-03-30
C07849,France,36,Male,Gold,2026-03-16,1230.0,2.0,173.48000000000002,1.0,3.0,2.0,6.0,Regular,0,2026-03-30
C07850,United States,52,Female,Platinum,2023-03-05,1513.0,1.0,97.31,1.0,3.0,1.0,5.0,Regular,0,2026-03-30
C07851,United States,45,Other,Free,2025-05-09,763.0,6.0,690.42,2.0,3.0,5.0,10.0,At Risk,0,2026-03-30
C07852,United States,60,Female,Free,2024-07-18,1275.0,3.0,444.06,1.0,3.0,4.0,8.0,At Risk,0,2026-03-30
C07853,Australia,25,Female,Silver,2025-09-28,1005.0,2.0,409.59,2.0,3.0,4.0,9.0,At Risk,0,2026-03-30
C07854,Brazil,42,Male,Free,2023-11-02,319.0,3.0,69.14,4.0,3.0,1.0,8.0,Loyal Customers,0,2026-03-30
C07855,Uae,21,Male,Platinum,2025-12-31,260.0,1.0,65.74,4.0,3.0,1.0,8.0,Loyal Customers,0,2026-03-30
C07856,France,44,Male,Free,2021-03-25,1192.0,1.0,72.08,1.0,3.0,1.0,5.0,Regular,0,2026-03-30
C07857,Poland,18,Female,Silver,2020-02-10,259.0,3.0,344.79,4.0,3.0,3.0,10.0,Loyal Customers,0,2026-03-30
C07858,Netherlands,18,Male,Gold,2025-07-10,728.0,3.0,141.85,2.0,3.0,2.0,7.0,Regular,1,2026-03-30
C07859,South Korea,32,Female,Silver,2024-02-05,134.0,2.0,218.49,5.0,3.0,2.0,10.0,Loyal Customers,0,2026-03-30
C07860,Uae,29,Male,Gold,2025-03-02,146.0,7.0,1081.29,5.0,3.0,5.0,13.0,Loyal Customers,0,2026-03-30
C07861,United States,36,Female,Silver,2020-06-04,1481.0,1.0,57.51,1.0,3.0,1.0,5.0,Regular,0,2026-03-30
C07862,Brazil,40,Male,Silver,2025-07-11,142.0,5.0,347.81,5.0,3.0,3.0,11.0,Loyal Customers,0,2026-03-30
C07863,Australia,43,Female,Free,2024-10-08,128.0,6.0,410.32,5.0,3.0,4.0,12.0,Loyal Customers,0,2026-03-30
C07864,Australia,41,Male,Free,2025-12-03,328.0,3.0,666.28,4.0,3.0,5.0,12.0,Loyal Customers,0,2026-03-30
C07865,Germany,37,Male,Free,2025-11-06,227.0,3.0,466.8,4.0,3.0,4.0,11.0,Loyal Customers,0,2026-03-30
C07866,Japan,23,Female,Free,2020-12-04,1346.0,4.0,514.22,1.0,3.0,4.0,8.0,At Risk,0,2026-03-30
C07867,India,18,Female,Silver,2025-11-21,146.0,4.0,772.27,5.0,3.0,5.0,13.0,Loyal Customers,0,2026-03-30
C07868,Germany,47,Male,Free,2023-10-12,27.0,4.0,1507.15,5.0,3.0,5.0,13.0,Loyal Customers,0,2026-03-30
C07869,United Kingdom,18,Male,Silver,2025-10-24,1665.0,1.0,604.53,1.0,3.0,4.0,8.0,At Risk,0,2026-03-30
C07870,United States,18,Female,Platinum,2026-02-26,240.0,4.0,650.74,4.0,3.0,5.0,12.0,Loyal Customers,0,2026-03-30
C07871,United Kingdom,49,Female,Free,2024-06-27,472.0,4.0,295.53000000000003,3.0,3.0,3.0,9.0,Loyal Customers,0,2026-03-30
C07872,India,23,Male,Free,2020-06-20,442.0,5.0,311.32,3.0,3.0,3.0,9.0,Loyal Customers,0,2026-03-30
C07873,United States,32,Female,Free,2026-02-23,,,,,,,,No orders in window,0,2026-03-30
C07874,Singapore,36,Female,Free,2025-01-12,1619.0,2.0,283.13,1.0,3.0,3.0,7.0,At Risk,0,2026-03-30
C07875,Canada,22,Female,Free,2026-01-29,155.0,6.0,531.37,4.0,3.0,4.0,11.0,Loyal Customers,0,2026-03-30
C07876,Mexico,23,Female,Free,2025-12-02,491.0,5.0,1060.29,3.0,3.0,5.0,11.0,Loyal Customers,0,2026-03-30
C07877,United States,51,Female,Free,2026-02-19,2105.0,1.0,41.62,1.0,3.0,1.0,5.0,Regular,0,2026-03-30
C07878,United States,18,Male,Free,2025-12-13,190.0,3.0,763.67,4.0,3.0,5.0,12.0,Loyal Customers,0,2026-03-30
C07879,Germany,44,Female,Free,2026-01-02,713.0,3.0,229.03,2.0,3.0,2.0,7.0,Regular,1,2026-03-30
C07880,United States,23,Female,Free,2026-02-02,317.0,3.0,331.29,4.0,3.0,3.0,10.0,Loyal Customers,0,2026-03-30
C07881,United States,27,Female,Free,2025-07-21,53.0,4.0,710.8199999999999,5.0,3.0,5.0,13.0,Loyal Customers,0,2026-03-30
C07882,Italy,24,Male,Platinum,2024-11-03,85.0,3.0,202.85,5.0,3.0,2.0,10.0,Loyal Customers,1,2026-03-30
C07883,Japan,31,Male,Free,2025-12-19,1156.0,5.0,1254.04,1.0,3.0,5.0,9.0,At Risk,0,2026-03-30
C07884,United States,54,Female,Free,2025-08-24,600.0,3.0,132.69,3.0,3.0,1.0,7.0,Loyal Customers,0,2026-03-30
C07885,Japan,18,Female,Silver,2025-05-09,1056.0,3.0,325.71000000000004,2.0,3.0,3.0,8.0,At Risk,0,2026-03-30
C07886,Netherlands,32,Female,Free,2024-08-15,,,,,,,,No orders in window,0,2026-03-30
C07887,Australia,47,Male,Free,2025-07-03,928.0,4.0,689.0899999999999,2.0,3.0,5.0,10.0,At Risk,0,2026-03-30
C07888,Germany,40,Female,Free,2025-04-02,1648.0,2.0,244.43,1.0,3.0,2.0,6.0,Regular,0,2026-03-30
C07889,Canada,35,Female,Gold,2025-10-13,191.0,3.0,526.71,4.0,3.0,4.0,11.0,Loyal Customers,0,2026-03-30
C07890,Canada,27,Female,Platinum,2026-01-12,88.0,4.0,455.11,5.0,3.0,4.0,12.0,Loyal Customers,0,2026-03-30
C07891,United Kingdom,18,Male,Gold,2024-08-11,1583.0,3.0,153.57,1.0,3.0,2.0,6.0,Regular,0,2026-03-30
C07892,United States,75,Male,Free,2024-04-20,224.0,6.0,745.5600000000001,4.0,3.0,5.0,12.0,Loyal Customers,0,2026-03-30
C07893,Brazil,38,Male,Free,2025-07-09,1340.0,2.0,385.07,1.0,3.0,3.0,7.0,At Risk,0,2026-03-30
C07894,Canada,18,Male,Free,2025-11-04,337.0,4.0,123.45,4.0,3.0,1.0,8.0,Loyal Customers,0,2026-03-30
C07895,France,62,Male,Silver,2023-04-18,1806.0,2.0,145.84,1.0,3.0,2.0,6.0,Regular,0,2026-03-30
C07896,United States,45,Male,Gold,2025-04-13,,,,,,,,No orders in window,0,2026-03-30
C07897,South Korea,45,Male,Silver,2026-02-21,1149.0,1.0,425.67,1.0,3.0,4.0,8.0,At Risk,0,2026-03-30
C07898,Brazil,32,Female,Silver,2023-04-30,32.0,4.0,1012.92,5.0,3.0,5.0,13.0,Loyal Customers,1,2026-03-30
C07899,United States,40,Female,Free,2022-11-13,208.0,5.0,568.2,4.0,3.0,4.0,11.0,Loyal Customers,0,2026-03-30
C07900,United States,26,Female,Free,2025-03-23,459.0,4.0,609.51,3.0,3.0,4.0,10.0,Loyal Customers,0,2026-03-30
C07901,United States,46,Male,Free,2025-07-08,475.0,8.0,2463.14,3.0,3.0,5.0,11.0,Loyal Customers,0,2026-03-30
C07902,Germany,60,Other,Free,2025-10-20,,,,,,,,No orders in window,0,2026-03-30
C07903,Australia,26,Male,Platinum,2023-08-09,824.0,5.0,763.73,2.0,3.0,5.0,10.0,At Risk,0,2026-03-30
C07904,Mexico,18,Male,Platinum,2026-01-08,394.0,1.0,171.2,3.0,3.0,2.0,8.0,Loyal Customers,0,2026-03-30
C07905,Germany,39,Female,Free,2026-02-26,133.0,3.0,517.53,5.0,3.0,4.0,12.0,Loyal Customers,0,2026-03-30
C07906,India,21,Female,Free,2025-04-28,420.0,4.0,603.9300000000001,3.0,3.0,4.0,10.0,Loyal Customers,0,2026-03-30
C07907,India,22,Male,Free,2024-10-04,790.0,3.0,138.22,2.0,3.0,1.0,6.0,Regular,0,2026-03-30
C07908,United States,28,Male,Free,2024-06-19,234.0,3.0,521.47,4.0,3.0,4.0,11.0,Loyal Customers,0,2026-03-30
C07909,Japan,53,Male,Free,2025-07-25,393.0,3.0,247.14,3.0,3.0,2.0,8.0,Loyal Customers,0,2026-03-30
C07910,United Kingdom,37,Male,Silver,2024-06-16,1496.0,3.0,299.55,1.0,3.0,3.0,7.0,At Risk,0,2026-03-30
C07911,Australia,59,Male,Free,2024-07-20,341.0,3.0,492.89,4.0,3.0,4.0,11.0,Loyal Customers,0,2026-03-30
C07912,France,51,Female,Silver,2024-04-05,49.0,5.0,1703.24,5.0,3.0,5.0,13.0,Loyal Customers,0,2026-03-30
C07913,United States,52,Male,Free,2022-01-06,303.0,2.0,451.52,4.0,3.0,4.0,11.0,Loyal Customers,0,2026-03-30
C07914,Germany,31,Male,Free,2025-03-17,655.0,5.0,1339.16,2.0,3.0,5.0,10.0,At Risk,0,2026-03-30
C07915,United Kingdom,55,Male,Free,2025-02-09,346.0,4.0,177.76,4.0,3.0,2.0,9.0,Loyal Customers,0,2026-03-30
C07916,Turkey,29,Other,Silver,2023-02-09,59.0,5.0,417.36,5.0,3.0,4.0,12.0,Loyal Customers,0,2026-03-30
C07917,Mexico,27,Male,Silver,2026-03-16,47.0,2.0,392.47,5.0,3.0,3.0,11.0,Loyal Customers,0,2026-03-30
C07918,Singapore,26,Male,Silver,2026-02-07,607.0,3.0,206.81,3.0,3.0,2.0,8.0,Loyal Customers,0,2026-03-30
C07919,Australia,28,Female,Free,2025-09-29,153.0,5.0,499.86,4.0,3.0,4.0,11.0,Loyal Customers,0,2026-03-30
C07920,Spain,40,Female,Free,2025-04-15,,,,,,,,No orders in window,0,2026-03-30
C07921,Brazil,35,Male,Gold,2026-03-17,55.0,2.0,157.88,5.0,3.0,2.0,10.0,Loyal Customers,0,2026-03-30
C07922,Canada,25,Female,Free,2024-05-23,1344.0,2.0,161.01,1.0,3.0,2.0,6.0,Regular,0,2026-03-30
C07923,Brazil,43,Female,Platinum,2025-08-11,552.0,3.0,147.97,3.0,3.0,2.0,8.0,Loyal Customers,0,2026-03-30
C07924,Poland,38,Female,Free,2023-05-18,,,,,,,,No orders in window,0,2026-03-30
C07925,United States,18,Female,Silver,2023-07-18,319.0,1.0,11.66,4.0,3.0,1.0,8.0,Loyal Customers,0,2026-03-30
C07926,Brazil,28,Female,Platinum,2025-12-12,801.0,2.0,162.88,2.0,3.0,2.0,7.0,Regular,0,2026-03-30
C07927,India,35,Female,Silver,2026-01-12,230.0,4.0,175.12,4.0,3.0,2.0,9.0,Loyal Customers,0,2026-03-30
C07928,Germany,25,Female,Free,2025-03-13,210.0,4.0,477.91,4.0,3.0,4.0,11.0,Loyal Customers,0,2026-03-30
C07929,Australia,48,Female,Free,2023-08-06,1034.0,3.0,351.73,2.0,3.0,3.0,8.0,At Risk,0,2026-03-30
C07930,United States,38,Male,Silver,2024-11-21,876.0,2.0,64.77000000000001,2.0,3.0,1.0,6.0,Regular,0,2026-03-30
C07931,India,64,Female,Gold,2024-05-23,1792.0,1.0,47.23,1.0,3.0,1.0,5.0,Regular,0,2026-03-30
C07932,Turkey,42,Male,Gold,2025-03-13,474.0,2.0,484.58,3.0,3.0,4.0,10.0,Loyal Customers,1,2026-03-30
C07933,United States,33,Male,Free,2025-08-08,247.0,3.0,298.87,4.0,3.0,3.0,10.0,Loyal Customers,0,2026-03-30
C07934,France,42,Female,Free,2023-05-04,655.0,2.0,115.53,2.0,3.0,1.0,6.0,Regular,0,2026-03-30
C07935,France,21,Female,Gold,2025-11-20,599.0,2.0,36.91,3.0,3.0,1.0,7.0,Loyal Customers,0,2026-03-30
C07936,United States,34,Female,Gold,2025-12-02,943.0,3.0,200.47,2.0,3.0,2.0,7.0,Regular,0,2026-03-30
C07937,Mexico,50,Female,Free,2025-09-25,396.0,4.0,478.52,3.0,3.0,4.0,10.0,Loyal Customers,0,2026-03-30
C07938,Brazil,44,Male,Silver,2025-06-02,554.0,5.0,571.54,3.0,3.0,4.0,10.0,Loyal Customers,0,2026-03-30
C07939,United States,23,Female,Platinum,2025-11-01,640.0,2.0,395.2,2.0,3.0,3.0,8.0,At Risk,0,2026-03-30
C07940,United Kingdom,18,Female,Silver,2023-08-20,392.0,3.0,261.09,3.0,3.0,3.0,9.0,Loyal Customers,0,2026-03-30
C07941,Mexico,30,Female,Free,2025-09-19,501.0,2.0,198.02,3.0,3.0,2.0,8.0,Loyal Customers,0,2026-03-30
C07942,United States,37,Male,Free,2024-06-13,1932.0,2.0,196.62,1.0,3.0,2.0,6.0,Regular,0,2026-03-30
C07943,Spain,43,Female,Gold,2024-03-18,227.0,7.0,1011.36,4.0,3.0,5.0,12.0,Loyal Customers,0,2026-03-30
C07944,Australia,18,Male,Platinum,2024-12-21,652.0,5.0,699.04,2.0,3.0,5.0,10.0,At Risk,0,2026-03-30
C07945,Italy,27,Male,Silver,2024-08-10,1626.0,1.0,58.01,1.0,3.0,1.0,5.0,Regular,0,2026-03-30
C07946,France,34,Male,Free,2025-08-18,141.0,5.0,484.36,5.0,3.0,4.0,12.0,Loyal Customers,0,2026-03-30
C07947,United Kingdom,18,Male,Silver,2025-04-30,113.0,5.0,688.39,5.0,3.0,5.0,13.0,Loyal Customers,0,2026-03-30
C07948,United States,18,Male,Gold,2023-08-12,95.0,5.0,1075.77,5.0,3.0,5.0,13.0,Loyal Customers,0,2026-03-30
C07949,Sweden,26,Female,Platinum,2025-12-26,275.0,2.0,684.09,4.0,3.0,5.0,12.0,Loyal Customers,0,2026-03-30
C07950,United Kingdom,35,Female,Free,2025-04-08,562.0,2.0,317.51,3.0,3.0,3.0,9.0,Loyal Customers,0,2026-03-30
C07951,United States,40,Male,Free,2025-10-10,1658.0,1.0,67.84,1.0,3.0,1.0,5.0,Regular,0,2026-03-30
C07952,France,41,Female,Silver,2024-08-08,792.0,5.0,440.69,2.0,3.0,4.0,9.0,At Risk,0,2026-03-30
C07953,United States,46,Male,Platinum,2025-09-23,1168.0,2.0,277.11,1.0,3.0,3.0,7.0,At Risk,0,2026-03-30
C07954,United Kingdom,42,Female,Free,2024-10-18,52.0,2.0,267.33,5.0,3.0,3.0,11.0,Loyal Customers,0,2026-03-30
C07955,United States,44,Male,Silver,2024-08-05,1186.0,2.0,222.35,1.0,3.0,2.0,6.0,Regular,0,2026-03-30
C07956,Canada,45,Female,Free,2025-09-28,1269.0,3.0,343.20000000000005,1.0,3.0,3.0,7.0,At Risk,0,2026-03-30
C07957,South Korea,21,Male,Free,2020-06-06,77.0,2.0,181.35,5.0,3.0,2.0,10.0,Loyal Customers,0,2026-03-30
C07958,Canada,48,Female,Silver,2023-03-17,931.0,7.0,909.49,2.0,3.0,5.0,10.0,At Risk,0,2026-03-30
C07959,Singapore,35,Male,Free,2025-07-18,286.0,3.0,195.96,4.0,3.0,2.0,9.0,Loyal Customers,0,2026-03-30
C07960,Brazil,19,Female,Gold,2025-09-27,288.0,4.0,591.76,4.0,3.0,4.0,11.0,Loyal Customers,0,2026-03-30
C07961,Canada,37,Female,Free,2023-12-16,49.0,1.0,46.77,5.0,3.0,1.0,9.0,Loyal Customers,1,2026-03-30
C07962,India,51,Male,Free,2023-07-17,118.0,4.0,272.25,5.0,3.0,3.0,11.0,Loyal Customers,0,2026-03-30
C07963,India,58,Male,Free,2026-03-06,800.0,3.0,262.12,2.0,3.0,3.0,8.0,At Risk,1,2026-03-30
C07964,India,26,Female,Free,2022-04-28,22.0,4.0,374.84,5.0,3.0,3.0,11.0,Loyal Customers,0,2026-03-30
C07965,South Africa,18,Female,Platinum,2024-01-07,61.0,5.0,497.18,5.0,3.0,4.0,12.0,Loyal Customers,0,2026-03-30
C07966,Brazil,38,Male,Gold,2024-01-10,486.0,3.0,395.9,3.0,3.0,3.0,9.0,Loyal Customers,0,2026-03-30
C07967,United States,29,Female,Silver,2024-12-23,135.0,6.0,763.63,5.0,3.0,5.0,13.0,Loyal Customers,0,2026-03-30
C07968,India,45,Female,Gold,2025-11-11,145.0,2.0,135.59,5.0,3.0,1.0,9.0,Loyal Customers,0,2026-03-30
C07969,Mexico,36,Female,Gold,2025-12-10,94.0,3.0,226.39,5.0,3.0,2.0,10.0,Loyal Customers,0,2026-03-30
C07970,Spain,51,Female,Platinum,2024-02-11,119.0,4.0,199.24,5.0,3.0,2.0,10.0,Loyal Customers,0,2026-03-30
C07971,Mexico,35,Female,Silver,2026-02-08,91.0,5.0,203.21,5.0,3.0,2.0,10.0,Loyal Customers,0,2026-03-30
C07972,United States,45,Male,Gold,2022-04-21,1391.0,1.0,27.0,1.0,3.0,1.0,5.0,Regular,0,2026-03-30
C07973,France,44,Female,Free,2025-08-29,192.0,4.0,169.02,4.0,3.0,2.0,9.0,Loyal Customers,0,2026-03-30
C07974,Mexico,35,Female,Free,2025-04-01,893.0,3.0,100.83,2.0,3.0,1.0,6.0,Regular,0,2026-03-30
C07975,Germany,22,Male,Free,2024-12-18,794.0,2.0,651.77,2.0,3.0,5.0,10.0,At Risk,0,2026-03-30
C07976,Netherlands,34,Female,Free,2023-01-22,747.0,3.0,304.39000000000004,2.0,3.0,3.0,8.0,At Risk,0,2026-03-30
C07977,France,18,Male,Free,2025-07-25,1304.0,3.0,446.58,1.0,3.0,4.0,8.0,At Risk,1,2026-03-30
C07978,United States,35,Male,Gold,2025-12-09,,,,,,,,No orders in window,0,2026-03-30
C07979,Netherlands,47,Female,Gold,2025-10-29,218.0,3.0,186.77,4.0,3.0,2.0,9.0,Loyal Customers,0,2026-03-30
C07980,Germany,50,Female,Silver,2025-11-22,,,,,,,,No orders in window,0,2026-03-30
C07981,United States,56,Male,Silver,2025-07-12,870.0,5.0,799.51,2.0,3.0,5.0,10.0,At Risk,0,2026-03-30
C07982,United States,31,Female,Platinum,2023-02-13,,,,,,,,No orders in window,0,2026-03-30
C07983,Italy,39,Male,Free,2025-11-24,59.0,5.0,215.27,5.0,3.0,2.0,10.0,Loyal Customers,0,2026-03-30
C07984,France,47,Female,Free,2025-11-25,13.0,5.0,496.08,5.0,3.0,4.0,12.0,Loyal Customers,0,2026-03-30
C07985,Japan,33,Male,Silver,2025-08-22,1839.0,1.0,32.0,1.0,3.0,1.0,5.0,Regular,0,2026-03-30
C07986,United States,20,Female,Gold,2025-12-28,266.0,7.0,871.46,4.0,3.0,5.0,12.0,Loyal Customers,0,2026-03-30
C07987,United States,22,Female,Free,2026-02-15,67.0,9.0,1313.38,5.0,3.0,5.0,13.0,Loyal Customers,0,2026-03-30
C07988,United Kingdom,34,Male,Free,2024-12-12,933.0,2.0,90.2,2.0,3.0,1.0,6.0,Regular,0,2026-03-30
C07989,Germany,52,Other,Silver,2022-01-14,406.0,2.0,57.08,3.0,3.0,1.0,7.0,Loyal Customers,0,2026-03-30
C07990,United States,18,Female,Free,2026-02-09,1038.0,2.0,150.5,2.0,3.0,2.0,7.0,Regular,0,2026-03-30
C07991,United States,55,Female,Silver,2024-06-29,417.0,3.0,210.55,3.0,3.0,2.0,8.0,Loyal Customers,0,2026-03-30
C07992,United States,61,Male,Free,2024-01-23,253.0,1.0,274.56,4.0,3.0,3.0,10.0,Loyal Customers,0,2026-03-30
C07993,Netherlands,49,Female,Free,2026-03-27,264.0,2.0,344.20000000000005,4.0,3.0,3.0,10.0,Loyal Customers,0,2026-03-30
C07994,United States,53,Male,Free,2026-03-27,1437.0,5.0,880.3,1.0,3.0,5.0,9.0,At Risk,0,2026-03-30
C07995,United Kingdom,55,Female,Free,2025-02-05,1877.0,1.0,12.26,1.0,3.0,1.0,5.0,Regular,0,2026-03-30
C07996,United States,36,Male,Gold,2025-07-09,653.0,3.0,319.93,2.0,3.0,3.0,8.0,At Risk,1,2026-03-30
C07997,India,42,Male,Free,2025-06-28,274.0,4.0,765.05,4.0,3.0,5.0,12.0,Loyal Customers,0,2026-03-30
C07998,India,34,Male,Platinum,2026-02-01,361.0,1.0,34.41,3.0,3.0,1.0,7.0,Loyal Customers,0,2026-03-30
C07999,Japan,44,Female,Free,2026-01-15,1057.0,3.0,123.24,1.0,3.0,1.0,5.0,Regular,0,2026-03-30
C08000,Poland,37,Female,Gold,2022-07-17,,,,,,,,No orders in window,0,2026-03-30
